idx,lat,lng,driving_o0,cycling_o0,transit_o0,walking_o0,driving_o1,driving_o2,driving_o3,n_modes_anom,n_origins_anom
0,51.57221,-0.05059,6.0,,0.0,,4.0,3.0,2.5,0,0
1,51.46605,-0.16902,0.0,0.5,-3.5,-2.0,-0.5,-1.0,-1.5,0,0
2,51.54267,-0.05963,2.5,0.5,-1.0,,2.0,0.0,1.0,0,0
3,51.48372,-0.13139,-1.5,-2.0,-0.5,3.0,-0.5,0.0,-0.5,0,0
4,51.4714,-0.0537,-0.5,0.5,-1.0,,0.0,0.0,-1.0,0,0
5,51.48243,-0.15909,1.5,-1.5,0.0,3.0,1.0,1.5,1.0,0,0
6,51.54393,-0.03193,-2.5,,0.0,,-1.0,0.0,-1.0,0,0
7,51.45503,-0.06365,-1.0,-1.0,-0.5,,0.0,-0.5,-1.0,0,0
8,51.56106,0.05485,3.0,,7.0,,2.5,-1.0,2.5,0,0
9,51.4195,-0.14346,0.0,-1.5,-3.5,0.5,0.0,0.0,1.0,0,0
10,51.53153,0.04576,-1.0,,-0.5,,-1.0,0.0,0.0,0,0
11,51.43717,-0.10586,0.0,2.0,-2.5,2.5,0.0,0.0,0.0,0,0
12,51.56445,-0.10473,-2.0,-0.5,-3.5,,-1.5,-2.0,-2.5,0,0
13,51.43588,-0.13353,0.0,-0.5,2.5,-2.0,0.0,1.0,0.5,0,0
14,51.43056,-0.19053,2.5,7.0,10.0,10.0,0.5,1.5,1.5,0,0
15,51.5365,-0.19359,0.5,-0.5,-5.5,,1.0,-0.5,-1.5,0,0
16,51.4771,-0.21614,-0.5,0.5,-4.5,3.0,-0.5,0.0,0.0,0,0
17,51.48901,-0.01607,-0.5,0.5,-2.5,,-0.5,-0.5,-1.0,0,0
18,51.54095,-0.15496,-0.5,-2.5,-0.5,,1.0,0.5,0.0,0,0
19,51.50661,0.02157,5.0,,2.0,,5.0,5.0,5.0,0,0
20,51.53046,-0.15235,-0.5,2.0,1.5,,-0.5,-0.5,1.0,0,0
21,51.50536,-0.0061,-1.0,4.0,3.5,,-1.0,-1.0,0.0,0,0
22,51.50788,-0.00905,0.0,-1.0,-2.5,,0.0,0.0,-1.0,0,0
23,51.50913,0.01862,-2.0,,-3.5,,-2.0,-1.0,-2.0,0,0
24,51.49153,-0.01902,1.0,-0.5,-2.5,,1.0,0.5,0.5,0,0
25,51.4384,-0.13648,0.0,0.5,3.0,2.0,0.0,0.5,0.5,0,0
26,51.43969,-0.10882,0.0,-2.0,-0.5,-1.5,-0.5,0.5,0.0,0,0
27,51.42202,-0.14641,0.5,-1.0,3.0,1.0,0.0,0.0,0.0,0,0
28,51.42331,-0.11875,0.0,3.5,-5.0,5.5,0.0,-1.0,-0.5,0,0
29,51.48494,-0.16205,-0.5,2.0,0.0,0.0,-1.0,-1.0,-1.5,0,0
30,51.56793,0.09048,2.0,,2.5,,1.0,1.0,1.0,0,0
31,51.48623,-0.13435,0.5,2.5,-1.5,,-1.0,0.5,-0.5,0,0
32,51.46857,-0.17198,0.0,-1.0,-3.0,0.5,0.0,0.0,0.5,0,0
33,51.46986,-0.14429,0.0,0.0,3.0,2.5,-0.5,1.0,0.0,0,0
34,51.57473,-0.05354,-1.5,,2.5,,-1.5,-6.0,-5.5,0,0
35,51.53276,-0.15993,2.0,4.5,3.5,,1.0,2.5,1.0,0,0
36,51.57598,-0.02583,0.5,,5.0,,0.5,0.0,0.5,0,0
37,51.53147,-0.18766,0.0,-1.5,-3.5,,0.0,-0.5,0.0,0,0
38,51.54518,-0.06258,0.0,0.0,2.5,,0.0,-0.5,-1.0,0,0
39,51.54324,-0.16254,-1.0,0.0,1.0,,-1.0,-0.5,0.0,0,0
40,51.47391,-0.05665,-1.0,-1.0,-3.0,,0.5,-1.0,-1.0,0,0
41,51.48256,-0.21283,-1.5,-0.5,-2.0,,-1.5,-1.5,-1.0,0,0
42,51.54196,-0.19027,0.0,-1.0,0.0,,0.5,0.0,0.0,0,0
43,51.54644,-0.03488,1.0,,0.5,,1.0,1.0,1.5,0,0
44,51.47518,-0.02898,-2.0,3.5,-3.0,,-1.0,-2.5,-3.5,0,0
45,51.49894,-0.2029,0.5,1.0,2.0,,0.0,2.0,1.0,0,0
46,51.45755,-0.0666,0.0,2.5,0.0,,0.0,0.0,0.0,0,0
47,51.56357,0.0519,2.0,,2.5,,3.0,0.5,3.0,0,0
48,51.5648,0.07959,0.0,,2.5,,0.5,0.5,0.5,0,0
49,51.43602,-0.18722,-0.5,0.0,-4.5,1.0,-1.5,-1.5,-1.5,0,0
50,51.53405,0.04282,-0.5,,-1.0,,-0.5,0.5,0.5,0,0
51,51.53528,0.07049,0.5,,0.0,,0.0,0.0,0.0,0,0
52,51.56697,-0.10769,-0.5,,-3.0,,-0.5,-1.0,-0.5,0,0
53,51.4524,-0.17729,-1.0,-2.0,-3.0,-4.5,-0.5,-1.0,-1.0,0,0
54,51.43307,-0.19349,2.0,3.5,10.5,10.0,-0.5,2.0,1.5,1,0
55,51.50921,-0.21014,-1.0,-1.0,-0.5,,1.0,0.5,1.0,0,0
56,51.53901,-0.19655,0.0,0.0,1.0,,-1.0,1.0,1.0,0,0
57,51.47962,-0.2191,-0.5,0.0,-4.0,,0.0,0.0,0.0,0,0
58,51.54346,-0.15792,0.5,2.5,-4.5,,-1.0,0.0,-0.5,0,0
59,51.52264,-0.20649,-1.0,0.0,1.0,,-0.5,1.0,0.5,0,0
60,51.53298,-0.15531,4.0,10.0,3.5,,2.5,3.5,1.5,0,0
61,51.50682,0.02618,4.5,,2.0,,4.5,6.0,5.5,0,0
62,51.48608,-0.02234,-3.5,10.5,4.5,,1.0,1.5,2.0,1,0
63,51.43739,-0.10125,-0.5,1.0,2.5,0.5,0.0,-1.0,-1.0,0,0
64,51.41656,-0.14972,-0.5,-1.0,-2.5,-2.5,-0.5,-0.5,-1.5,0,0
65,51.48393,-0.12678,0.5,1.0,-4.5,-3.0,0.0,0.0,0.0,0,0
66,51.46311,-0.17529,0.5,-1.0,0.5,-2.5,0.0,0.0,0.5,0,0
67,51.56676,-0.11231,-0.5,,-1.0,,-0.5,-0.5,0.5,0,0
68,51.46756,-0.13672,0.0,-0.5,0.5,1.0,0.5,0.5,0.5,0,0
69,51.56548,-0.14004,-1.0,,-2.0,,-1.0,-1.5,-1.5,0,0
70,51.56928,-0.05687,0.0,,1.0,,0.5,0.0,0.0,0,0
71,51.57367,-0.01826,1.0,,1.0,,-0.5,0.0,1.0,0,0
72,51.54414,-0.02731,0.5,,-3.0,,-1.0,0.0,0.0,0,0
73,51.45209,-0.06992,1.0,1.0,5.0,,2.0,1.0,1.0,0,0
74,51.55813,0.04857,-1.0,,-1.5,,-1.0,-1.0,-1.0,0,0
75,51.5382,0.07677,0.5,,-0.5,,1.0,0.0,0.0,0,0
76,51.56249,0.08715,0.0,,2.0,,0.0,0.5,0.0,0,0
77,51.53384,0.0382,-0.5,,-2.5,,-0.5,-1.0,-1.0,0,0
78,51.43077,-0.18591,-0.5,-0.5,1.0,-1.5,0.5,-0.5,0.0,0,0
79,51.55453,0.08676,-1.0,,0.5,,-0.5,-1.0,-1.5,0,0
80,51.50692,-0.20256,-0.5,-1.0,1.0,,-0.5,0.0,0.5,0,0
81,51.56337,0.04729,0.0,,0.0,,1.5,1.5,1.5,0,0
82,51.53672,-0.18896,1.0,-1.0,3.0,,0.0,1.0,1.5,0,0
83,51.47732,-0.21152,-1.0,0.5,3.5,-2.0,0.0,-0.5,-1.5,0,0
84,51.538,-0.16124,0.5,-2.0,1.5,,1.5,1.0,1.5,0,0
85,51.52444,-0.05279,0.0,-1.0,-3.0,,-0.5,-1.0,-0.5,0,0
86,51.52034,-0.1989,1.0,2.0,-2.0,,1.0,1.5,2.0,0,0
87,51.46615,-0.0524,-0.5,-1.5,1.0,,0.0,0.5,1.0,0,0
88,51.51815,-0.01624,-1.0,1.0,1.0,,-0.5,-0.5,0.0,0,0
89,51.45734,-0.07121,-1.5,-2.0,2.0,,-2.0,-0.5,-1.0,0,0
90,51.50933,0.02323,-2.0,,0.5,,-2.0,-0.5,-1.5,0,0
91,51.54937,-0.0286,0.0,,-1.5,,0.0,-0.5,-0.5,0,0
92,51.48859,-0.02529,5.5,1.5,3.0,,0.5,-0.5,0.0,0,0
93,51.4737,-0.06126,-0.5,2.5,-0.5,,0.0,-1.0,-1.0,0,0
94,51.54497,-0.0672,0.0,1.5,2.0,,-0.5,0.5,1.5,0,0
95,51.56571,-0.01863,0.0,,-1.5,,1.0,-1.0,0.5,0,0
96,51.43107,-0.12301,-2.0,-2.5,-2.0,-2.0,-2.0,0.5,0.5,0,0
97,51.57452,-0.05816,0.5,,2.0,,-0.5,2.0,2.0,0,0
98,51.4399,-0.10421,-0.5,-2.0,-1.0,-2.5,-1.0,0.5,-0.5,0,0
99,51.41907,-0.15268,-0.5,-2.5,1.5,-3.0,-0.5,0.0,0.0,0,0
100,51.49521,-0.16927,-0.5,0.5,-0.5,,0.0,0.0,-1.0,0,0
101,51.5782,0.08331,-0.5,,2.0,,-0.5,-0.5,-0.5,0,0
102,51.48645,-0.12974,3.0,6.5,4.0,,2.0,0.0,1.0,0,0
103,51.47869,-0.12548,0.5,-1.0,-2.0,1.0,1.5,1.0,0.5,0,0
104,51.46562,-0.17825,0.0,0.0,0.0,-1.5,0.0,1.0,1.0,0,0
105,51.46835,-0.17659,3.0,0.0,1.0,-0.5,3.0,2.5,3.0,0,0
106,51.47008,-0.13968,-0.5,0.5,-2.0,-2.5,-0.5,-1.0,-0.5,0,0
107,51.48917,-0.12808,2.0,-3.0,1.0,,-0.5,-1.0,-1.5,0,0
108,51.5718,-0.05982,1.0,,-1.0,,-0.5,0.5,0.5,0,0
109,51.56772,0.08587,0.5,,0.0,,1.0,1.0,1.0,0,0
110,51.48473,-0.16666,0.0,-2.5,-0.5,-1.5,0.5,1.0,0.5,0,0
111,51.57619,-0.02121,0.5,,-1.5,,1.0,0.0,0.0,0,0
112,51.55545,-0.06979,0.0,2.0,1.0,,0.5,-1.0,-0.5,0,0
113,51.4218,-0.15102,0.0,1.0,-2.0,-1.5,0.0,-0.5,-1.0,0,0
114,51.48418,-0.06385,0.0,0.5,-5.0,,0.0,0.5,0.0,0,0
115,51.44263,-0.10255,1.0,1.0,4.5,4.0,1.0,1.0,1.5,0,0
116,51.54665,-0.03027,0.0,,-1.5,,0.0,-3.0,-2.5,0,0
117,51.43818,-0.1411,-0.5,-1.5,3.5,2.0,-0.5,2.0,2.0,0,0
118,51.45461,-0.07287,0.0,-0.5,0.5,,-1.0,0.0,-1.0,0,0
119,51.50012,-0.00481,5.0,0.0,2.5,,2.0,4.5,3.5,0,0
120,51.56065,0.04562,0.5,,0.5,,1.0,1.0,1.0,0,0
121,51.49132,-0.02363,-2.5,-0.5,-2.5,,-2.5,-2.0,-2.0,0,0
122,51.565,0.0842,-0.5,,1.5,,-1.0,-1.0,-1.0,0,0
123,51.51206,0.0249,0.5,,-2.0,,0.5,-1.0,1.0,0,0
124,51.54432,0.03563,-1.0,,-1.5,,0.5,0.0,0.0,0,0
125,51.50767,-0.01366,1.0,0.0,0.0,,1.0,-1.0,0.0,0,0
126,51.53548,0.0751,-1.0,,2.5,,-0.5,0.0,0.0,0,0
127,51.59083,0.0102,-1.0,,4.5,,-2.0,0.0,-2.0,0,0
128,51.43329,-0.18887,-1.5,-1.5,-4.5,-4.0,-0.5,-1.0,-1.5,0,0
129,51.50943,-0.20552,1.0,2.0,-1.5,,-0.5,0.0,0.5,0,0
130,51.53923,-0.19193,0.0,-1.0,1.0,,-0.5,-1.0,0.0,0,0
131,51.47983,-0.21449,0.0,2.5,3.0,4.0,0.0,0.5,0.5,0,0
132,51.54052,-0.1642,0.5,0.5,4.0,,0.0,1.0,1.0,0,0
133,51.52213,-0.04522,-0.5,1.5,-4.5,,-1.0,-1.0,-0.5,0,0
134,51.52286,-0.20187,-0.5,-1.5,-2.0,,-1.0,0.0,-0.5,0,0
135,51.51269,-0.07789,-0.5,1.0,2.0,,1.5,0.0,0.0,0,0
136,51.52415,-0.17414,-1.0,1.0,-0.5,,0.0,-1.0,-1.0,0,0
137,51.51584,-0.00868,0.0,,5.0,,0.0,-2.0,-1.0,0,0
138,51.48629,-0.01773,5.5,0.5,0.5,,1.0,2.0,2.0,0,0
139,51.53025,-0.15697,1.0,-2.5,3.5,,2.0,0.0,1.0,0,0
140,51.42877,-0.11544,1.0,0.0,-2.5,1.5,1.0,1.0,0.0,0,0
141,51.52896,-0.18469,-1.0,-2.5,-5.0,,-1.0,0.5,0.5,0,0
142,51.41677,-0.14511,1.5,1.0,1.5,3.0,1.5,1.5,2.0,0,0
143,51.49292,-0.16169,-1.0,0.0,-1.0,,0.5,0.0,0.5,0,0
144,51.46332,-0.17067,-0.5,1.5,2.0,2.5,0.5,0.5,0.5,0,0
145,51.48005,-0.20987,0.5,-1.5,4.0,3.0,0.5,0.5,1.0,0,0
146,51.53944,-0.18731,-1.0,0.0,-1.5,,0.0,0.5,-0.5,0,0
147,51.46462,-0.14299,-1.0,0.5,-2.5,-0.5,0.0,0.5,0.5,0,0
148,51.56949,-0.05225,-0.5,,3.0,,-1.0,2.0,2.0,0,0
149,51.49643,-0.19994,0.5,0.0,3.5,,1.5,1.0,2.0,0,0
150,51.57074,-0.02454,0.5,,-3.0,,-1.0,0.5,0.0,0,0
151,51.55315,-0.06222,-0.5,0.0,1.0,,0.0,1.5,0.5,0,0
152,51.48188,-0.05628,2.0,3.5,5.0,,1.5,-0.5,0.0,0,0
153,51.4335,-0.18426,-1.0,-2.0,-4.5,-2.5,-0.5,0.0,-0.5,0,0
154,51.55834,0.05319,-0.5,,1.0,,0.5,0.5,0.5,0,0
155,51.55956,0.08087,0.0,,-0.5,,0.0,0.5,0.0,0,0
156,51.54201,0.0432,-1.0,,0.5,,-1.0,-0.5,-0.5,0,0
157,51.44989,-0.17433,0.0,-2.0,-3.5,-4.0,1.0,0.0,0.5,0,0
158,51.58852,0.01777,1.0,,3.5,,0.0,1.0,1.5,0,0
159,51.50397,-0.20883,0.5,2.0,-0.5,,-0.5,0.0,0.5,0,0
160,51.53822,-0.15662,1.0,2.5,-0.5,,1.0,0.5,0.5,0,0
161,51.52465,-0.04817,1.0,-1.0,2.0,,-0.5,-0.5,0.0,0,0
162,51.5174,-0.20518,0.0,-0.5,2.0,,-0.5,0.0,0.0,0,0
163,51.50388,-0.09671,0.0,-2.0,-2.0,,-0.5,1.5,1.5,0,0
164,51.52185,-0.16656,-0.5,-0.5,-1.0,,-0.5,-1.0,-1.0,0,0
165,51.51836,-0.01163,-1.0,,1.5,,-0.5,-1.0,0.0,0,0
166,51.5196,0.01605,2.0,,-5.0,,2.0,3.0,2.0,0,0
167,51.4888,-0.02068,-0.5,-0.5,-1.0,,-1.5,-1.0,-1.0,0,0
168,51.43128,-0.1184,-1.5,-1.5,3.5,-0.5,-0.5,-0.5,0.5,0,0
169,51.41929,-0.14807,0.0,-0.5,-5.0,0.5,0.0,-0.5,-1.0,0,0
170,51.49543,-0.16466,0.5,-2.0,3.5,,0.5,0.5,1.0,0,0
171,51.56424,-0.10935,-0.5,,-3.0,,0.0,1.0,0.5,0,0
172,51.49672,-0.13696,0.5,-0.5,0.0,,0.5,0.5,0.0,0,0
173,51.56297,-0.13707,1.0,,-2.0,,0.0,-1.0,0.0,0,0
174,51.46584,-0.17363,0.5,-0.5,1.5,1.5,0.0,-0.5,-0.5,0,0
175,51.46713,-0.14595,0.0,-0.5,2.5,2.0,-0.5,-1.0,-0.5,0,0
176,51.57201,-0.05521,1.5,,0.0,,2.5,1.5,2.5,0,0
177,51.57326,-0.02749,1.0,,-5.0,,0.0,1.0,0.0,0,0
178,51.55566,-0.06518,3.0,,1.0,,2.0,-0.5,-1.0,0,0
179,51.48439,-0.05923,0.5,1.0,-1.5,,0.0,1.0,1.0,0,0
180,51.55692,-0.03747,-1.0,,0.5,,-1.0,0.5,0.5,0,0
181,51.53132,0.04115,0.0,,0.5,,0.0,0.0,0.0,0,0
182,51.48566,-0.03156,0.0,-1.0,0.0,,-1.0,-1.0,-1.5,0,0
183,51.55201,0.08971,1.0,,-0.5,,0.5,1.0,0.5,0,0
184,51.45482,-0.06826,1.0,-0.5,2.5,,-1.0,0.5,1.0,0,0
185,51.56085,0.05024,-1.0,,-2.0,,-1.5,-1.5,-1.5,0,0
186,51.56208,0.07792,-1.0,,1.0,,-1.0,-2.0,-1.0,0,0
187,51.54452,0.04025,1.5,,3.5,,0.5,1.0,1.0,0,0
188,51.54575,0.06793,1.5,,-2.5,,0.5,-3.0,0.5,0,0
189,51.57871,-0.08256,0.5,,-0.5,,-0.5,-0.5,-0.5,0,0
190,51.59104,0.01482,1.0,,3.0,,0.0,0.5,1.5,0,0
191,51.46364,-0.04945,1.0,1.5,8.5,,1.5,1.0,0.5,0,0
192,51.50648,-0.2118,1.5,-1.0,-1.5,,1.0,1.0,0.0,0,0
193,51.54949,-0.19917,2.0,2.5,4.5,,2.0,1.5,1.5,0,0
194,51.4901,-0.22172,-0.5,-2.5,2.5,,1.5,1.0,0.5,0,0
195,51.54686,-0.02565,2.0,,-4.5,,1.5,3.0,3.0,0,0
196,51.54073,-0.15958,0.5,1.5,-1.0,,-0.5,0.0,0.5,0,0
197,51.47118,-0.05831,1.5,-1.5,-0.5,,1.5,0.0,0.5,0,0
198,51.54246,-0.06424,-0.5,-1.5,1.5,,-0.5,1.0,0.0,0,0
199,51.5632,-0.01567,-1.5,,-4.5,,-0.5,-2.0,-1.5,0,0
200,51.5192,-0.0515,-1.0,0.0,3.5,,0.0,0.0,0.5,0,0
201,51.51991,-0.20814,2.0,2.5,0.5,,2.0,2.0,2.0,0,0
202,51.50158,-0.08914,-1.0,0.5,-1.5,,0.0,-1.5,-1.5,0,0
203,51.52437,-0.16953,0.0,-2.0,1.5,,-0.5,0.5,0.0,0,0
204,51.51291,-0.01495,0.5,-1.5,2.5,,1.0,0.0,1.0,0,0
205,51.5173,0.02361,-1.5,,2.5,,-1.5,-0.5,-1.5,0,0
206,51.42583,-0.12171,0.0,0.0,1.0,-2.5,0.0,0.0,0.0,0,0
207,51.47618,-0.12252,-1.0,0.5,-1.0,0.0,-1.0,-1.5,-1.5,0,0
208,51.48997,-0.16797,1.0,-1.5,2.5,,0.5,1.5,1.0,0,0
209,51.57296,0.08459,-1.0,,-2.5,,-1.0,-1.0,-1.0,0,0
210,51.49442,-0.12938,-1.0,-0.5,0.0,,-1.0,-1.0,0.0,0,0
211,51.48666,-0.12512,-2.0,0.5,-5.5,2.0,-2.0,-1.0,-2.0,0,0
212,51.46483,-0.13838,1.0,-0.5,-1.5,0.0,-0.5,3.0,2.0,0,0
213,51.56521,0.08881,-1.0,,3.0,,-0.5,-0.5,-1.0,0,0
214,51.48221,-0.1637,1.0,0.0,4.0,-0.5,2.0,-0.5,-1.0,0,0
215,51.57095,-0.01992,0.0,,0.5,,3.0,0.0,-0.5,0,0
216,51.55021,-0.0685,0.0,-1.0,1.5,,-0.5,-0.5,-1.0,0,0
217,51.47894,-0.06255,-1.0,-1.0,0.0,,-0.5,-0.5,0.0,0,0
218,51.55461,-0.0299,4.0,,-0.5,,4.0,4.5,4.5,0,0
219,51.44012,-0.0996,0.0,-1.5,-1.5,-5.0,-0.5,0.5,1.0,0,0
220,51.48335,-0.024,-0.5,-1.0,-1.5,,0.5,0.5,1.0,0,0
221,51.43567,-0.13814,0.5,2.5,2.0,1.5,0.5,0.0,0.5,0,0
222,51.55977,0.08548,-0.5,,-3.0,,-0.5,-1.5,-0.5,0,0
223,51.49761,-0.00186,1.0,-2.5,-1.5,,4.5,2.0,2.5,0,0
224,51.53908,0.03692,0.0,,-0.5,,0.0,0.0,0.0,0,0
225,51.54344,0.07549,2.0,,1.0,,2.0,1.0,1.5,0,0
226,51.57641,-0.07498,0.5,,1.5,,-1.5,-0.5,-1.0,0,0
227,51.50954,0.02784,1.5,,-2.5,,1.5,0.0,1.0,0,0
228,51.5856,0.01149,1.0,,0.5,,1.0,0.5,0.5,0,0
229,51.50515,-0.01071,0.0,1.0,0.0,,0.0,1.0,0.0,0,0
230,51.58996,0.0501,-1.0,,-2.0,,-2.0,-1.0,-1.0,0,0
231,51.50419,-0.20421,3.0,2.0,0.5,,1.5,3.0,2.0,0,0
232,51.5472,-0.19158,0.0,-3.0,-5.0,,-0.5,-1.0,-1.0,0,0
233,51.48781,-0.21414,-0.5,-1.5,-2.0,,0.5,1.0,1.5,0,0
234,51.52171,-0.05445,2.0,0.0,0.0,,1.0,1.0,0.0,0,0
235,51.51762,-0.20056,0.0,2.0,3.0,,-1.0,0.0,-0.5,0,0
236,51.50409,-0.0921,0.0,-1.5,-0.5,,1.0,2.0,2.0,0,0
237,51.51891,-0.17284,2.0,1.5,-1.0,,2.5,2.0,1.5,0,0
238,51.50536,-0.06441,0.5,-2.0,4.0,,0.5,0.5,0.5,0,0
239,51.51018,-0.07494,-1.0,-1.5,-5.5,,-2.5,-3.0,-3.0,0,0
240,51.51542,-0.0179,-0.5,0.0,1.5,,-0.5,1.0,0.5,0,0
241,51.51981,0.02066,-0.5,,-1.0,,-0.5,-1.5,-1.0,0,0
242,51.49908,-0.02787,0.5,2.5,5.0,,0.0,-1.0,-1.0,0,0
243,51.53571,-0.15366,-1.0,-4.0,3.5,,-0.5,-0.5,-0.5,0,0
244,51.42834,-0.12466,0.5,-0.5,-2.5,-3.5,0.5,0.0,-0.5,0,0
245,51.53126,-0.19228,1.0,3.0,1.5,,0.5,0.0,-1.0,0,0
246,51.49248,-0.17093,-1.0,-1.0,-2.5,,-0.5,0.5,-0.5,0,0
247,51.55207,-0.14371,0.5,7.0,-1.5,,0.5,0.0,0.0,0,0
248,51.57548,0.08164,0.0,,0.5,,1.0,1.0,1.0,0,0
249,51.48235,-0.21745,1.0,1.0,1.0,,0.5,0.0,1.0,0,0
250,51.54174,-0.19489,0.5,-1.0,0.5,,-0.5,0.0,0.0,0,0
251,51.49693,-0.13234,0.0,-1.0,4.0,,0.0,-1.0,-2.0,0,0
252,51.47611,-0.18086,4.0,4.5,4.0,3.5,0.5,1.0,2.0,0,0
253,51.49873,-0.20752,-0.5,-0.5,0.5,,-0.5,-0.5,0.0,0,0
254,51.46735,-0.14133,0.0,0.0,-1.0,-2.0,0.0,-0.5,0.0,0,0
255,51.56467,-0.04172,-1.0,,0.0,,-1.0,-3.0,-2.0,0,0
256,51.57347,-0.02287,-1.0,,3.5,,-0.5,0.0,-0.5,0,0
257,51.4358,-0.19183,1.5,-0.5,-0.5,0.0,1.5,3.0,3.5,0,0
258,51.55273,-0.07145,-1.0,-1.5,1.0,,-1.0,1.0,0.0,0,0
259,51.48146,-0.06551,0.0,-1.5,2.0,,0.0,0.0,0.5,0,0
260,51.55713,-0.03285,1.5,,1.0,,0.5,4.5,4.5,0,0
261,51.45219,-0.18191,0.0,-0.5,0.5,-2.0,0.0,0.5,0.0,0,0
262,51.48587,-0.02695,1.0,4.0,5.0,,1.5,2.5,1.5,0,0
263,51.45088,-0.2096,0.0,2.5,2.5,6.0,0.0,1.0,0.0,0,0
264,51.46509,-0.07546,-0.5,-2.0,4.0,,0.0,-0.5,0.5,0,0
265,51.55207,0.0314,0.0,,3.0,,-0.5,-0.5,-0.5,0,0
266,51.56228,0.08253,1.5,,0.5,,1.5,2.0,2.0,0,0
267,51.54159,0.03397,-1.0,,-3.5,,-1.0,-0.5,-0.5,0,0
268,51.54596,0.07254,2.0,,6.0,,1.5,1.0,0.5,0,0
269,51.57892,-0.07794,-0.5,,2.5,,1.0,1.0,1.0,0,0
270,51.55816,-0.12653,0.0,,-0.5,,0.0,0.5,0.5,0,0
271,51.58811,0.00854,-0.5,,1.5,,-2.0,-0.5,-0.5,0,0
272,51.44508,-0.1638,-0.5,-0.5,4.0,-2.5,0.5,1.0,1.0,0,0
273,51.5067,-0.20718,-2.5,1.0,-5.5,,-1.5,-1.0,-1.0,0,0
274,51.54971,-0.19455,0.0,-0.5,0.5,,0.0,0.5,0.5,0,0
275,51.56969,-0.10603,0.0,,-0.5,,-1.0,1.5,1.0,0,0
276,51.49032,-0.21711,0.0,4.0,-2.5,,0.0,-2.0,-2.0,0,0
277,51.56527,-0.14466,2.5,,1.0,,0.5,2.0,2.0,0,0
278,51.551,-0.16681,-1.0,0.0,-4.0,,-1.0,0.0,0.0,0,0
279,51.51941,-0.04688,1.0,0.0,-2.5,,1.5,-1.0,-0.5,0,0
280,51.52013,-0.20352,-1.5,-2.5,-1.0,,-0.5,-0.5,0.0,0,0
281,51.49864,-0.09542,0.0,1.5,0.5,,-0.5,0.0,0.0,0,0
282,51.52142,-0.1758,2.5,0.0,0.0,,0.0,2.5,2.0,0,0
283,51.538,0.07215,-2.0,,-1.5,,-1.0,-1.0,-1.0,0,0
284,51.50305,-0.05684,1.5,7.0,5.0,,0.5,0.0,0.0,0,0
285,51.53677,0.04448,0.0,,3.0,,0.0,-0.5,-0.5,0,0
286,51.51312,-0.01034,1.0,1.0,1.0,,0.5,0.5,0.5,0,0
287,51.55433,0.08215,0.0,,4.5,,-0.5,0.0,0.0,0,0
288,51.51437,0.01733,0.0,,-1.5,,0.0,-1.0,-1.0,0,0
289,51.5531,0.05447,-3.5,,2.0,,-3.5,-1.0,-1.0,0,0
290,51.49677,-0.02031,0.0,-0.5,1.0,,0.0,0.5,1.0,0,0
291,51.42604,-0.1171,1.0,-1.0,3.0,-1.0,1.0,1.0,0.5,0,0
292,51.49019,-0.16335,1.0,0.5,-3.5,,1.5,1.0,1.5,0,0
293,51.57316,0.0892,0.5,,-4.5,,0.0,0.0,0.0,0,0
294,51.49148,-0.13565,0.0,1.0,-2.0,,-1.0,0.0,0.0,0,0
295,51.46594,-0.05701,-1.0,0.0,-0.5,,-0.5,-0.5,-1.5,0,0
296,51.47381,-0.17328,0.0,-1.0,-2.0,-2.0,-0.5,0.0,-0.5,0,0
297,51.46467,-0.08468,-1.0,-0.5,-2.5,,-1.0,-1.0,-1.0,0,0
298,51.56237,-0.03414,4.0,,-5.0,,2.5,3.5,2.5,0,0
299,51.4779,-0.02732,0.5,0.0,2.5,,0.5,2.0,2.5,0,0
300,51.54917,-0.03322,0.5,,0.0,,0.0,1.0,0.5,0,0
301,51.47664,-0.05499,0.0,-1.5,1.5,,0.0,0.5,0.0,0,0
302,51.54791,-0.06092,1.5,,-1.5,,1.5,-0.5,-1.0,0,0
303,51.5655,-0.02325,1.0,,2.5,,0.0,-0.5,0.0,0,0
304,51.55042,-0.06388,0.0,-0.5,1.0,,-0.5,-2.0,0.0,0,0
305,51.56425,-0.05095,-0.5,,-2.5,,-0.5,0.5,1.5,0,0
306,51.47915,-0.05794,0.5,0.5,-1.5,,-1.5,-0.5,0.0,0,0
307,51.55168,-0.03617,-1.0,,-0.5,,-1.0,-0.5,-1.0,0,0
308,51.48042,-0.03027,-1.0,0.0,1.5,,-1.0,-1.5,-1.0,0,0
309,51.46279,-0.06789,1.0,2.5,-0.5,,0.5,-0.5,0.0,0,0
310,51.54976,0.03896,0.0,,0.5,,0.5,-1.5,-1.5,0,0
311,51.47848,-0.13009,-1.0,-1.0,1.5,-5.0,-1.5,-0.5,0.0,0,0
312,51.53928,0.04153,-1.0,,0.5,,0.0,-0.5,-0.5,0,0
313,51.47719,-0.15778,3.0,1.5,-0.5,6.0,4.0,2.0,1.5,0,0
314,51.54052,0.06921,-1.5,,1.0,,-1.5,0.0,-1.0,0,0
315,51.48896,-0.1327,-2.0,0.0,-6.0,,-1.0,-0.5,-1.0,0,0
316,51.57347,-0.08126,-0.5,,1.5,,-1.0,0.0,-0.5,0,0
317,51.48767,-0.16039,0.0,-1.0,-1.0,5.0,-0.5,-1.0,-0.5,0,0
318,51.55586,-0.11895,0.5,-2.5,0.0,,0.5,-1.0,-1.5,0,0
319,51.5858,0.01611,-0.5,,-1.5,,0.0,0.5,-0.5,0,0
320,51.58703,0.04381,1.0,,0.5,,1.0,1.0,1.0,0,0
321,51.41153,-0.14381,-1.0,-0.5,0.5,1.5,-1.5,-0.5,-1.5,0,0
322,51.44278,-0.15623,1.0,-1.5,-1.5,-2.5,1.0,0.5,1.0,0,0
323,51.44242,-0.10716,0.0,0.0,0.0,2.0,0.0,-1.0,-2.0,0,0
324,51.54425,-0.19786,2.5,0.0,2.5,,2.5,2.0,1.0,0,0
325,51.44113,-0.13483,0.0,-2.0,0.5,0.5,0.5,-1.0,-0.5,0,0
326,51.48486,-0.22041,-1.0,-1.0,-3.0,,-1.5,-1.0,-1.0,0,0
327,51.49991,-0.00942,-2.0,-1.0,1.5,,-2.0,-3.0,-2.5,0,0
328,51.5487,-0.15923,1.0,1.0,1.0,,1.0,0.0,0.0,0,0
329,51.49866,-0.0371,0.0,-1.0,-2.0,,-1.0,-0.5,-1.0,0,0
330,51.52192,-0.04983,0.0,1.0,-1.0,,2.0,1.5,1.5,0,0
331,51.51185,0.02028,0.0,,1.0,,0.0,0.5,0.0,0,0
332,51.50115,-0.09837,-1.0,1.0,0.5,,-1.0,-2.0,-2.0,0,0
333,51.5106,-0.00739,-1.0,,-1.5,,-1.0,-0.5,0.0,0,0
334,51.51912,-0.16822,0.5,-2.0,-1.0,,-2.0,0.0,0.0,0,0
335,51.50557,-0.0598,-0.5,-1.5,-1.0,,-0.5,-1.0,-0.5,0,0
336,51.51563,-0.01329,2.5,2.5,-3.5,,2.0,1.0,0.0,0,0
337,51.51688,0.01439,-0.5,,-0.5,,-0.5,-2.0,-1.5,0,0
338,51.49929,-0.02326,0.0,-0.5,-1.0,,0.0,0.0,0.0,0,0
339,51.50054,0.00441,0.5,0.5,-5.5,,0.5,0.0,0.0,0,0
340,51.42856,-0.12005,-1.5,-1.5,-0.5,-3.5,-2.0,-1.0,-1.0,0,0
341,51.4927,-0.16631,0.0,-1.0,2.0,,-0.5,-0.5,0.0,0,0
342,51.57568,0.08625,0.0,,0.5,,1.0,0.5,1.0,0,0
343,51.51248,-0.08251,-1.5,-1.5,-0.5,,-0.5,-0.5,0.0,0,0
344,51.49399,-0.13861,1.0,-0.5,1.0,,0.0,0.0,0.0,0,0
345,51.51121,-0.1102,0.0,1.5,-1.0,,-1.5,-2.5,-2.5,0,0
346,51.47632,-0.17625,-0.5,-2.5,-0.5,-3.0,-1.0,-1.5,-2.0,0,0
347,51.53319,-0.15069,2.0,-4.0,0.5,,2.5,2.5,2.5,0,0
348,51.47762,-0.14855,-3.0,-1.0,-3.5,-3.0,-2.5,-2.0,-2.0,0,0
349,51.52875,-0.18931,0.5,0.0,-2.5,,0.0,0.5,0.5,0,0
350,51.56488,-0.0371,-1.0,,-1.0,,-2.0,0.0,-0.5,0,0
351,51.54955,-0.14075,-2.5,-0.5,-6.0,,-1.5,-0.5,-1.5,0,0
352,51.56613,-0.00939,-0.5,,-0.5,,-1.0,-1.0,0.0,0,0
353,51.55294,-0.06684,-0.5,1.0,4.0,,-0.5,-1.0,0.0,0,0
354,51.48167,-0.06089,-0.5,-1.0,-4.0,,0.0,0.0,-1.0,0,0
355,51.55419,-0.03913,0.0,,2.0,,0.5,0.5,1.0,0,0
356,51.48293,-0.03322,1.0,0.0,-0.5,,0.5,0.5,0.0,0,0
357,51.49621,-0.20456,-2.0,0.5,1.5,,0.5,-1.0,-1.5,0,0
358,51.46531,-0.07085,-0.5,0.0,5.0,,-1.0,-1.0,0.0,0,0
359,51.55228,0.03601,0.0,,4.5,,0.5,0.5,0.5,0,0
360,51.55351,0.0637,0.0,,1.5,,-0.5,-1.0,0.0,0,0
361,51.5418,0.03858,0.5,,3.5,,1.0,-1.0,-1.0,0,0
362,51.54303,0.06626,1.5,,-2.5,,2.5,1.0,2.0,0,0
363,51.57599,-0.08422,-0.5,,-6.0,,-1.0,0.5,0.5,0,0
364,51.55837,-0.12191,-1.0,2.0,0.0,,-1.5,1.5,1.0,0,0
365,51.44967,-0.17895,0.5,1.5,1.0,3.5,0.0,0.0,1.0,0,0
366,51.55964,-0.09419,-0.5,1.5,3.0,,0.5,-0.5,-0.5,0,0
367,51.44837,-0.20663,1.5,1.5,-1.5,3.5,1.0,0.5,1.0,0,0
368,51.58832,0.01316,2.5,,3.0,,2.0,2.5,4.5,0,0
369,51.58955,0.04086,1.0,,5.0,,1.5,2.0,2.0,0,0
370,51.44529,-0.15919,0.0,2.0,0.0,7.0,0.0,-1.0,-0.5,0,0
371,51.54677,-0.20083,0.0,-0.5,-3.5,,0.0,-0.5,-0.5,0,0
372,51.48737,-0.22338,-0.5,-1.0,1.5,,-1.0,-1.0,-1.0,0,0
373,51.55121,-0.16219,-1.0,-1.5,-4.0,,-0.5,0.0,-0.5,0,0
374,51.5304,-0.21076,-0.5,-1.0,2.5,,-1.0,1.5,1.0,0,0
375,51.49885,-0.0908,0.5,-1.5,-2.0,,0.0,-1.0,-0.5,0,0
376,51.52164,-0.17118,1.0,0.5,-3.5,,1.5,1.0,1.0,0,0
377,51.50012,-0.06312,-2.0,-1.0,-3.5,,-1.5,1.0,1.0,0,0
378,51.51457,0.02195,-0.5,,4.0,,-0.5,1.0,0.0,0,0
379,51.56718,-0.10307,6.0,,-3.5,,6.0,4.0,3.5,0,0
380,51.49383,-0.02658,-1.5,1.5,5.0,,-2.0,-3.0,-2.5,0,0
381,51.56276,-0.14169,-1.0,,3.0,,0.0,0.0,0.0,0,0
382,51.49169,-0.13104,0.0,-2.0,-1.5,,1.0,0.0,0.0,0,0
383,51.47087,-0.17956,1.0,0.0,-1.5,-2.0,0.5,0.0,0.5,0,0
384,51.47532,-0.14098,-0.5,-1.0,-3.0,2.5,0.5,-2.0,-1.5,0,0
385,51.55943,-0.04042,-0.5,,3.0,,0.0,1.0,2.0,0,0
386,51.56382,-0.00182,0.5,,2.5,,0.0,-0.5,1.5,0,0
387,51.55189,-0.03156,1.0,,-2.0,,0.0,-0.5,0.5,0,0
388,51.48063,-0.02566,-1.5,-3.0,-1.0,,-0.5,-1.0,-0.5,0,0
389,51.53425,0.04743,0.0,,3.5,,1.0,0.0,0.0,0,0
390,51.45985,-0.07416,0.0,0.5,-1.0,,0.5,-0.5,-0.5,0,0
391,51.55181,0.0851,0.0,,-5.0,,-0.5,0.0,0.0,0,0
392,51.54683,0.03268,0.0,,0.5,,0.5,-0.5,-0.5,0,0
393,51.55058,0.05742,-0.5,,-1.0,,-1.0,-1.0,0.0,0,0
394,51.5512,0.07126,1.0,,2.5,,0.0,0.5,0.0,0,0
395,51.54072,0.07382,0.5,,4.5,,0.5,0.0,0.0,0,0
396,51.57368,-0.07664,-1.0,,1.5,,2.0,-0.5,0.5,0,0
397,51.55292,-0.12523,-0.5,2.5,3.0,,-0.5,-1.0,-1.0,0,0
398,51.55734,-0.08661,-1.0,1.0,0.5,,0.0,0.0,-0.5,0,0
399,51.46343,-0.05406,0.5,-1.5,6.5,,0.5,0.5,1.0,0,0
400,51.58724,0.04843,0.0,,1.0,,0.5,0.0,0.0,0,0
401,51.46215,-0.08173,1.0,-1.5,-1.0,,0.0,0.0,0.5,0,0
402,51.43983,-0.1625,0.5,1.0,-1.0,-2.0,1.0,-1.0,-1.0,0,0
403,51.54447,-0.19324,-0.5,0.5,-4.5,,-0.5,-1.0,-1.0,0,0
404,51.48508,-0.2158,-0.5,2.0,3.5,,1.5,2.0,1.0,0,0
405,51.47412,-0.05204,0.0,3.5,2.0,,-0.5,1.5,1.5,0,0
406,51.54539,-0.05797,-2.5,2.5,0.0,,-2.0,-0.5,0.0,0,0
407,51.56299,-0.02029,0.5,,-2.5,,1.5,0.5,-1.0,0,0
408,51.54576,-0.16551,0.0,-0.5,0.5,,0.0,0.5,0.0,0,0
409,51.56174,-0.048,1.5,,0.5,,1.0,-3.5,-5.5,0,0
410,51.51459,-0.03636,-1.0,0.5,-3.0,,-1.0,-0.5,0.0,0,0
411,51.5281,-0.20317,-1.0,4.0,3.0,,-1.0,0.0,-0.5,0,0
412,51.50136,-0.09376,-1.5,2.5,-6.0,,-1.0,-1.5,-1.5,0,0
413,51.50263,-0.06607,3.0,-3.5,10.5,,4.0,4.0,4.0,1,0
414,51.51709,0.019,1.5,,3.0,,1.5,2.5,2.5,0,0
415,51.47596,-0.12714,1.0,-2.0,-0.5,1.5,0.5,0.5,1.0,0,0
416,51.49635,-0.02953,4.0,17.5,7.0,,2.0,-1.5,-1.5,1,0
417,51.47467,-0.15482,-1.5,0.5,-4.5,1.0,-2.0,-1.5,-2.0,0,0
418,51.50075,0.00902,-3.0,-2.0,-1.5,,-1.0,-2.5,-2.0,0,0
419,51.43883,-0.12726,0.5,1.5,-2.5,-2.0,1.0,0.0,0.0,0,0
420,51.48537,-0.15281,0.0,-0.5,-0.5,-1.0,1.0,-2.0,-1.5,0,0
421,51.48516,-0.15743,-0.5,0.0,3.0,8.0,-0.5,0.0,0.5,0,0
422,51.4942,-0.134,2.0,0.5,1.0,,1.0,0.5,0.5,0,0
423,51.47338,-0.18252,1.5,0.5,1.0,2.5,0.0,0.0,0.5,0,0
424,51.47783,-0.14394,-1.0,2.0,2.5,-0.5,0.5,2.5,3.0,0,0
425,51.56195,-0.04338,1.0,,5.5,,0.5,-1.5,-3.0,0,0
426,51.56634,-0.00478,2.0,,4.0,,1.5,1.5,1.5,0,0
427,51.5456,-0.05335,-1.5,1.5,0.0,,-1.0,-1.5,-1.5,0,0
428,51.47285,-0.07971,-1.0,1.0,0.0,,-1.0,0.5,-0.5,0,0
429,51.43861,-0.13187,-1.0,1.0,2.0,-0.5,-0.5,2.0,1.0,0,0
430,51.5544,-0.03451,1.5,,1.0,,2.0,-1.0,-1.0,0,0
431,51.4974,-0.00647,0.0,0.0,3.0,,-1.0,-2.0,-1.0,0,0
432,51.48314,-0.02861,-1.0,2.5,-3.5,,0.0,0.0,-1.0,0,0
433,51.49614,-0.03415,1.0,-1.0,-1.0,,0.0,1.0,1.0,0,0
434,51.46237,-0.07712,0.5,0.0,-1.0,,0.5,0.5,0.5,0,0
435,51.54935,0.02973,0.0,,0.5,,0.5,0.5,0.5,0,0
436,51.55371,0.06831,-0.5,,3.5,,-0.5,1.0,-0.5,0,0
437,51.50809,-0.00444,-0.5,,-1.5,,-0.5,0.5,0.0,0,0
438,51.53301,0.01975,2.0,,-4.0,,2.0,-0.5,0.0,0,0
439,51.54324,0.07087,-2.0,,7.5,,-1.5,2.0,-1.0,0,0
440,51.5762,-0.0796,-0.5,,2.0,,-0.5,0.0,0.0,0,0
441,51.55543,-0.12819,0.0,1.0,4.5,,0.0,-0.5,-0.5,0,0
442,51.55985,-0.08957,0.5,0.0,0.5,,0.0,1.5,2.0,0,0
443,51.58975,0.04548,-1.0,,-2.0,,-1.5,-1.0,-1.0,0,0
444,51.44235,-0.16546,-1.5,0.5,-2.5,-2.5,-1.0,-0.5,-0.5,0,0
445,51.42596,-0.17538,4.5,1.5,1.5,0.0,3.5,4.5,3.5,0,0
446,51.54698,-0.1962,-2.5,7.5,1.5,,-1.5,0.5,0.5,0,0
447,51.50997,-0.07955,0.5,1.0,-1.5,,0.0,0.5,0.0,0,0
448,51.48759,-0.21876,1.0,2.0,-2.5,,-0.5,-0.5,0.0,0,0
449,51.50869,-0.10724,-1.5,1.0,2.0,,1.0,0.5,1.0,0,0
450,51.54827,-0.16847,0.0,1.0,1.5,,0.0,0.5,1.0,0,0
451,51.53549,-0.15828,-2.0,0.5,9.0,,-1.5,-1.5,-2.0,0,0
452,51.51228,-0.02879,-0.5,0.5,-0.5,,0.0,-0.5,-1.5,0,0
453,51.5342,-0.186,1.0,0.5,2.5,,-2.0,-0.5,0.0,0,0
454,51.53061,-0.20614,0.0,-3.0,1.5,,-1.0,0.5,0.0,0,0
455,51.55185,-0.14833,-0.5,0.0,3.5,,0.5,1.0,1.5,0,0
456,51.53191,-0.17841,0.0,1.5,-1.5,,0.0,0.0,0.0,0,0
457,51.55057,-0.17606,-1.5,1.5,0.5,,-1.0,-1.0,-1.0,0,0
458,51.50033,-0.0585,-1.0,-2.5,-0.5,,-0.5,0.0,0.0,0,0
459,51.49404,-0.02197,4.0,0.5,2.5,,4.0,3.0,3.5,0,0
460,51.4953,0.0057,-2.0,-0.5,-0.5,,-3.0,-3.5,-3.0,0,0
461,51.50167,-0.20125,1.5,2.5,2.0,,0.5,1.5,2.5,0,0
462,51.43653,-0.1197,3.0,-0.5,2.0,0.0,3.0,0.0,1.0,0,0
463,51.48308,-0.14524,1.0,-2.0,0.5,0.0,3.0,3.5,3.0,0,0
464,51.47108,-0.17494,-1.0,-1.5,-1.5,-0.5,-0.5,0.5,0.5,0,0
465,51.42553,-0.18461,2.0,6.5,4.5,9.0,1.5,1.5,1.5,0,0
466,51.47237,-0.14725,2.0,-1.5,-4.0,-5.0,0.5,1.0,1.5,0,0
467,51.55964,-0.03581,-2.0,,5.0,,-1.0,2.5,2.5,0,0
468,51.56089,-0.0081,-0.5,,-0.5,,0.0,-1.0,-0.5,0,0
469,51.45513,-0.17564,0.0,2.0,-1.5,1.5,0.5,1.0,1.0,0,0
470,51.5433,-0.04578,-0.5,,-1.0,,-2.0,-0.5,-1.5,0,0
471,51.47055,-0.07214,1.5,1.0,0.5,,1.0,0.5,0.5,0,0
472,51.46006,-0.06955,0.0,-2.0,-0.5,,2.0,0.0,0.5,0,0
473,51.54704,0.0373,-1.0,,-1.5,,-1.0,0.0,0.0,0,0
474,51.54827,0.06498,1.0,,0.5,,0.5,-0.5,1.0,0,0
475,51.5307,0.02731,0.0,,3.0,,0.0,0.5,1.0,0,0
476,51.55313,-0.12061,-0.5,-0.5,0.5,,1.0,0.0,1.5,0,0
477,51.5544,-0.09289,-1.5,-1.0,0.0,,-1.0,-0.5,-1.0,0,0
478,51.44005,-0.15789,-0.5,-1.0,0.5,-1.5,0.0,0.0,-1.0,0,0
479,51.42367,-0.16781,0.0,-1.0,1.0,2.0,0.0,0.0,0.5,0,0
480,51.54597,-0.16089,0.0,2.5,3.0,,0.5,0.0,0.5,0,0
481,51.5148,-0.03175,0.0,1.0,1.5,,0.0,0.5,0.5,0,0
482,51.52515,-0.20945,1.0,-1.5,1.5,,2.0,0.5,1.0,0,0
483,51.56948,-0.11065,0.0,,-1.0,,-0.5,0.0,-0.5,0,0
484,51.49403,-0.08028,1.5,0.5,1.0,,1.0,1.0,0.0,0,0
485,51.56821,-0.13838,1.0,,-1.5,,0.5,2.0,2.0,0,0
486,51.52961,-0.17083,-0.5,1.5,0.0,,0.5,0.0,0.0,0,0
487,51.50284,-0.06146,1.0,8.5,4.5,,-0.5,-0.5,-0.5,0,0
488,51.49656,-0.02492,-0.5,-1.0,1.0,,-0.5,-0.5,-0.5,0,0
489,51.49781,0.00275,0.5,2.5,-2.5,,0.5,0.0,0.0,0,0
490,51.43904,-0.12265,-1.5,-1.0,-2.0,-1.5,-1.0,-0.5,-1.5,0,0
491,51.54534,0.0587,0.5,,-0.5,,2.5,0.5,1.5,0,0
492,51.44033,-0.09499,-1.5,-1.0,-3.0,-3.0,0.0,0.0,-1.0,0,0
493,51.53656,0.03987,1.0,,-4.0,,1.0,0.5,0.5,0,0
494,51.48559,-0.1482,-0.5,0.0,-2.5,-2.5,-1.0,-1.0,-1.5,0,0
495,51.55725,0.08843,2.0,,0.0,,1.5,2.0,2.0,0,0
496,51.48687,-0.12051,-0.5,-1.0,-0.5,3.0,-1.0,0.0,0.5,0,0
497,51.55289,0.04986,3.0,,-2.5,,3.0,2.0,2.0,0,0
498,51.47359,-0.1779,-1.5,-1.5,0.0,-2.5,0.0,-0.5,-1.5,0,0
499,51.47489,-0.15021,-2.0,-1.0,-2.0,-3.5,-2.0,0.0,-0.5,0,0
500,51.56216,-0.03876,3.5,,0.0,,3.0,0.0,0.0,0,0
501,51.56341,-0.01106,0.5,,-3.0,,0.0,0.0,0.0,0,0
502,51.54581,-0.04873,0.0,,-0.5,,0.0,0.5,0.0,0,0
503,51.46888,-0.05074,0.5,-1.5,-2.0,,-1.0,0.0,-0.5,0,0
504,51.47306,-0.07509,0.0,0.5,-1.0,,0.0,-0.5,-0.5,0,0
505,51.46446,-0.08929,-0.5,1.5,-2.0,,0.0,1.0,1.0,0,0
506,51.54707,-0.02103,-1.5,,-1.0,,-1.0,-1.5,-2.5,0,0
507,51.48524,-0.04079,-1.5,-2.0,-0.5,,-1.5,0.0,-1.0,0,0
508,51.55796,-0.01438,0.5,,4.5,,0.5,1.5,2.5,0,0
509,51.47643,-0.0596,0.5,0.5,3.0,,-1.0,1.0,0.0,0,0
510,51.5477,-0.06554,0.0,2.0,-2.5,,-1.0,1.0,1.5,0,0
511,51.56844,-0.01696,0.0,,1.5,,1.5,1.0,0.5,0,0
512,51.47433,-0.04743,-1.5,-2.5,-1.5,,0.5,-1.5,-1.5,0,0
513,51.56404,-0.05557,0.0,,1.5,,0.5,-0.5,-0.5,0,0
514,51.46258,-0.07251,0.0,2.0,-0.5,,-0.5,0.0,-1.0,0,0
515,51.54955,0.03435,0.0,,0.0,,0.5,0.0,0.0,0,0
516,51.55079,0.06203,-0.5,,-0.5,,-1.0,0.0,-0.5,0,0
517,51.53322,0.02436,-1.5,,-1.0,,-1.5,0.5,0.5,0,0
518,51.53446,0.05204,0.0,,-1.5,,0.0,1.0,0.0,0,0
519,51.48142,-0.12382,-0.5,0.5,2.0,0.0,-0.5,0.5,-0.5,0,0
520,51.56886,-0.06611,-0.5,,1.5,,-0.5,0.0,-0.5,0,0
521,51.47697,-0.1624,1.5,1.5,3.0,-2.0,2.0,2.5,2.0,0,0
522,51.55564,-0.12357,0.0,2.0,-2.5,,0.0,0.5,-0.5,0,0
523,51.49779,-0.11388,1.5,-2.5,0.5,,-1.5,2.0,1.0,0,0
524,51.55691,-0.09585,1.5,0.5,-1.0,,-1.0,1.0,2.0,0,0
525,51.57044,0.08753,0.0,,-2.5,,0.0,0.0,0.0,0,0
526,51.48746,-0.16501,-0.5,-1.5,-1.5,3.0,0.0,-1.5,-1.5,0,0
527,51.44256,-0.16085,0.5,0.0,4.0,1.0,0.0,1.0,1.0,0,0
528,51.42618,-0.17077,0.0,2.5,-3.0,-1.5,0.0,0.0,-0.5,0,0
529,51.41131,-0.14842,0.5,0.5,1.5,3.0,0.0,1.0,1.5,0,0
530,51.53966,-0.18269,0.5,1.0,2.0,,0.5,2.0,2.5,0,0
531,51.54848,-0.16385,0.5,-1.0,-4.5,,0.5,1.0,0.0,0,0
532,51.50935,-0.03507,1.0,-2.0,2.0,,0.0,-2.5,-2.0,0,0
533,51.44091,-0.13944,1.5,0.5,-2.5,-1.5,1.5,-1.5,-0.5,0,0
534,51.52767,-0.21242,0.0,0.0,-2.0,,-1.0,0.0,0.0,0,0
535,51.50285,-0.00315,0.5,-2.5,-0.5,,1.5,0.0,0.0,0,0
536,51.53212,-0.17379,0.0,-1.5,-3.5,,-0.5,0.0,-0.5,0,0
537,51.49845,-0.04171,-0.5,3.0,2.0,,0.0,-1.5,-1.0,0,0
538,51.49173,-0.07271,0.5,-1.0,0.0,,-1.5,-0.5,0.5,0,0
539,51.51919,0.00682,0.5,,-1.0,,0.5,3.0,1.0,0,0
540,51.43358,-0.12596,1.0,0.5,3.0,3.5,1.0,1.5,2.0,0,0
541,51.51039,-0.012,-1.5,1.0,1.5,,-1.5,-2.0,-1.5,0,0
542,51.48013,-0.15151,1.5,-1.5,1.0,-1.5,1.5,1.0,2.0,0,0
543,51.48457,-0.11294,0.0,1.0,-1.0,1.5,-0.5,-1.0,-0.5,0,0
544,51.47259,-0.14264,0.0,-0.5,4.0,1.0,1.5,-0.5,-1.0,0,0
545,51.5611,-0.00349,0.0,,-3.0,,0.5,-0.5,-0.5,0,0
546,51.54037,-0.05206,0.0,3.0,-1.0,,-1.0,-1.5,-1.0,0,0
547,51.46761,-0.07841,1.5,1.0,3.5,,0.5,1.0,0.5,0,0
548,51.54476,-0.01346,1.5,,-2.0,,0.0,0.0,-0.5,0,0
549,51.47203,-0.03986,0.0,-3.5,0.5,,0.0,0.5,-0.5,0,0
550,51.54848,0.06959,0.5,,8.0,,1.0,3.0,1.5,0,0
551,51.51542,-0.07623,0.0,-2.0,3.5,,-2.0,-1.0,-1.0,0,0
552,51.52777,0.02104,0.5,,-1.5,,0.5,1.0,2.0,0,0
553,51.51099,-0.11482,-0.5,0.0,-5.5,,-0.5,-3.0,-2.0,0,0
554,51.53215,0.0596,0.5,,-2.5,,0.0,0.0,0.5,0,0
555,51.53177,-0.06627,1.0,-0.5,1.0,,0.0,-1.0,-1.5,0,0
556,51.56656,-0.05853,0.0,,-2.0,,-0.5,0.0,0.0,0,0
557,51.53169,-0.18304,0.0,-0.5,3.5,,0.5,0.0,0.0,0,0
558,51.55461,-0.08827,-1.5,1.5,1.5,,-1.5,-1.0,-1.0,0,0
559,51.54934,-0.14537,0.0,-1.0,-2.0,,-0.5,1.5,2.0,0,0
560,51.42072,-0.17408,0.0,-1.5,-0.5,-3.5,0.5,0.0,0.0,0,0
561,51.54806,-0.17309,-1.0,-0.5,0.0,,-1.0,-0.5,0.0,0,0
562,51.53736,-0.1751,3.0,2.5,-3.0,,2.5,-1.0,-0.5,0,0
563,51.51186,-0.03802,0.5,1.0,-4.0,,-0.5,1.0,0.0,0,0
564,51.52537,-0.20483,-0.5,2.0,-2.0,,-1.0,0.5,-0.5,0,0
565,51.49916,-0.19829,-0.5,1.0,-2.0,,-1.0,-1.5,-1.0,0,0
566,51.52666,-0.17711,0.5,0.5,2.0,,0.0,0.0,0.0,0,0
567,51.49424,-0.07566,-0.5,1.5,-1.5,,-1.0,-0.5,-1.0,0,0
568,51.49551,-0.04798,2.0,0.0,-2.5,,0.0,-0.5,-0.5,0,0
569,51.42301,-0.18165,3.5,3.5,1.5,4.5,2.5,4.0,3.0,0,0
570,51.49802,0.00736,-1.0,-1.5,-4.0,,-1.0,0.0,-1.0,0,0
571,51.4361,-0.12892,-0.5,0.0,-4.5,-3.0,-0.5,-2.0,-1.0,0,0
572,51.44054,-0.09038,0.5,1.5,-2.0,1.5,1.0,-1.0,-0.5,0,0
573,51.45262,-0.17268,0.5,4.0,3.0,2.5,-0.5,0.0,0.0,0,0
574,51.41972,-0.13885,-1.0,4.5,2.5,-3.5,-1.0,0.5,0.0,0,0
575,51.48265,-0.15447,0.0,-2.5,-1.0,-1.0,0.0,-0.5,0.0,0,0
576,51.48709,-0.11589,1.5,-1.5,4.0,,-0.5,0.0,1.0,0,0
577,51.46627,-0.16441,2.0,1.5,1.5,0.0,0.0,-0.5,0.0,0,0
578,51.4751,-0.14559,0.5,2.5,1.0,0.0,-1.0,1.0,1.0,0,0
579,51.57242,-0.04597,-2.0,,6.0,,-1.5,-1.0,-2.0,0,0
580,51.56361,-0.00644,-0.5,,1.0,,-0.5,-0.5,-1.0,0,0
581,51.54288,-0.05501,0.0,-2.5,-5.5,,-1.0,1.5,0.5,0,0
582,51.47012,-0.08137,0.5,-1.5,-0.5,,-0.5,-0.5,-0.5,0,0
583,51.54728,-0.01642,2.0,,3.5,,2.5,1.0,1.5,0,0
584,51.47454,-0.04281,0.5,1.0,-4.5,,-2.0,1.5,1.5,0,0
585,51.45376,-0.09131,-0.5,1.0,-3.0,-2.0,0.0,-0.5,-0.5,0,0
586,51.55982,0.02716,0.0,,3.5,,0.0,0.0,0.0,0,0
587,51.55099,0.06664,0.5,,-1.0,,1.5,0.0,0.5,0,0
588,51.53029,0.01809,0.0,,-4.0,,0.0,-0.5,0.0,0,0
589,51.5657,-0.13541,0.5,,-5.5,,0.5,1.5,1.0,0,0
590,51.53466,0.05665,-0.5,,1.0,,0.0,0.0,-1.0,0,0
591,51.56907,-0.06149,-0.5,,-1.0,,0.0,-1.0,-1.0,0,0
592,51.54831,-0.11007,-1.0,-2.0,0.0,,-1.0,-1.5,-1.5,0,0
593,51.55712,-0.09123,-0.5,-2.0,-1.0,,2.0,-1.0,-0.5,0,0
594,51.43524,-0.14736,-1.0,-2.5,-2.0,-4.0,-0.5,-0.5,0.0,0,0
595,51.54283,0.06165,-1.0,,-1.5,,-1.0,1.0,0.5,0,0
596,51.42323,-0.17704,-1.0,2.0,2.5,0.0,-1.0,-1.0,-0.5,0,0
597,51.49938,-0.19367,-2.0,1.0,-3.0,,0.0,-1.0,-0.5,0,0
598,51.53987,-0.17806,-0.5,-2.0,2.0,,-1.5,0.0,0.5,0,0
599,51.55473,0.09137,1.0,,2.5,,1.0,0.0,1.0,0,0
600,51.54116,-0.15034,3.5,7.0,2.0,,2.0,2.0,2.5,0,0
601,51.55038,0.0528,0.5,,5.0,,0.0,1.0,1.0,0,0
602,51.50956,-0.03045,-0.5,-1.5,-2.0,,0.0,-1.0,-1.0,0,0
603,51.52788,-0.2078,1.5,-1.5,-2.0,,0.0,0.0,0.5,0,0
604,51.52918,-0.18007,1.0,-0.5,-2.0,,-0.5,1.0,0.0,0,0
605,51.48879,-0.07898,-0.5,-0.5,-1.5,,-2.0,0.0,-0.5,0,0
606,51.4932,-0.04042,1.5,-3.0,2.0,,1.5,1.0,1.5,0,0
607,51.46636,-0.04779,1.0,3.5,1.0,,0.5,-0.5,-1.0,0,0
608,51.4338,-0.12135,0.5,0.0,-1.0,-2.5,0.0,-0.5,-1.5,0,0
609,51.46194,-0.08634,1.5,-1.0,2.0,,0.5,0.0,0.5,0,0
610,51.41742,-0.13128,0.0,-1.0,1.0,1.5,0.0,-0.5,0.0,0,0
611,51.48272,-0.03783,2.0,-1.5,3.0,,3.0,0.0,-0.5,0,0
612,51.55544,-0.01143,1.0,,-6.0,,1.0,0.0,-1.0,0,0
613,51.48035,-0.1469,0.0,1.0,2.5,-3.0,-1.5,-0.5,-1.0,0,0
614,51.48163,-0.11921,0.5,-1.0,1.5,0.5,1.0,1.5,1.5,0,0
615,51.56592,-0.01401,0.0,,-0.5,,1.0,0.5,0.0,0,0
616,51.46397,-0.15683,0.5,0.0,2.5,0.5,0.0,0.5,0.0,0,0
617,51.56153,-0.05262,0.0,,1.0,,0.0,1.0,0.5,0,0
618,51.57012,-0.03839,-0.5,,1.5,,0.0,0.0,0.5,0,0
619,51.54057,-0.04744,3.0,,1.5,,1.5,2.0,1.0,0,0
620,51.46782,-0.0738,0.0,0.0,-1.0,,-1.0,0.5,-0.5,0,0
621,51.54183,-0.01974,-0.5,,3.0,,-1.5,-1.5,-1.5,0,0
622,51.46909,-0.04613,-1.0,-2.0,3.5,,-1.0,-0.5,0.5,0,0
623,51.4789,-0.12086,-1.0,-1.5,3.5,1.0,1.0,-0.5,0.5,0,0
624,51.45146,-0.08375,2.0,-1.5,1.0,-3.5,2.0,1.0,0.5,0,0
625,51.47446,-0.15944,-1.0,-0.5,2.0,2.0,-2.0,-2.0,-1.5,0,0
626,51.55751,0.03473,2.0,,2.0,,3.5,2.5,2.5,0,0
627,51.49527,-0.11092,-2.0,-1.5,1.0,,-2.0,-1.5,-0.5,0,0
628,51.52798,0.02565,0.0,,4.0,,0.0,-0.5,0.0,0,0
629,51.52922,0.05332,1.5,,2.0,,1.5,1.5,2.0,0,0
630,51.56362,-0.06481,-0.5,,0.0,,-1.0,-0.5,-0.5,0,0
631,51.54601,-0.10249,-0.5,-1.0,-6.0,,0.0,-3.0,-3.0,0,0
632,51.43294,-0.13979,2.5,2.5,-2.5,1.5,2.5,1.0,1.0,0,0
633,51.4088,-0.14547,0.5,2.5,0.0,5.0,1.5,-0.5,0.0,0,0
634,51.42093,-0.16947,1.0,4.5,6.0,4.5,1.0,0.5,0.5,0,0
635,51.49708,-0.18609,-0.5,-1.5,-1.0,,0.0,-0.5,0.0,0,0
636,51.53442,-0.18138,0.0,-2.0,-2.0,,0.0,-0.5,-0.5,0,0
637,51.53886,-0.14276,2.0,-1.0,-7.0,,2.0,0.5,0.0,0,0
638,51.51207,-0.03341,0.0,-1.0,1.0,,0.0,0.5,0.5,0,0
639,51.50033,-0.0002,-2.5,-2.5,-2.5,,-1.5,-1.5,-1.5,0,0
640,51.52688,-0.17249,-1.0,1.5,2.0,,-0.5,-2.0,-0.5,0,0
641,51.49593,-0.03876,-1.0,-0.5,-3.5,,0.0,0.0,0.5,0,0
642,51.4913,-0.08194,-0.5,1.5,-3.5,,0.0,0.5,1.5,0,0
643,51.51667,0.00977,-2.0,,-6.0,,-2.0,-1.0,-1.5,0,0
644,51.49572,-0.04337,-2.0,0.5,-1.5,,0.0,0.0,0.0,0,0
645,51.43631,-0.12431,0.5,3.0,2.0,2.5,0.5,0.5,0.5,0,0
646,51.4376,-0.09664,0.0,1.5,1.5,6.5,0.5,-1.0,-0.5,0,0
647,51.41993,-0.13424,0.5,-0.5,0.0,0.0,0.5,0.0,0.5,0,0
648,51.48286,-0.14986,-2.0,1.0,-1.5,-3.5,-1.5,-1.5,-2.0,0,0
649,51.48415,-0.12216,3.0,0.0,0.5,1.0,0.5,1.5,1.0,0,0
650,51.46649,-0.15979,-0.5,-0.5,-0.5,0.5,-0.5,-0.5,-0.5,0,0
651,51.46778,-0.13211,0.0,0.5,0.5,0.5,0.0,-1.0,0.0,0,0
652,51.57263,-0.04135,0.0,,-1.5,,1.0,0.0,0.5,0,0
653,51.57388,-0.01364,0.0,,1.0,,-1.0,0.0,0.0,0,0
654,51.54309,-0.05039,0.5,-0.5,-3.0,,-1.0,0.5,0.5,0,0
655,51.5129,-0.07328,1.5,1.0,0.5,,2.0,2.0,2.0,0,0
656,51.47034,-0.07675,-1.5,0.0,0.0,,-1.0,-0.5,0.0,0,0
657,51.50848,-0.11186,0.0,-1.5,3.5,,2.5,3.0,2.5,0,0
658,51.54434,-0.0227,1.0,,-1.5,,0.0,0.5,0.0,0,0
659,51.52522,-0.15105,0.0,-2.5,2.5,,-0.5,0.0,0.0,0,0
660,51.52926,-0.06332,0.0,-1.0,2.0,,1.0,2.0,1.0,0,0
661,51.53399,-0.19062,-1.0,-3.0,2.0,,0.0,1.0,0.0,0,0
662,51.47161,-0.04908,1.5,1.0,1.5,,1.0,0.5,1.0,0,0
663,51.55479,-0.14205,-1.0,1.5,0.5,,-0.5,0.0,0.0,0,0
664,51.45397,-0.0867,0.0,0.5,-2.0,-0.5,0.5,-1.0,-1.0,0,0
665,51.55035,-0.18068,-0.5,-2.0,-1.0,,0.0,0.0,0.0,0,0
666,51.56003,0.03178,2.0,,-0.5,,2.5,2.0,2.0,0,0
667,51.56126,0.05947,-0.5,,-1.5,,-1.0,0.5,-1.5,0,0
668,51.5305,0.0227,0.0,,-3.0,,0.0,-1.5,-0.5,0,0
669,51.50146,-0.20587,-0.5,-1.5,1.5,,-2.0,-1.0,-0.5,0,0
670,51.53174,0.05038,0.5,,-2.0,,0.0,-0.5,0.0,0,0
671,51.56614,-0.06777,1.0,,1.5,,1.0,0.5,1.5,0,0
672,51.54853,-0.10545,3.0,0.5,-2.5,,2.5,3.0,3.0,0,0
673,51.54979,-0.07773,-1.5,-1.0,0.0,,-0.5,-0.5,-1.5,0,0
674,51.43545,-0.14275,-2.0,-0.5,1.5,-3.0,-2.0,-0.5,-0.5,0,0
675,51.42345,-0.17243,-1.5,-3.0,-2.0,-4.5,-1.5,-1.5,-1.0,0,0
676,51.49959,-0.18905,1.5,-2.5,5.0,,0.0,-0.5,-1.5,0,0
677,51.45492,-0.18025,0.0,-2.0,-3.0,-1.5,-0.5,-0.5,0.0,0,0
678,51.53693,-0.18434,-1.0,-0.5,0.0,,0.0,-1.0,-1.0,0,0
679,51.45361,-0.20794,1.0,0.5,0.5,5.0,2.0,2.0,1.0,0,0
680,51.54137,-0.14572,0.0,-2.0,-4.0,,-1.0,0.0,0.5,0,0
681,51.52056,-0.19428,2.5,3.0,2.0,,-0.5,0.0,1.0,0,0
682,51.52939,-0.17545,0.0,2.0,0.5,,0.5,0.0,0.5,0,0
683,51.489,-0.07437,1.0,-1.0,-3.0,,3.0,1.0,1.0,0,0
684,51.49027,-0.04669,0.0,-4.0,0.0,,-0.5,-0.5,-0.5,0,0
685,51.41447,-0.13755,-0.5,0.0,0.5,0.0,-0.5,0.5,0.0,0,0
686,51.48185,-0.11459,-1.0,0.5,-3.0,-0.5,-0.5,-0.5,0.0,0,0
687,51.46103,-0.1631,-1.0,0.0,-1.5,-1.0,-1.0,0.0,-0.5,0,0
688,51.46548,-0.12454,0.5,1.0,-3.5,0.0,0.0,0.5,0.0,0,0
689,51.56719,-0.04467,2.5,,0.0,,3.5,-0.5,-1.5,0,0
690,51.57157,-0.00607,0.0,,1.0,,1.0,-0.5,0.0,0,0
691,51.55922,-0.10343,0.0,-2.0,2.5,,-0.5,-1.5,-1.0,0,0
692,51.54204,-0.01513,-1.0,,1.0,,-2.0,2.0,2.0,0,0
693,51.568,-0.143,-2.0,,-1.0,,-1.0,-1.0,-1.0,0,0
694,51.4693,-0.04152,1.0,0.0,6.0,,2.0,-1.0,-0.5,0,0
695,51.44851,-0.09002,-2.5,-3.0,-3.5,-0.5,0.0,0.0,0.0,0,0
696,51.55459,0.02845,1.0,,3.5,,0.0,0.0,0.0,0,0
697,51.55895,0.06703,-1.0,,0.0,,-1.0,-1.0,-1.0,0,0
698,51.52942,0.05794,-0.5,,0.0,,0.0,-0.5,1.0,0,0
699,51.54514,0.05409,0.5,,1.5,,0.5,0.0,0.0,0,0
700,51.56383,-0.06019,0.0,,0.5,,0.0,-1.0,-1.0,0,0
701,51.5439,0.02641,0.0,,-2.0,,-0.5,-1.0,-1.0,0,0
702,51.54307,-0.10877,0.5,-1.5,-2.5,,0.5,0.0,-1.0,0,0
703,51.55705,0.08382,0.0,,-1.5,,-0.5,0.0,0.0,0,0
704,51.54749,-0.07016,-0.5,0.5,-0.5,,0.0,-0.5,-0.5,0,0
705,51.55582,0.05613,2.5,,9.0,,2.0,-1.0,0.0,0,0
706,51.42999,-0.14606,0.0,2.0,-3.5,-6.0,0.0,-0.5,-0.5,0,0
707,51.49413,-0.19236,0.5,-0.5,-1.5,,-1.0,-1.0,-1.0,0,0
708,51.53463,-0.17676,0.0,0.5,-1.5,,1.5,1.0,1.0,0,0
709,51.53592,-0.14904,-3.0,4.5,0.0,,-1.5,-0.5,-0.5,0,0
710,51.52234,-0.0406,2.0,0.5,0.5,,1.0,1.0,0.0,0,0
711,51.46867,-0.05535,0.0,1.5,0.5,,0.0,-0.5,0.0,0,0
712,51.51826,-0.1867,0.0,-1.5,1.0,,3.0,0.0,0.0,0,0
713,51.4674,-0.08302,3.0,1.5,5.0,,3.0,0.5,1.5,0,0
714,51.49152,-0.07732,0.0,1.0,2.5,,0.0,-0.5,-0.5,0,0
715,51.48503,-0.0454,-0.5,-2.0,4.5,,-0.5,-0.5,-0.5,0,0
716,51.55775,-0.019,-0.5,,2.5,,-0.5,1.0,1.5,0,0
717,51.48376,-0.07307,-0.5,0.0,-0.5,,0.0,0.5,0.0,0,0
718,51.5565,-0.0467,0.0,,-0.5,,0.0,-1.0,-1.0,0,0
719,51.56823,-0.02158,-1.0,,-2.0,,-1.5,-1.0,-1.5,0,0
720,51.49278,-0.04964,-1.5,1.5,-1.0,,0.0,2.0,2.0,0,0
721,51.56698,-0.04929,-0.5,,3.5,,0.0,2.0,1.0,0,0
722,51.41699,-0.1405,-0.5,-1.0,1.0,0.0,-0.5,-0.5,-1.0,0,0
723,51.49313,-0.15708,0.0,0.0,-6.5,,0.5,1.0,1.0,0,0
724,51.48436,-0.11755,-0.5,-2.0,-1.0,2.0,-1.0,-1.0,-2.0,0,0
725,51.46354,-0.16606,0.5,-2.5,0.0,-1.5,2.0,0.0,1.0,0,0
726,51.46799,-0.12749,-1.0,0.0,-4.0,-3.5,1.0,-0.5,0.0,0,0
727,51.4812,-0.12844,0.0,-1.5,0.5,-3.0,0.0,-1.0,-0.5,0,0
728,51.5697,-0.04763,7.0,,3.0,,6.5,-0.5,0.5,0,0
729,51.47992,-0.15613,3.5,3.5,2.5,4.0,1.5,1.0,1.5,0,0
730,51.57409,-0.00902,-0.5,,-2.5,,-1.5,-1.0,-1.0,0,0
731,51.49757,-0.11849,-1.0,2.0,2.0,,-0.5,1.0,1.0,0,0
732,51.55336,-0.0576,-1.5,,0.5,,-0.5,-1.0,-1.0,0,0
733,51.57779,0.07408,0.0,,-1.0,,-0.5,-0.5,-1.5,0,0
734,51.49629,-0.14619,0.0,-1.0,-5.0,,0.0,1.0,1.5,0,0
735,51.48061,-0.08396,0.5,-0.5,-3.0,,0.0,0.0,0.0,0,0
736,51.54455,-0.01808,-1.0,,1.0,,0.0,-1.5,-2.5,0,0
737,51.41426,-0.14216,0.0,-0.5,0.0,-0.5,1.0,0.5,1.0,0,0
738,51.47182,-0.04447,-1.5,-0.5,-1.0,,1.0,0.5,-0.5,0,0
739,51.43193,-0.10457,0.5,-0.5,0.0,5.5,1.0,2.0,1.0,0,0
740,51.45103,-0.09297,1.0,2.5,0.5,3.0,1.5,0.5,0.5,0,0
741,51.43064,-0.13223,-0.5,-1.5,-2.0,-2.0,-0.5,0.0,0.5,0,0
742,51.5571,0.0255,-2.5,,0.5,,-2.0,-1.0,-1.0,0,0
743,51.50264,-0.00776,-2.0,3.0,-2.0,,-2.0,-2.5,-2.5,0,0
744,51.56147,0.06408,0.0,,1.5,,1.0,0.0,0.5,0,0
745,51.50138,-0.03544,-2.0,0.0,-2.5,,-1.5,-2.5,-2.0,0,0
746,51.54077,0.01551,2.5,,5.0,,0.5,1.0,1.0,0,0
747,51.51898,0.00221,2.0,,1.5,,2.5,0.0,0.5,0,0
748,51.53194,0.05499,-1.5,,-2.0,,-0.5,-0.5,-1.0,0,0
749,51.51773,-0.02547,-1.5,2.0,3.5,,-1.5,-0.5,-1.0,0,0
750,51.56635,-0.06315,-1.0,,1.5,,-1.0,-0.5,-0.5,0,0
751,51.54559,-0.11172,0.0,-2.0,0.0,,0.0,-0.5,0.0,0,0
752,51.55,-0.07312,1.0,-0.5,-1.0,,1.5,-1.5,-1.0,0,0
753,51.58728,-0.00994,0.0,,1.5,,0.0,-1.0,-0.5,0,0
754,51.43251,-0.14902,-0.5,1.0,-1.5,-2.5,-0.5,0.5,0.5,0,0
755,51.41612,-0.15894,0.0,-0.5,-1.5,-2.5,-1.0,-1.0,-0.5,0,0
756,51.49665,-0.19532,0.0,1.0,1.5,,-2.0,0.0,0.0,0,0
757,51.48027,-0.20525,-1.5,0.0,0.0,-2.0,0.0,-0.5,-0.5,0,0
758,51.53715,-0.17972,-1.0,-0.5,-0.5,,-2.0,0.0,0.0,0,0
759,51.51521,-0.08085,0.5,-0.5,2.5,,1.0,0.5,0.5,0,0
760,51.53843,-0.152,-0.5,-2.5,2.0,,-1.0,-0.5,-0.5,0,0
761,51.51393,-0.10854,0.0,0.5,4.5,,0.5,-0.5,-0.5,0,0
762,51.52004,-0.03304,1.0,-0.5,-0.5,,1.0,0.5,0.5,0,0
763,51.52271,-0.14809,0.5,-1.5,-2.0,,0.0,-3.0,-3.0,0,0
764,51.53156,-0.07089,0.0,1.5,2.0,,0.0,-1.5,-1.0,0,0
765,51.53029,-0.09859,-0.5,0.5,-3.0,,-0.5,-1.0,0.0,0,0
766,51.52078,-0.18966,-1.0,0.0,0.5,,0.5,-1.0,0.0,0,0
767,51.55228,-0.13909,0.0,-0.5,-2.0,,1.0,1.0,0.5,0,0
768,51.52207,-0.16194,1.0,2.5,-3.0,,-1.0,0.0,-0.5,0,0
769,51.54784,-0.17772,1.0,-1.5,-1.0,,1.0,0.0,0.0,0,0
770,51.49048,-0.04208,1.0,-1.0,-1.0,,-0.5,0.0,0.0,0,0
771,51.49083,-0.1495,-1.5,3.0,-2.0,0.0,-1.0,-1.0,-1.5,0,0
772,51.46124,-0.15849,-0.5,-0.5,-2.5,1.0,-0.5,0.5,-0.5,0,0
773,51.46253,-0.13081,-1.0,1.5,0.5,2.5,0.5,-0.5,0.0,0,0
774,51.56739,-0.04005,-0.5,,1.5,,-1.5,0.0,-1.0,0,0
775,51.56864,-0.01235,1.0,,4.5,,0.0,1.0,0.5,0,0
776,51.55105,-0.05003,1.5,,-0.5,,0.5,-0.5,0.0,0,0
777,51.47831,-0.07639,0.5,1.5,2.5,,1.0,-1.0,-1.0,0,0
778,51.44873,-0.08541,-1.0,-1.5,0.0,-3.0,-1.5,-1.0,-1.0,0,0
779,51.55479,0.03306,-1.0,,1.0,,-1.5,-1.5,-1.5,0,0
780,51.55602,0.06075,-1.5,,-3.0,,-2.5,-1.0,-1.0,0,0
781,51.53846,0.02308,-1.0,,-2.0,,-1.0,-0.5,-0.5,0,0
782,51.54329,-0.10415,-1.0,-2.5,-2.5,,-0.5,-1.5,-1.0,0,0
783,51.4511,-0.20498,0.0,-0.5,1.0,1.0,0.0,-0.5,0.0,0,0
784,51.54455,-0.07644,0.0,-1.5,-1.5,,1.0,1.5,2.0,0,0
785,51.58498,-0.00236,0.0,,2.0,,0.0,1.0,1.0,0,0
786,51.43021,-0.14145,-1.5,0.0,-0.5,-1.5,-1.5,-1.0,-0.5,0,0
787,51.41383,-0.15138,0.0,-0.5,0.0,-0.5,0.0,0.0,0.5,0,0
788,51.49435,-0.18774,0.5,0.0,-2.0,,1.0,-0.5,-0.5,0,0
789,51.47797,-0.19767,1.5,2.0,4.5,4.0,0.0,1.0,2.0,0,0
790,51.53613,-0.14442,0.5,-1.0,2.0,,0.5,0.0,-0.5,0,0
791,51.52255,-0.03599,-1.5,-0.5,-1.5,,-0.5,0.5,0.5,0,0
792,51.51532,-0.19297,0.0,-1.5,0.5,,0.0,-1.0,-1.0,0,0
793,51.51977,-0.15436,-0.5,-1.5,1.5,,-1.0,-0.5,0.0,0,0
794,51.50179,-0.08453,2.0,-0.5,3.0,,0.0,0.0,-0.5,0,0
795,51.5567,-0.10047,1.0,-0.5,2.5,,0.0,0.5,0.0,0,0
796,51.49299,-0.04503,-0.5,-0.5,-2.0,,0.5,0.0,0.0,0,0
797,51.48922,-0.01146,1.0,-1.0,-1.5,,1.0,0.0,1.0,0,0
798,51.4172,-0.13589,-1.0,-2.5,-1.5,-4.0,-1.0,0.5,0.0,0,0
799,51.49335,-0.15246,-0.5,-3.0,3.5,,-2.5,0.0,-0.5,0,0
800,51.49463,-0.12477,-2.5,-2.0,0.5,,-0.5,-1.0,-1.5,0,0
801,51.46376,-0.16145,-0.5,0.5,0.0,0.0,-2.0,0.0,0.5,0,0
802,51.46505,-0.13376,-1.0,-2.0,0.0,-2.0,1.0,0.0,0.0,0,0
803,51.54262,0.05704,2.0,,-3.0,,2.0,1.0,1.5,0,0
804,51.56991,-0.04301,-1.0,,0.0,,-2.0,-3.0,-2.5,0,0
805,51.54139,0.02936,1.5,,0.5,,2.0,1.0,1.0,0,0
806,51.57116,-0.0153,0.0,,1.5,,-0.5,-0.5,1.0,0,0
807,51.55357,-0.05298,0.0,,-1.0,,0.0,-1.5,0.0,0,0
808,51.48082,-0.07934,-0.5,-0.5,3.5,,0.0,2.0,1.0,0,0
809,51.5533,0.05908,0.0,,-4.5,,1.0,1.5,0.5,0,0
810,51.55482,-0.02528,-0.5,,1.5,,-1.5,0.5,0.5,0,0
811,51.48209,-0.05167,0.5,0.0,0.0,,0.0,1.0,0.0,0,0
812,51.45124,-0.08836,0.5,1.0,1.0,8.0,-1.5,0.0,0.0,0,0
813,51.55731,0.03011,3.0,,1.0,,3.0,4.0,4.0,0,0
814,51.55854,0.0578,6.0,,-1.5,,5.5,1.0,3.0,0,0
815,51.54097,0.02013,-1.5,,0.5,,0.5,1.5,1.5,0,0
816,51.54221,0.04781,1.5,,0.5,,1.0,0.0,0.0,0,0
817,51.46488,-0.08007,-1.0,-1.5,0.0,,-0.5,0.5,-0.5,0,0
818,51.57662,-0.07036,-0.5,,0.0,,0.0,0.5,1.5,0,0
819,51.48251,-0.04245,0.5,3.0,3.0,,-1.0,1.0,1.0,0,0
820,51.55524,-0.01605,-3.0,,-5.5,,-3.0,-2.5,-3.5,0,0
821,51.48124,-0.07012,0.0,-1.5,3.5,,-0.5,-1.0,0.0,0,0
822,51.55399,-0.04375,-0.5,,-0.5,,-0.5,-1.0,-2.0,0,0
823,51.5458,-0.10711,0.0,1.0,1.5,,1.0,0.0,0.5,0,0
824,51.54707,-0.07939,1.0,-3.0,-0.5,,-1.0,-0.5,0.0,0,0
825,51.56446,-0.04633,-2.0,,-5.0,,-2.0,6.0,6.0,0,0
826,51.58749,-0.00532,1.0,,3.5,,0.0,1.5,1.5,0,0
827,51.58873,0.02239,-1.0,,4.0,,0.0,-0.5,-1.0,0,0
828,51.43272,-0.14441,2.0,-2.0,1.5,3.5,2.0,4.0,3.0,0,0
829,51.41634,-0.15433,0.0,-0.5,3.0,3.0,0.0,0.0,0.5,0,0
830,51.49686,-0.1907,1.0,2.5,7.0,,1.5,1.5,1.5,0,0
831,51.48049,-0.20063,0.5,0.5,0.5,-1.0,-1.0,-0.5,-0.5,0,0
832,51.54741,-0.18696,-0.5,-0.5,0.5,,2.0,0.0,0.0,0,0
833,51.4774,-0.15317,1.5,-0.5,0.5,-2.0,1.5,1.0,1.0,0,0
834,51.53865,-0.14738,-1.0,-1.0,-1.5,,-0.5,-0.5,0.0,0,0
835,51.49506,-0.11553,0.0,-1.5,0.5,,2.0,-0.5,-1.0,0,0
836,51.5171,-0.03931,2.5,-1.5,-2.5,,1.5,0.5,1.0,0,0
837,51.57527,0.07702,0.0,,-3.0,,-2.0,-2.0,-1.0,0,0
838,51.49377,-0.14323,0.0,0.5,3.0,,1.5,-0.5,0.5,0,0
839,51.51783,-0.19594,-0.5,-2.5,-1.5,,-1.0,0.0,-0.5,0,0
840,51.52228,-0.15732,-0.5,-2.5,-7.0,,1.0,0.5,0.0,0,0
841,51.41174,-0.1392,0.0,1.0,-1.0,1.0,0.5,-1.0,-0.5,0,0
842,51.49948,-0.07696,0.0,1.0,2.0,,0.5,1.0,0.0,0,0
843,51.48789,-0.15577,2.0,6.5,7.0,-3.0,1.0,1.5,1.5,0,0
844,51.49233,-0.11719,0.5,-2.0,3.0,,0.0,-1.5,-0.5,0,0
845,51.42813,-0.12927,1.5,1.0,-1.0,-2.5,1.5,0.0,1.0,0,0
846,51.46275,-0.12619,-0.5,1.5,1.0,0.5,-0.5,0.0,-0.5,0,0
847,51.56885,-0.00773,-0.5,,-2.5,,0.0,-0.5,-1.0,0,0
848,51.54812,-0.05631,0.5,,-1.0,,0.5,0.5,2.0,0,0
849,51.49887,-0.03248,-1.5,-2.5,-2.0,,-0.5,2.0,1.5,0,0
850,51.47537,-0.08266,2.0,-1.0,-0.5,,1.0,-1.5,-0.5,0,0
851,51.51647,0.00516,0.0,,-0.5,,0.0,0.0,0.0,0,0
852,51.55251,-0.01771,-1.0,,-2.0,,-1.0,2.5,1.0,0,0
853,51.51521,-0.02252,2.5,-1.5,0.5,,2.5,1.0,2.0,0,0
854,51.47979,-0.04411,1.5,-0.5,2.0,,0.5,2.0,2.5,0,0
855,51.55623,0.06536,2.0,,-3.0,,2.5,0.5,2.0,0,0
856,51.53553,0.0168,2.0,,0.5,,2.0,-1.0,-0.5,0,0
857,51.5399,0.05537,-0.5,,-1.5,,-0.5,-0.5,0.5,0,0
858,51.57431,-0.06278,-0.5,,0.5,,-1.0,0.0,0.0,0,0
859,51.54476,-0.07182,1.0,-1.5,0.5,,-1.0,0.0,-1.0,0,0
860,51.58205,-0.00865,1.0,,1.0,,0.5,1.0,1.5,0,0
861,51.58642,0.02996,-1.0,,1.0,,0.5,0.0,0.0,0,0
862,51.55136,-0.216,-1.0,-0.5,0.5,,-1.0,0.5,0.5,0,0
863,51.41088,-0.15764,0.5,0.5,-1.0,-0.5,0.5,-0.5,-0.5,0,0
864,51.47502,-0.20394,0.5,0.0,-2.5,1.0,-1.0,1.0,1.0,0,0
865,51.51142,-0.10559,1.0,-1.5,-2.5,,0.0,1.5,1.5,0,0
866,51.54511,-0.17937,-2.0,-1.5,-2.0,,-0.5,-3.0,-2.0,0,0
867,51.52501,-0.15567,1.0,3.5,2.5,,1.5,-1.0,-0.5,0,0
868,51.52905,-0.06793,0.0,-2.0,2.5,,-0.5,0.5,1.0,0,0
869,51.52372,-0.18338,-0.5,0.0,-5.0,,-1.0,-0.5,-1.0,0,0
870,51.52778,-0.09563,-0.5,1.5,2.0,,0.0,1.0,1.0,0,0
871,51.55458,-0.14667,1.0,,-1.5,,1.0,1.0,0.5,0,0
872,51.51962,-0.04227,-0.5,1.5,2.5,,-0.5,0.0,0.5,0,0
873,51.5533,-0.1744,0.0,0.0,4.0,,0.0,0.5,1.0,0,0
874,51.51554,-0.18835,-0.5,0.5,-3.0,,0.0,-1.0,-0.5,0,0
875,51.51683,-0.16064,0.0,0.5,0.0,,1.0,0.0,0.5,0,0
876,51.502,-0.07991,0.0,0.5,0.5,,0.0,-1.5,-1.0,0,0
877,51.50878,-0.21938,3.5,-0.5,0.0,,4.5,2.5,2.0,0,0
878,51.50327,-0.05223,1.5,-6.0,0.5,,2.0,2.5,2.0,0,0
879,51.48943,-0.00685,-0.5,-1.0,-1.0,,-0.5,0.0,-1.0,0,0
880,51.4904,-0.15873,0.5,-3.0,-2.5,,0.5,0.5,-0.5,0,0
881,51.42826,-0.18295,1.5,-1.0,-2.0,-1.5,2.0,2.0,1.0,0,0
882,51.49484,-0.12015,0.0,2.0,-2.5,,0.0,2.0,2.0,0,0
883,51.47403,-0.16867,0.0,-0.5,1.5,3.0,1.5,0.5,1.0,0,0
884,51.46526,-0.12915,0.0,-1.0,-6.0,-2.5,-1.0,-1.5,-1.5,0,0
885,51.44465,-0.17303,1.0,-0.5,-1.0,-0.5,0.5,1.5,1.5,0,0
886,51.57137,-0.01068,-0.5,,-0.5,,-0.5,-0.5,0.0,0,0
887,51.4534,-0.21256,-2.0,-0.5,-1.0,2.5,-1.0,-1.5,-1.0,0,0
888,51.55063,-0.05926,1.0,,-2.0,,0.0,1.5,-1.0,0,0
889,51.47788,-0.08562,-1.0,-0.5,4.0,,-1.0,3.0,2.0,0,0
890,51.55503,-0.02066,1.0,,3.0,,1.5,0.5,0.5,0,0
891,51.4823,-0.04706,1.5,1.5,-0.5,,2.5,1.5,0.5,0,0
892,51.46152,-0.09556,-0.5,1.0,1.0,3.0,-0.5,0.0,-1.0,0,0
893,51.54997,0.04358,-0.5,,-5.5,,-1.5,1.5,1.5,0,0
894,51.55875,0.06241,0.0,,8.5,,0.0,1.0,0.5,0,0
895,51.53804,0.01385,0.5,,1.5,,1.0,0.0,0.0,0,0
896,51.54242,0.05242,1.5,,0.5,,2.0,1.5,1.5,0,0
897,51.57682,-0.06574,-1.5,,1.5,,-0.5,-1.5,-2.0,0,0
898,51.55607,-0.11433,1.0,0.0,-0.5,,0.0,1.0,0.5,0,0
899,51.559,-0.10805,2.5,5.0,-5.5,,0.5,0.5,0.5,0,0
900,51.54728,-0.07478,-2.0,1.0,-4.0,,0.5,0.0,0.5,0,0
901,51.55773,-0.13577,-1.0,,-3.5,,-0.5,0.5,0.5,0,0
902,51.58456,-0.0116,-0.5,,-5.0,,1.0,0.5,0.5,0,0
903,51.58893,0.02701,0.5,,-3.5,,-0.5,0.0,0.0,0,0
904,51.55387,-0.21897,1.0,,1.0,,1.0,-0.5,-0.5,0,0
905,51.443,-0.15162,-1.0,0.5,-3.0,-0.5,0.0,-1.0,-1.0,0,0
906,51.41339,-0.1606,0.5,-2.0,0.0,-3.0,0.5,1.5,1.0,0,0
907,51.54807,0.06037,-0.5,,-3.0,,-0.5,-1.5,0.5,0,0
908,51.48954,-0.1772,0.0,2.0,0.0,,0.0,-0.5,0.0,0,0
909,51.5437,0.02179,1.5,,3.0,,0.0,-0.5,-0.5,0,0
910,51.47754,-0.20691,1.0,-0.5,-0.5,1.5,0.0,1.0,1.0,0,0
911,51.56439,0.07036,-1.0,,-1.0,,0.0,0.0,1.0,0,0
912,51.54763,-0.18234,2.0,3.0,-1.5,,3.0,2.5,2.5,0,0
913,51.55561,0.05152,0.5,,7.0,,0.0,-1.0,-1.0,0,0
914,51.54891,-0.15461,0.5,-0.5,0.0,,1.0,-1.0,0.0,0,0
915,51.51731,-0.0347,-2.0,-1.5,0.5,,-1.5,1.0,0.0,0,0
916,51.51805,-0.19132,-1.5,3.5,0.0,,-0.5,-0.5,0.0,0,0
917,51.51934,-0.1636,-0.5,1.5,1.0,,1.0,0.0,-1.0,0,0
918,51.49655,-0.08323,-1.5,-2.0,0.5,,-0.5,-0.5,0.0,0,0
919,51.50096,-0.04466,1.5,-0.5,0.5,,1.0,2.0,2.5,0,0
920,51.4881,-0.15116,0.0,-1.0,2.5,-4.5,-2.0,-1.0,-0.5,0,0
921,51.46718,-0.08764,1.0,2.0,3.0,,0.5,3.0,2.0,0,0
922,51.48939,-0.12347,-1.0,-0.5,-3.0,,1.0,1.0,1.5,0,0
923,51.48796,-0.03913,-0.5,-0.5,-1.5,,0.5,0.0,0.5,0,0
924,51.56068,-0.01272,-1.0,,1.5,,-1.0,0.0,-1.0,0,0
925,51.48355,-0.07769,1.0,-0.5,1.0,,-0.5,-0.5,-1.0,0,0
926,51.55629,-0.05132,-2.0,,2.5,,-1.5,0.5,0.5,0,0
927,51.57702,-0.00274,1.5,,3.0,,1.5,1.0,1.5,0,0
928,51.47173,-0.16109,0.5,-2.0,2.5,0.5,0.0,1.0,1.0,0,0
929,51.56677,-0.05391,-1.0,,-1.0,,-0.5,-1.0,-1.5,0,0
930,51.54833,-0.05169,0.0,,0.5,,0.0,-1.0,-1.5,0,0
931,51.47558,-0.07805,-1.0,-0.5,-3.0,,0.0,0.0,-0.5,0,0
932,51.54958,-0.02399,-1.0,,-1.0,,0.5,-1.0,-0.5,0,0
933,51.47685,-0.05038,0.5,1.5,-2.5,,-1.0,-0.5,-1.0,0,0
934,51.45921,-0.088,0.5,0.0,1.0,5.0,0.0,1.0,1.5,0,0
935,51.47093,-0.12122,0.0,0.5,-5.0,-1.0,-1.0,-1.5,-1.0,0,0
936,51.54766,0.05114,1.0,,-0.5,,1.5,1.0,1.0,0,0
937,51.4797,-0.16074,0.0,1.0,4.5,-0.5,2.0,4.5,4.0,0,0
938,51.53574,0.02141,-1.0,,-0.5,,-1.0,-1.0,-1.0,0,0
939,51.50051,-0.11222,-1.0,-1.0,0.5,,0.0,0.5,-0.5,0,0
940,51.53697,0.04909,0.0,,-2.0,,1.0,0.5,0.5,0,0
941,51.57758,0.06946,-1.0,,-5.0,,-1.0,-1.0,-1.0,0,0
942,51.49607,-0.1508,-1.5,-2.0,-1.0,,-0.5,-1.0,-1.5,0,0
943,51.57138,-0.06906,1.0,,1.5,,-0.5,0.0,0.0,0,0
944,51.55377,-0.10675,0.5,-0.5,5.0,,0.0,2.5,2.0,0,0
945,51.41404,-0.14677,3.0,3.5,5.0,3.5,3.0,2.0,2.0,0,0
946,51.58225,-0.00403,-0.5,,2.0,,-1.0,-1.0,-1.0,0,0
947,51.43487,-0.0983,1.0,1.5,4.5,3.5,1.0,0.0,-0.5,0,0
948,51.58349,0.02368,-1.0,,-3.0,,0.0,-1.0,0.0,0,0
949,51.43042,-0.13684,-2.0,-2.5,-5.0,-4.0,-2.0,0.0,-1.0,0,0
950,51.54841,-0.22228,0.0,0.5,-7.5,,1.0,-1.0,-1.0,0,0
951,51.49237,-0.00057,5.0,-1.5,4.5,,4.0,4.5,4.5,0,0
952,51.4407,-0.14405,0.0,-1.5,-1.0,-3.5,0.5,1.5,1.0,0,0
953,51.50117,-0.04005,2.5,-1.5,3.5,,1.5,2.5,2.5,0,0
954,51.41109,-0.15303,0.0,-1.0,3.5,2.5,1.0,-0.5,-1.0,0,0
955,51.52191,0.00849,0.5,,5.0,,0.5,0.5,1.0,0,0
956,51.48724,-0.16962,-2.0,0.5,-2.0,-2.0,-0.5,-2.0,-1.0,0,0
957,51.51752,-0.03008,1.0,0.5,2.5,,1.0,-0.5,0.0,0,0
958,51.47524,-0.19933,0.0,-1.0,-3.5,-1.5,1.0,0.5,-0.5,0,0
959,51.54217,-0.18565,0.0,1.5,3.5,,0.5,-0.5,-1.0,0,0
960,51.54661,-0.14702,0.0,-0.5,2.5,,-0.5,-1.5,-2.0,0,0
961,51.51983,-0.03765,0.0,-1.0,3.0,,0.5,-1.0,0.0,0,0
962,51.51704,-0.15602,-1.0,0.0,1.0,,0.0,0.5,0.0,0,0
963,51.49906,-0.08619,2.0,-0.5,-1.5,,1.5,3.0,2.0,0,0
964,51.50348,-0.04762,-2.5,-0.5,-3.0,,-1.5,-1.5,-0.5,0,0
965,51.4865,-0.01312,-2.0,-1.0,1.5,,-2.0,0.0,-1.0,0,0
966,51.49062,-0.15412,-1.0,0.0,-1.5,3.0,0.0,-1.0,-1.0,0,0
967,51.50494,-0.07364,-0.5,-1.5,4.0,,2.0,1.0,1.0,0,0
968,51.4919,-0.12642,2.0,5.5,1.5,,1.0,0.5,1.5,0,0
969,51.51372,-0.11316,0.5,-1.0,-1.0,,-1.0,2.0,1.0,0,0
970,51.47424,-0.16405,0.5,2.0,-2.5,-3.5,-2.0,-1.0,-1.0,0,0
971,51.5225,-0.15271,-0.5,0.5,0.0,,-1.0,0.0,0.0,0,0
972,51.5345,-0.06461,-0.5,1.0,1.0,,0.5,2.0,1.5,0,0
973,51.52121,-0.18042,-1.0,-1.0,-1.0,,-1.0,-1.0,0.0,0,0
974,51.53008,-0.10321,0.5,-1.0,-3.0,,-0.5,-1.0,0.0,0,0
975,51.47553,-0.13636,0.5,-0.5,-3.5,0.0,-1.0,0.0,0.5,0,0
976,51.55084,-0.05464,0.5,,-1.5,,0.5,1.0,1.0,0,0
977,51.55078,-0.17144,1.0,-1.0,3.5,,1.0,0.5,0.5,0,0
978,51.47809,-0.081,0.0,0.5,1.5,,1.0,-0.5,-0.5,0,0
979,51.5521,-0.02694,-1.0,,0.0,,-0.5,-1.0,-1.0,0,0
980,51.47936,-0.05333,-0.5,-2.5,-4.5,,-0.5,1.0,0.0,0,0
981,51.50627,-0.21642,-0.5,-2.0,-2.0,,-3.5,-1.0,-0.5,0,0
982,51.46173,-0.09095,0.0,0.5,-0.5,0.5,0.0,0.0,-1.0,0,0
983,51.463,-0.06328,-1.0,0.0,-2.0,,-1.0,-2.0,-1.5,0,0
984,51.55017,0.04819,-2.0,,-3.5,,-1.5,-2.0,-2.0,0,0
985,51.42575,-0.18,-2.5,-4.0,5.5,2.5,-1.0,-2.0,-1.5,0,0
986,51.5514,0.07587,-0.5,,-2.0,,0.0,0.0,0.0,0,0
987,51.53825,0.01846,1.0,,1.0,,1.0,2.0,2.0,0,0
988,51.53949,0.04614,0.5,,-3.0,,0.0,0.0,0.0,0,0
989,51.44213,-0.17007,0.5,-1.5,0.5,1.5,0.0,-1.0,-1.0,0,0
990,51.57389,-0.07202,-1.0,,-4.5,,-1.5,-1.0,-1.0,0,0
991,51.55628,-0.10971,-1.0,2.5,1.5,,0.0,0.0,0.0,0,0
992,51.55755,-0.08199,0.0,0.0,-1.0,,0.0,0.5,1.0,0,0
993,51.58477,-0.00698,-1.0,,-2.5,,0.0,-1.0,-1.0,0,0
994,51.58601,0.02073,0.0,,-4.0,,0.0,0.0,0.0,0,0
995,51.44321,-0.14701,0.0,0.0,-1.5,2.0,1.0,-1.5,-1.5,0,0
996,51.41361,-0.15599,-1.0,0.5,-2.0,0.0,-0.5,-1.5,-1.0,0,0
997,51.48976,-0.17258,-0.5,-1.0,0.5,,0.5,-1.0,0.0,0,0
998,51.46891,-0.2211,-1.5,2.0,1.5,1.0,3.0,0.0,1.0,0,0
999,51.47775,-0.20229,-0.5,0.0,-6.0,-2.0,-1.0,-1.0,-1.0,0,0
1000,51.54468,-0.18862,0.5,0.0,0.5,,0.0,0.5,1.0,0,0
1001,51.54913,-0.14999,0.5,0.0,2.5,,1.5,1.0,0.5,0,0
1002,51.52832,-0.19855,0.0,1.0,-1.0,,0.0,0.0,0.5,0,0
1003,51.55649,-0.10509,-2.0,-1.5,-3.0,,2.0,3.0,5.5,0,0
1004,51.51955,-0.15898,-0.5,0.0,1.5,,-0.5,0.0,0.0,0,0
1005,51.55522,-0.13281,1.0,1.0,2.0,,1.0,-1.0,-1.0,0,0
1006,51.49676,-0.07862,-0.5,-1.5,-1.0,,-1.0,0.0,-0.5,0,0
1007,51.49802,-0.05094,2.0,3.5,2.0,,1.0,0.0,0.5,0,0
1008,51.4896,-0.11885,2.0,-0.5,-0.5,,1.5,1.0,1.5,0,0
1009,51.46878,-0.16736,-0.5,-1.0,0.5,-1.0,0.5,1.0,1.0,0,0
1010,51.47323,-0.12879,2.0,-1.5,2.5,0.0,0.5,0.5,0.0,0,0
1011,51.54555,0.06331,-0.5,,2.0,,-2.0,-0.5,-2.0,0,0
1012,51.54979,-0.01937,2.0,,3.5,,1.5,2.5,2.0,0,0
1013,51.54118,0.02474,-0.5,,0.5,,1.0,-0.5,-0.5,0,0
1014,51.47706,-0.04577,-0.5,1.5,-0.5,,-1.0,-0.5,-1.0,0,0
1015,51.56187,0.07331,0.5,,2.5,,0.5,1.0,0.0,0,0
1016,51.45627,-0.09427,0.0,0.5,0.5,-2.0,0.0,1.0,1.0,0,0
1017,51.4607,-0.05572,-0.5,0.0,0.5,,1.5,1.5,1.0,0,0
1018,51.54473,0.04486,1.0,,-2.5,,2.0,2.0,2.0,0,0
1019,51.54909,0.08343,-0.5,,4.5,,0.5,0.5,0.5,0,0
1020,51.53718,0.05371,0.5,,-2.5,,0.0,-0.5,0.5,0,0
1021,51.57159,-0.06444,1.0,,-3.0,,1.0,-1.0,-1.0,0,0
1022,51.55083,-0.11303,1.0,0.0,3.0,,1.5,1.5,1.0,0,0
1023,51.55524,-0.07441,-1.0,3.0,-3.0,,-1.0,-1.0,-0.5,0,0
1024,51.5837,0.0283,1.5,,0.0,,2.0,1.0,2.0,0,0
1025,51.54863,-0.21766,0.0,0.5,-0.5,,0.0,1.0,1.0,0,0
1026,51.43775,-0.15032,0.5,-1.0,1.5,-0.5,0.0,0.0,-1.0,0,0
1027,51.48545,-0.03617,-1.0,0.5,-2.5,,-0.5,-0.5,-1.0,0,0
1028,51.55817,-0.00977,0.0,,-3.0,,0.0,-2.0,-1.0,0,0
1029,51.48103,-0.07473,1.5,-1.0,-2.5,,0.5,1.0,1.5,0,0
1030,51.55378,-0.04836,0.0,,-2.5,,0.5,1.0,0.0,0,0
1031,51.5745,0.00022,-1.0,,-1.0,,-0.5,0.0,-1.0,0,0
1032,51.53226,-0.22759,0.5,0.0,-2.5,,1.0,-0.5,0.0,0,0
1033,51.4843,-0.1759,-1.0,0.0,-1.0,-4.0,-0.5,-1.0,-0.5,0,0
1034,51.46661,-0.21352,-1.5,-1.0,-0.5,-1.5,-1.5,-2.5,-1.5,0,0
1035,51.54239,-0.18103,0.5,-1.5,0.0,,-0.5,-2.5,-2.0,0,0
1036,51.54367,-0.1533,-0.5,-4.0,-6.0,,-1.0,-0.5,0.0,0,0
1037,51.51102,-0.05648,0.0,-0.5,-6.0,,0.0,0.0,-1.0,0,0
1038,51.52602,-0.19097,0.0,-1.5,2.5,,0.0,0.0,0.0,0,0
1039,51.46842,-0.11827,0.0,1.0,-2.5,-1.0,0.0,0.5,1.0,0,0
1040,51.49927,-0.08157,0.0,0.5,2.0,,1.0,-0.5,0.5,0,0
1041,51.50054,-0.05389,-1.0,-2.5,-1.5,,-1.0,0.5,-0.5,0,0
1042,51.48671,-0.00851,2.0,-3.0,-1.5,,1.0,0.0,0.5,0,0
1043,51.498,-0.10926,-2.0,0.0,-1.0,,2.0,0.0,0.5,0,0
1044,51.49212,-0.12181,-2.0,-0.5,-0.5,,-0.5,0.0,-1.0,0,0
1045,51.57507,0.07241,0.0,,-3.5,,2.5,2.0,2.0,0,0
1046,51.49356,-0.14785,2.0,3.0,-1.5,,2.5,0.5,0.0,0,0
1047,51.4713,-0.17032,1.0,2.0,-2.0,0.5,0.0,-0.5,0.0,0,0
1048,51.47575,-0.13175,-1.5,1.0,-3.5,-2.0,-1.0,-1.0,-1.0,0,0
1049,51.47076,-0.06753,1.0,1.0,-0.5,,1.0,0.5,0.5,0,0
1050,51.55231,-0.02232,-2.0,,-4.0,,-1.5,-2.0,-2.0,0,0
1051,51.47958,-0.04872,-0.5,-0.5,0.5,,0.0,-1.0,0.0,0,0
1052,51.45879,-0.09722,0.5,0.5,1.0,2.5,0.5,-1.0,-1.0,0,0
1053,51.42791,-0.13388,-0.5,0.0,-1.5,-2.5,-0.5,-0.5,-1.0,0,0
1054,51.46322,-0.05867,0.5,-0.5,1.5,,-0.5,0.5,0.0,0,0
1055,51.54724,0.04191,0.0,,6.0,,-1.0,-1.0,-1.0,0,0
1056,51.55161,0.08048,0.0,,2.5,,-0.5,-0.5,-0.5,0,0
1057,51.53091,0.03193,0.0,,-1.0,,0.0,0.0,0.0,0,0
1058,51.5397,0.05076,0.5,,-6.5,,-1.0,-1.5,-1.0,0,0
1059,51.5194,0.01144,-0.5,,1.0,,-0.5,-0.5,0.0,0,0
1060,51.5741,-0.0674,0.0,,-2.5,,0.0,0.0,0.0,0,0
1061,51.51501,-0.02713,0.0,1.0,0.0,,0.0,-0.5,0.0,0,0
1062,51.55334,-0.11599,0.5,-0.5,-1.0,,0.0,0.5,-0.5,0,0
1063,51.55776,-0.07737,1.0,-2.0,0.5,,1.5,-0.5,0.0,0,0
1064,51.58621,0.02534,0.0,,2.0,,0.0,0.0,0.5,0,0
1065,51.55114,-0.22063,1.0,3.5,-2.5,,0.5,-1.0,-1.0,0,0
1066,51.44027,-0.15328,0.5,2.5,1.5,1.5,0.0,1.0,1.0,0,0
1067,51.53477,-0.23056,-1.0,1.0,4.5,,0.5,-0.5,0.0,0,0
1068,51.42388,-0.1632,-1.0,-0.5,-2.0,-0.5,-1.0,-1.0,0.0,0,0
1069,51.48681,-0.17886,0.5,-2.0,-0.5,-4.0,-0.5,-0.5,0.0,0,0
1070,51.46913,-0.21648,2.5,-1.0,-2.0,2.0,5.0,2.5,3.0,0,0
1071,51.50242,-0.07068,0.0,1.0,0.5,,-0.5,0.0,-0.5,0,0
1072,51.47043,-0.18879,0.0,-1.0,1.0,-2.5,-0.5,0.5,-0.5,0,0
1073,51.5449,-0.18399,1.5,-0.5,-0.5,,0.5,1.5,1.0,0,0
1074,51.54619,-0.15627,0.0,-2.0,-4.0,,0.0,-1.5,-1.5,0,0
1075,51.52795,-0.14939,-1.0,0.0,-2.5,,-0.5,-1.0,0.5,0,0
1076,51.53198,-0.06165,-1.0,0.0,-1.0,,-1.0,-1.5,-1.0,0,0
1077,51.52351,-0.188,1.0,-1.0,-2.0,,-1.0,-0.5,-0.5,0,0
1078,51.52757,-0.10025,-1.5,0.0,1.5,,-1.0,0.0,0.0,0,0
1079,51.54431,-0.13944,1.0,1.0,0.5,,1.5,-0.5,-1.5,0,0
1080,51.50872,-0.04891,0.5,-1.0,2.5,,0.5,1.0,1.0,0,0
1081,51.55308,-0.17902,0.0,-0.5,0.5,,-0.5,0.0,0.0,0,0
1082,51.52853,-0.19393,-0.5,-1.5,1.0,,0.5,0.5,0.5,0,0
1083,51.52982,-0.16621,1.5,-4.0,0.0,,1.5,-1.0,-0.5,0,0
1084,51.49824,-0.04632,0.0,1.0,-3.5,,0.0,-0.5,-0.5,0,0
1085,51.50856,-0.224,-2.5,1.5,-1.5,,-1.5,-1.0,-1.0,0,0
1086,51.469,-0.16275,-0.5,3.0,2.5,1.0,-1.0,-0.5,-1.0,0,0
1087,51.47029,-0.13506,0.5,-1.0,2.0,1.0,-1.0,-0.5,-1.5,0,0
1088,51.46846,-0.05997,0.0,0.5,3.5,,0.0,0.0,0.5,0,0
1089,51.42804,-0.18757,0.5,6.5,4.0,5.5,-0.5,0.0,0.5,0,0
1090,51.45649,-0.08965,-0.5,0.0,2.5,-1.0,-0.5,0.0,-0.5,0,0
1091,51.45776,-0.06199,0.5,-0.5,1.0,,0.0,1.0,0.5,0,0
1092,51.54493,0.04947,-2.0,,-5.0,,-2.0,-2.5,-2.5,0,0
1093,51.44443,-0.17764,0.0,-0.5,-2.0,-0.5,-0.5,-0.5,0.0,0,0
1094,51.54616,0.07715,-1.5,,-2.0,,-1.5,-2.0,-2.0,0,0
1095,51.5286,0.03949,0.0,,-1.0,,0.0,0.0,0.5,0,0
1096,51.55104,-0.10841,-1.5,-0.5,1.0,,-0.5,-2.0,-1.5,0,0
1097,51.55231,-0.08069,0.5,-0.5,2.0,,0.0,-1.0,-0.5,0,0
1098,51.43797,-0.14571,-0.5,0.5,3.0,-0.5,0.5,0.0,-1.0,0,0
1099,51.42158,-0.15564,0.0,-2.5,-4.0,-0.5,-1.0,-0.5,0.0,0,0
1100,51.48451,-0.17128,1.5,1.0,1.0,1.0,2.0,1.0,1.0,0,0
1101,51.46367,-0.21979,2.0,0.5,4.5,5.5,3.5,3.5,3.5,0,0
1102,51.46814,-0.18121,-0.5,-1.5,0.5,-2.0,-0.5,-1.0,-2.0,0,0
1103,51.54389,-0.14868,-0.5,1.0,-0.5,,-2.0,1.5,0.0,0,0
1104,51.51123,-0.05186,-0.5,0.5,-2.5,,-0.5,-1.0,-0.5,0,0
1105,51.52307,-0.19725,0.5,2.5,0.5,,-0.5,0.0,0.5,0,0
1106,51.49045,-0.10039,1.5,-1.5,2.0,,1.0,0.0,0.5,0,0
1107,51.56194,-0.10177,1.0,1.0,-3.0,,0.0,1.0,1.0,0,0
1108,51.52752,-0.15863,1.0,-1.0,-2.0,,0.5,0.5,1.0,0,0
1109,51.55752,-0.14039,1.0,,-1.0,,1.0,0.5,0.5,0,0
1110,51.50075,-0.04928,-2.0,-2.0,-1.0,,-1.0,-0.5,-0.5,0,0
1111,51.57829,-0.0918,2.5,,8.0,,2.5,0.0,0.0,0,0
1112,51.47151,-0.16571,-1.0,1.0,0.5,-1.5,0.0,0.0,-0.5,0,0
1113,51.4728,-0.13802,1.0,0.5,5.5,-1.0,1.0,1.5,1.5,0,0
1114,51.47097,-0.06292,-1.5,0.0,3.0,,-1.5,0.5,0.5,0,0
1115,51.54786,0.05575,0.0,,-1.0,,-1.0,-1.0,-1.0,0,0
1116,51.47224,-0.03525,1.0,0.5,4.0,,2.0,0.0,0.5,0,0
1117,51.54663,0.02807,-0.5,,-1.0,,-0.5,0.0,0.0,0,0
1118,51.459,-0.09261,-1.0,-0.5,0.5,-1.5,-0.5,0.0,0.5,0,0
1119,51.56419,0.06574,0.0,,-1.5,,1.0,1.0,1.0,0,0
1120,51.46028,-0.06494,0.0,0.5,1.5,,0.5,0.5,0.5,0,0
1121,51.56296,0.03806,-1.0,,-1.5,,-0.5,-1.5,-1.5,0,0
1122,51.54745,0.04653,1.0,,13.5,,1.0,0.5,0.5,1,0
1123,51.54868,0.0742,-2.5,,-2.0,,-1.5,-1.0,-1.0,0,0
1124,51.53112,0.03654,0.0,,-1.0,,0.0,-0.5,0.0,0,0
1125,51.53235,0.06421,0.0,,-0.5,,-0.5,-0.5,-0.5,0,0
1126,51.5653,-0.08625,-2.0,,-4.5,,-2.0,-2.0,-1.0,0,0
1127,51.55355,-0.11137,-2.0,0.0,-3.0,,-1.0,-1.5,0.0,0,0
1128,51.55482,-0.08365,0.0,2.5,1.0,,-0.5,0.5,1.5,0,0
1129,51.54382,-0.2071,-1.0,-0.5,-0.5,,-1.0,-0.5,-0.5,0,0
1130,51.44048,-0.14866,0.0,-2.5,0.5,1.0,-0.5,0.0,1.0,0,0
1131,51.48775,-0.04374,1.0,3.5,2.0,,1.0,0.0,0.0,0,0
1132,51.56048,-0.01734,1.0,,0.5,,0.0,-1.0,-1.5,0,0
1133,51.55922,-0.04504,2.0,,0.5,,3.0,2.5,3.5,0,0
1134,51.48649,-0.07141,-1.0,-1.5,-3.0,,-1.5,0.0,-0.5,0,0
1135,51.57681,-0.00736,0.5,,1.0,,-1.0,-1.0,-1.0,0,0
1136,51.4241,-0.15859,0.0,0.5,1.5,-1.0,1.5,1.0,0.0,0,0
1137,51.57556,-0.03507,2.0,,2.5,,3.0,1.5,0.5,0,0
1138,51.48703,-0.17424,0.5,2.5,2.0,2.0,0.0,0.5,-0.5,0,0
1139,51.47065,-0.18417,1.0,1.5,5.0,5.5,1.5,2.0,2.0,0,0
1140,51.5464,-0.15165,1.0,0.0,-1.5,,1.0,-1.5,-0.5,0,0
1141,51.50578,-0.05518,-1.0,1.5,0.5,,-1.0,-0.5,-1.0,0,0
1142,51.52559,-0.20021,1.5,0.5,0.5,,0.0,-1.5,-1.5,0,0
1143,51.47072,-0.12584,-1.0,2.0,-1.5,-3.0,0.5,-1.5,-1.5,0,0
1144,51.48815,-0.09282,-1.5,0.5,1.5,,1.0,1.0,1.5,0,0
1145,51.46943,-0.15352,1.0,0.5,1.5,3.0,0.5,0.5,1.0,0,0
1146,51.53004,-0.16159,0.5,4.0,2.5,,0.5,1.5,1.5,0,0
1147,51.5003,-0.11683,-1.0,-1.0,-0.5,,-3.5,-1.0,-0.5,0,0
1148,51.4705,-0.13045,0.5,0.0,-0.5,2.0,0.5,0.5,0.0,0,0
1149,51.58051,0.07574,-1.0,,-1.5,,0.0,-1.0,-1.0,0,0
1150,51.49902,-0.14453,-1.0,-1.5,3.5,,0.5,-0.5,-1.0,0,0
1151,51.46552,-0.06624,0.0,0.0,-3.0,,2.0,0.5,1.0,0,0
1152,51.54637,0.08176,-0.5,,2.0,,-1.5,-2.0,-1.5,0,0
1153,51.42288,-0.12797,0.0,-1.0,-5.0,-1.0,0.0,-0.5,0.0,0,0
1154,51.52567,0.03321,-1.0,,-2.5,,-1.0,0.5,-0.5,0,0
1155,51.43466,-0.10291,0.0,-1.0,-2.5,-1.5,-1.0,0.5,0.5,0,0
1156,51.56299,-0.07867,2.5,,-1.0,,0.5,2.0,2.0,0,0
1157,51.43337,-0.13057,-1.0,0.0,0.5,-0.5,-1.0,0.0,-1.0,0,0
1158,51.55252,-0.07607,-0.5,-0.5,0.0,,0.5,1.5,1.0,0,0
1159,51.49216,-0.00519,-1.5,0.5,3.5,,-2.5,-2.0,-2.0,0,0
1160,51.5898,-0.01289,-1.0,,-2.5,,-0.5,1.0,0.5,0,0
1161,51.4909,-0.03285,-1.0,1.0,-1.5,,-1.0,-1.5,-2.0,0,0
1162,51.54153,-0.19952,0.0,1.5,1.0,,0.0,-1.0,-1.0,0,0
1163,51.52171,0.00387,-0.5,,-3.5,,0.0,-1.5,-1.0,0,0
1164,51.52953,-0.22925,-2.0,-0.5,-4.5,,-1.5,-1.0,-1.0,0,0
1165,51.52045,-0.02381,0.5,3.0,2.5,,1.5,-1.0,-0.5,0,0
1166,51.41864,-0.1619,-1.0,-1.0,-3.5,-4.5,-0.5,-0.5,-0.5,0,0
1167,51.46388,-0.21518,0.5,0.0,1.0,1.0,-1.0,-1.0,-1.0,0,0
1168,51.46519,-0.18748,-1.0,-4.0,-2.0,-4.0,-1.5,0.0,-0.5,0,0
1169,51.5083,-0.05814,-0.5,-1.0,-2.5,,-0.5,-1.0,-0.5,0,0
1170,51.52329,-0.19262,-0.5,-2.5,-1.0,,-1.0,0.5,0.5,0,0
1171,51.52458,-0.16491,0.5,3.0,-2.0,,0.5,1.0,1.0,0,0
1172,51.49067,-0.09578,-1.0,-1.0,1.5,,-0.5,0.0,0.0,0,0
1173,51.49194,-0.0681,1.0,-0.5,1.0,,0.5,-0.5,0.5,0,0
1174,51.47302,-0.13341,-0.5,-0.5,1.5,1.5,-1.0,0.0,1.0,0,0
1175,51.50473,-0.07825,0.0,-0.5,-3.5,,0.0,2.0,2.0,0,0
1176,51.56403,0.00279,0.0,,-1.0,,0.5,0.5,0.0,0,0
1177,51.50345,-0.10595,0.0,1.0,-2.5,,-0.5,-0.5,-1.0,0,0
1178,51.46803,-0.06919,0.5,-3.0,0.0,,0.0,1.5,1.5,0,0
1179,51.52544,-0.14643,0.5,1.0,-1.0,,-0.5,1.0,0.5,0,0
1180,51.53429,-0.06923,0.0,1.5,2.5,,-0.5,0.0,0.0,0,0
1181,51.52099,-0.18504,1.0,-2.0,-2.0,,-0.5,1.0,0.5,0,0
1182,51.53302,-0.09693,0.0,-2.5,1.0,,0.0,1.5,0.5,0,0
1183,51.5418,-0.13648,-0.5,0.0,0.0,,0.5,-0.5,-0.5,0,0
1184,51.45167,-0.07914,0.0,-0.5,1.0,1.5,-1.0,0.5,1.0,0,0
1185,51.46049,-0.06033,0.0,-2.0,-3.5,,0.0,0.5,0.5,0,0
1186,51.55772,0.03934,2.5,,2.5,,2.5,2.5,2.5,0,0
1187,51.54888,0.07882,2.0,,0.5,,2.0,2.5,2.5,0,0
1188,51.52819,0.03026,0.0,,1.5,,0.0,1.5,0.5,0,0
1189,51.50605,-0.22104,2.0,1.5,-0.5,,3.0,3.0,2.5,0,0
1190,51.53256,0.06882,4.0,,4.0,,4.0,3.5,4.0,0,0
1191,51.56551,-0.08163,-0.5,,-0.5,,-1.0,-0.5,-0.5,0,0
1192,51.54474,-0.1302,0.0,-1.5,2.5,,1.0,1.0,0.5,0,0
1193,51.55503,-0.07903,1.0,-2.5,3.0,,3.0,0.0,-1.0,0,0
1194,51.59231,-0.01585,-0.5,,2.5,,-1.5,1.0,1.5,0,0
1195,51.54404,-0.20248,-0.5,-3.5,-2.5,,-0.5,-0.5,-0.5,0,0
1196,51.43164,-0.16746,-0.5,-1.5,2.0,-3.5,-1.0,0.0,-1.0,0,0
1197,51.44191,-0.17468,-1.0,1.0,2.0,1.0,0.0,-1.5,-1.0,0,0
1198,51.53204,-0.23222,-1.0,2.0,0.0,,-0.5,1.0,0.0,0,0
1199,51.42115,-0.16486,-1.0,-3.0,1.5,-1.0,-0.5,1.0,0.5,0,0
1200,51.4973,-0.18147,-0.5,0.5,-1.0,,0.0,0.0,-1.0,0,0
1201,51.4664,-0.21814,-0.5,0.5,1.5,-1.0,0.0,0.5,0.0,0,0
1202,51.4677,-0.19044,-1.0,-1.0,-6.0,-5.0,-1.0,-2.0,-1.0,0,0
1203,51.50599,-0.05057,1.0,3.5,4.0,,0.0,0.0,-1.0,0,0
1204,51.5258,-0.19559,-2.0,0.5,-0.5,,-0.5,-1.0,-1.0,0,0
1205,51.52709,-0.16787,0.5,-1.5,-0.5,,2.5,1.5,1.0,0,0
1206,51.48521,-0.09909,-0.5,0.5,-0.5,,0.0,2.0,1.0,0,0
1207,51.48964,-0.06053,1.0,0.0,2.0,,0.5,0.0,0.5,0,0
1208,51.56172,0.01036,0.5,,-3.0,,0.5,-1.0,-0.5,0,0
1209,51.46573,-0.06162,1.0,0.5,-2.0,,-0.5,1.0,0.0,0,0
1210,51.55541,0.04691,-1.0,,-2.0,,-1.0,-0.5,-0.5,0,0
1211,51.55943,-0.09881,-1.0,1.0,-1.5,,-0.5,0.0,-1.0,0,0
1212,51.52588,0.03782,-0.5,,-0.5,,-0.5,-1.0,-0.5,0,0
1213,51.55501,-0.13743,0.0,0.5,-1.0,,0.0,-1.5,-1.5,0,0
1214,51.56006,-0.08495,-0.5,,0.0,,0.0,0.0,0.0,0,0
1215,51.57578,-0.08884,2.0,,5.0,,1.5,0.0,-0.5,0,0
1216,51.54244,-0.12262,0.5,3.0,6.0,,0.0,2.0,2.0,0,0
1217,51.59001,-0.00827,0.0,,-0.5,,0.5,-2.0,-1.0,0,0
1218,51.59124,0.01944,-0.5,,-2.5,,0.0,-0.5,-0.5,0,0
1219,51.53858,-0.20579,1.5,2.0,6.0,,2.0,-0.5,-0.5,0,0
1220,51.42934,-0.15989,-1.0,0.0,3.5,0.5,0.0,0.0,0.0,0,0
1221,51.54411,0.03102,0.0,,0.5,,2.0,1.0,1.0,0,0
1222,51.41885,-0.15729,1.0,2.0,4.0,4.5,1.5,0.0,-1.0,0,0
1223,51.56167,0.06869,-1.0,,-3.0,,-1.0,-1.0,-1.5,0,0
1224,51.495,-0.17389,0.0,-0.5,-4.5,,-1.5,-1.5,-1.0,0,0
1225,51.56044,0.04101,-1.5,,-2.0,,-1.0,-1.0,-1.0,0,0
1226,51.4654,-0.18286,0.0,0.5,3.0,2.0,1.0,-1.0,-0.5,0,0
1227,51.50851,-0.05352,0.0,-2.0,-1.5,,0.0,0.5,1.0,0,0
1228,51.5248,-0.16029,-3.0,-3.5,-2.0,,-1.5,0.0,0.5,0,0
1229,51.48773,-0.10205,3.5,-1.0,-2.5,,0.5,0.0,0.0,0,0
1230,51.49215,-0.06348,-1.0,0.0,-1.0,,-1.0,-0.5,-1.0,0,0
1231,51.56423,0.00741,1.5,,1.5,,0.5,-1.0,2.0,0,0
1232,51.54351,-0.04116,0.0,,-1.5,,-0.5,1.0,1.5,0,0
1233,51.46825,-0.06458,1.0,-0.5,2.5,,0.5,-0.5,0.0,0,0
1234,51.45188,-0.07453,-1.0,-1.0,-0.5,,0.0,-0.5,-0.5,0,0
1235,51.55792,0.04396,-1.5,,-3.0,,-1.5,-1.0,-1.0,0,0
1236,51.55915,0.07164,-0.5,,-3.5,,-1.0,-0.5,0.0,0,0
1237,51.48397,-0.06846,-1.0,3.0,-3.0,,-2.0,-1.0,-0.5,0,0
1238,51.55671,-0.04209,0.0,,1.5,,-1.0,-1.0,-1.0,0,0
1239,51.5743,-0.0044,0.0,,2.0,,-0.5,0.0,0.0,0,0
1240,51.52839,0.03488,-0.5,,-1.5,,-0.5,0.0,0.0,0,0
1241,51.57305,-0.03211,-1.0,,1.5,,-0.5,-1.0,0.0,0,0
1242,51.52963,0.06255,0.5,,4.0,,1.5,2.0,2.0,0,0
1243,51.56257,-0.08791,2.5,,1.5,,2.0,4.0,3.5,0,0
1244,51.54495,-0.12558,0.0,1.0,0.0,,1.5,-2.0,-2.0,0,0
1245,51.54622,-0.09787,0.0,0.0,-1.0,,0.0,-1.0,-1.0,0,0
1246,51.59252,-0.01123,2.0,,3.5,,2.0,3.5,3.5,0,0
1247,51.4682,-0.12288,-0.5,-1.5,5.0,0.0,-0.5,0.0,-1.0,0,0
1248,51.54109,-0.20876,-0.5,1.5,1.5,,0.5,-1.0,-1.0,0,0
1249,51.46692,-0.15056,0.0,0.5,-3.5,-4.5,0.0,-1.0,-1.5,0,0
1250,51.43186,-0.16285,0.5,-0.5,-1.0,-3.5,-1.0,-1.0,-1.0,0,0
1251,51.52472,-0.21869,2.0,5.5,2.5,,0.5,-0.5,0.0,0,0
1252,51.42137,-0.16025,0.5,2.0,-1.0,0.0,-1.0,0.5,0.0,0,0
1253,51.57799,0.07869,1.0,,1.0,,0.5,0.5,0.5,0,0
1254,51.4965,-0.14157,-0.5,2.0,-6.0,,-0.5,-2.0,-1.0,0,0
1255,51.49751,-0.17685,2.0,0.0,3.5,,1.0,2.5,1.5,0,0
1256,51.46792,-0.18583,-0.5,2.5,6.0,3.5,0.0,1.0,1.5,0,0
1257,51.42037,-0.12502,0.0,3.0,1.5,4.0,0.0,0.5,-0.5,0,0
1258,51.52731,-0.16325,0.0,2.0,2.0,,-0.5,-1.5,-1.0,0,0
1259,51.48543,-0.09448,-0.5,0.0,-2.0,,-1.5,-0.5,-1.5,0,0
1260,51.4867,-0.0668,1.0,2.5,4.5,,0.0,-1.5,-1.0,0,0
1261,51.43085,-0.12762,0.0,0.5,-1.5,0.0,0.0,-1.0,-0.5,0,0
1262,51.55879,0.00408,0.5,,-0.5,,0.0,-0.5,1.0,0,0
1263,51.5412,-0.03359,4.5,,5.0,,2.5,2.0,3.0,0,0
1264,51.55248,0.04063,2.0,,0.5,,2.0,6.0,6.0,0,0
1265,51.48838,-0.0299,1.5,-3.0,-1.0,,0.5,2.0,2.0,0,0
1266,51.55684,0.0792,1.5,,-1.0,,1.0,1.0,1.0,0,0
1267,51.56027,-0.08033,-1.5,0.0,1.5,,-0.5,0.0,2.5,0,0
1268,51.5395,-0.1289,1.5,0.5,7.0,,2.0,3.0,3.0,0,0
1269,51.51794,-0.02086,-1.0,0.0,1.5,,-1.0,0.5,1.0,0,0
1270,51.54392,-0.09029,-1.0,-1.0,-2.0,,-1.0,-2.0,-2.0,0,0
1271,51.59145,0.02406,0.0,,-3.0,,-0.5,0.5,0.0,0,0
1272,51.5388,-0.20117,-1.0,-1.5,3.0,,-1.0,-0.5,-0.5,0,0
1273,51.4264,-0.16616,0.5,-1.5,-4.5,-1.0,-1.0,0.0,-0.5,0,0
1274,51.52243,-0.21111,-0.5,-1.5,0.0,,0.0,0.0,0.0,0,0
1275,51.49205,-0.18016,0.0,1.0,1.0,,0.0,0.5,0.0,0,0
1276,51.47437,-0.21779,-1.0,-1.0,-0.5,2.5,0.0,-0.5,-1.5,0,0
1277,51.51878,-0.06073,1.0,0.5,-3.0,,0.5,-1.0,0.0,0,0
1278,51.48794,-0.09744,1.0,0.5,-0.5,,1.0,0.0,0.0,0,0
1279,51.50221,-0.0753,-1.0,-1.0,1.0,,-1.0,-0.5,-1.0,0,0
1280,51.48921,-0.06975,1.0,-1.0,0.5,,1.0,0.5,-0.5,0,0
1281,51.50094,-0.10299,0.5,-1.0,3.5,,1.0,0.0,-0.5,0,0
1282,51.48479,-0.10832,0.0,-1.0,-1.0,,0.0,-0.5,-1.0,0,0
1283,51.52774,-0.15401,1.0,0.5,2.5,,0.5,1.0,0.0,0,0
1284,51.56131,0.00113,-1.5,,-2.0,,-1.5,0.0,-1.5,0,0
1285,51.52645,-0.18173,0.0,-2.0,1.5,,0.0,-0.5,1.0,0,0
1286,51.5305,-0.09397,0.5,3.0,0.5,,0.5,0.5,0.5,0,0
1287,51.5441,-0.14406,0.0,-2.0,0.5,,-0.5,-0.5,1.0,0,0
1288,51.54372,-0.03654,0.0,,1.0,,-1.0,-0.5,-1.0,0,0
1289,51.54282,-0.17179,0.5,-0.5,-2.5,,1.0,-1.0,-0.5,0,0
1290,51.54497,-0.00885,0.5,,-1.5,,0.0,-1.0,0.0,0,0
1291,51.47852,-0.07178,2.5,0.5,-2.0,,1.0,2.0,2.5,0,0
1292,51.44894,-0.0808,0.0,-0.5,-1.0,4.0,0.0,-0.5,-1.0,0,0
1293,51.51151,-0.21773,-1.5,-1.5,1.0,,-2.0,0.5,0.0,0,0
1294,51.555,0.03768,0.0,,0.5,,-1.5,-2.0,-2.0,0,0
1295,51.55936,0.07625,-1.0,,-3.5,,-1.0,-1.0,-0.5,0,0
1296,51.53867,0.02769,-0.5,,1.0,,-0.5,0.0,0.0,0,0
1297,51.56278,-0.08329,1.5,,1.5,,0.0,0.0,-2.0,0,0
1298,51.54201,-0.13186,-1.5,-0.5,2.5,,-1.5,-1.5,0.0,0,0
1299,51.54643,-0.09325,1.0,-0.5,0.5,,1.0,1.5,1.5,0,0
1300,51.58518,0.00225,1.5,,2.5,,0.5,0.5,1.0,0,0
1301,51.44738,-0.17138,-2.0,-1.0,-2.5,-3.0,-2.0,-2.0,-1.5,0,0
1302,51.54131,-0.20414,0.5,1.0,0.0,,0.0,1.0,1.0,0,0
1303,51.42891,-0.16912,-1.0,-0.5,-4.5,-1.5,-0.5,-1.0,0.0,0,0
1304,51.52494,-0.21407,-2.5,-2.5,0.5,,0.0,-1.0,-1.0,0,0
1305,51.49457,-0.18312,0.0,-1.0,-5.0,,-1.0,-0.5,0.0,0,0
1306,51.47688,-0.22076,0.5,-1.0,3.0,,0.5,0.5,1.0,0,0
1307,51.47819,-0.19306,-1.0,-0.5,-1.5,-5.0,0.0,0.0,0.0,0,0
1308,51.51647,-0.05316,-1.5,-1.0,0.0,,-1.5,-0.5,0.0,0,0
1309,51.48691,-0.06219,-1.5,-1.5,1.0,,-0.5,-0.5,-1.0,0,0
1310,51.48249,-0.10075,-0.5,0.0,2.0,,-1.0,-0.5,-1.0,0,0
1311,51.559,0.0087,1.0,,2.5,,0.0,0.0,1.5,0,0
1312,51.53827,-0.03987,-1.0,-1.0,0.5,,0.0,-1.5,-1.5,0,0
1313,51.54266,-0.00128,-2.0,,-6.5,,-1.0,-1.5,-2.5,0,0
1314,51.47621,-0.06421,0.0,0.5,2.0,,1.0,1.0,2.0,0,0
1315,51.56173,-0.10639,1.5,-1.5,-1.0,,1.5,1.0,0.5,0,0
1316,51.57425,0.05395,-0.5,,0.0,,0.0,0.0,0.0,0,0
1317,51.56046,-0.13411,0.0,,0.5,,0.0,1.5,1.5,0,0
1318,51.55269,0.04524,0.5,,-3.0,,0.5,-1.0,-1.0,0,0
1319,51.57808,-0.09642,-0.5,,0.0,,-0.5,2.0,1.5,0,0
1320,51.55392,0.07292,0.0,,-3.5,,-1.0,-1.0,-1.0,0,0
1321,51.53636,0.03525,0.5,,-5.5,,0.5,1.0,1.0,0,0
1322,51.53971,-0.12428,-1.0,0.0,-1.5,,-2.0,-1.5,-2.0,0,0
1323,51.54098,-0.09657,-1.0,1.5,-2.0,,-1.0,-1.0,-1.5,0,0
1324,51.58287,0.00983,0.0,,-0.5,,-0.5,-0.5,-0.5,0,0
1325,51.54642,0.02346,-0.5,,-0.5,,-0.5,0.0,0.0,0,0
1326,51.42661,-0.16155,-0.5,0.0,0.5,-0.5,0.5,0.0,-0.5,0,0
1327,51.56711,0.07203,-1.0,,0.0,,-1.0,-1.0,-1.5,0,0
1328,51.51948,-0.21738,0.0,-1.0,-1.5,,-1.0,-0.5,-0.5,0,0
1329,51.56275,0.03344,-1.0,,-4.0,,-1.0,-1.5,-1.5,0,0
1330,51.41023,-0.17147,2.0,3.5,-1.0,7.5,1.0,0.5,1.0,0,0
1331,51.49227,-0.17555,1.0,0.0,-1.5,,0.5,1.5,1.0,0,0
1332,51.47589,-0.18548,0.5,-2.0,5.5,0.0,1.0,2.0,1.0,0,0
1333,51.51899,-0.05611,-0.5,0.0,1.0,,1.0,-1.0,-1.0,0,0
1334,51.49821,-0.10465,1.0,0.5,-1.0,,-1.5,-1.0,-1.0,0,0
1335,51.48942,-0.06514,-1.0,-1.5,1.0,,0.0,0.0,-1.0,0,0
1336,51.485,-0.10371,0.0,0.0,1.0,,-0.5,1.0,1.0,0,0
1337,51.46419,-0.15222,-0.5,0.0,-0.5,0.0,-0.5,0.5,1.0,0,0
1338,51.56151,0.00575,-1.5,,4.0,,0.0,1.5,-1.5,0,0
1339,51.55021,-0.01014,-2.0,,2.5,,-2.0,1.5,0.0,0,0
1340,51.54078,-0.04282,-1.5,,2.0,,1.0,2.0,2.5,0,0
1341,51.55902,-0.04966,0.0,,2.0,,0.5,2.5,2.5,0,0
1342,51.48627,-0.07603,0.0,-1.0,-0.5,,-1.5,0.0,0.0,0,0
1343,51.57974,-0.00107,-0.5,,-1.0,,-0.5,-1.5,-1.5,0,0
1344,51.54518,-0.00423,0.5,,-1.0,,-0.5,1.5,0.0,0,0
1345,51.57536,-0.03969,-1.0,,-1.0,,1.5,1.0,2.0,0,0
1346,51.47873,-0.06717,0.5,0.5,0.0,,0.0,0.0,-1.0,0,0
1347,51.48,-0.03949,-1.0,1.0,-1.0,,-1.5,-1.0,-1.0,0,0
1348,51.44915,-0.07618,0.0,1.5,2.0,5.0,1.0,-1.0,-0.5,0,0
1349,51.5552,0.04229,-0.5,,0.0,,0.0,-0.5,-0.5,0,0
1350,51.55643,0.06998,-1.0,,0.5,,0.0,-0.5,-1.0,0,0
1351,51.47366,-0.11957,0.5,1.0,0.0,1.0,1.0,0.0,-0.5,0,0
1352,51.53887,0.03231,0.0,,-2.5,,0.0,0.0,0.0,0,0
1353,51.46922,-0.15813,0.0,-2.0,-1.5,-0.5,1.5,-0.5,-1.0,0,0
1354,51.54011,0.05998,-1.0,,-1.0,,-1.5,0.0,-1.0,0,0
1355,51.49003,-0.10962,0.0,0.5,-1.5,,0.0,1.5,2.0,0,0
1356,51.57305,-0.0905,0.5,,-4.0,,0.0,1.0,1.0,0,0
1357,51.5803,0.07113,1.0,,0.0,,0.0,1.0,1.0,0,0
1358,51.4988,-0.14915,1.0,-0.5,-1.5,,0.0,-0.5,-0.5,0,0
1359,51.54223,-0.12724,1.0,1.5,-4.0,,0.5,0.0,0.5,0,0
1360,51.5435,-0.09953,0.0,2.0,-2.0,,0.0,1.0,0.0,0,0
1361,51.42266,-0.13258,1.5,-1.5,-2.0,2.0,1.5,-0.5,0.0,0,0
1362,51.58539,0.00687,-1.0,,0.5,,-2.5,-2.0,-1.5,0,0
1363,51.44348,-0.08411,0.0,2.0,0.0,1.5,0.0,0.0,0.0,0,0
1364,51.58662,0.03458,0.0,,-1.5,,-1.0,0.5,1.0,0,0
1365,51.43315,-0.13518,-1.5,0.5,-0.5,-2.0,-1.5,-1.0,0.0,0,0
1366,51.55158,-0.21138,-1.0,0.0,1.5,,0.5,0.0,0.0,0,0
1367,51.49509,0.00109,-1.0,-3.0,4.5,,2.5,1.0,0.5,0,0
1368,51.42913,-0.16451,0.0,-0.5,-1.5,-0.5,0.0,0.0,0.0,0,0
1369,51.49069,-0.03747,0.5,1.5,0.5,,0.5,2.0,1.0,0,0
1370,51.52199,-0.22035,0.0,0.0,-1.5,,0.5,-0.5,0.0,0,0
1371,51.51143,0.01106,0.5,,-3.5,,0.5,-1.0,-1.0,0,0
1372,51.41274,-0.17443,4.5,2.0,1.0,6.0,4.5,3.0,2.5,0,0
1373,51.52025,-0.02842,0.0,-2.0,-0.5,,0.0,0.0,-1.0,0,0
1374,51.49478,-0.17851,0.0,1.5,0.0,,0.5,-0.5,-1.0,0,0
1375,51.47841,-0.18844,-1.0,-1.5,0.0,0.5,-0.5,-2.0,-2.0,0,0
1376,51.53907,-0.13814,0.5,-1.0,-0.5,,0.0,0.5,-1.0,0,0
1377,51.51354,-0.05943,0.5,1.0,-2.0,,0.5,2.0,2.0,0,0
1378,51.49591,-0.09708,-1.0,1.0,-1.5,,0.0,0.0,1.0,0,0
1379,51.47954,-0.10702,-1.0,1.5,-2.5,3.0,-0.5,0.0,0.0,0,0
1380,51.46189,-0.14465,0.0,0.5,0.0,0.5,-0.5,0.0,0.5,0,0
1381,51.53848,-0.03525,3.0,,4.0,,4.0,4.0,4.5,0,0
1382,51.53973,-0.00756,-1.0,,-1.0,,-1.0,-1.5,-1.0,0,0
1383,51.50766,-0.07198,0.0,2.0,-3.5,,-1.0,0.0,-1.0,0,0
1384,51.47328,-0.07048,-2.5,-0.5,-2.5,,-1.5,-1.5,-1.0,0,0
1385,51.50324,-0.11056,-1.5,-1.0,-3.0,,0.0,1.5,0.5,0,0
1386,51.47769,-0.03193,-1.0,-3.0,-1.0,,-1.0,1.5,1.5,0,0
1387,51.52402,-0.06202,-1.0,-1.5,1.0,,0.5,0.0,0.5,0,0
1388,51.55412,0.07754,-1.0,,2.5,,-1.0,-1.0,-1.0,0,0
1389,51.52394,-0.17876,-0.5,-0.5,2.5,,-0.5,0.0,0.0,0,0
1390,51.53281,-0.10155,0.5,-2.0,-1.5,,0.5,2.5,2.5,0,0
1391,51.54159,-0.1411,-2.0,1.0,-1.5,,-1.0,1.0,0.0,0,0
1392,51.53343,0.02898,1.0,,0.0,,1.0,-0.5,-0.5,0,0
1393,51.4794,-0.22372,0.5,-1.5,5.0,,1.0,1.0,1.0,0,0
1394,51.5403,-0.16882,0.0,1.0,1.0,,-0.5,-0.5,-0.5,0,0
1395,51.5378,0.06754,1.0,,2.5,,0.0,1.0,0.0,0,0
1396,51.57075,-0.08292,0.0,,3.0,,0.0,0.0,0.5,0,0
1397,51.50899,-0.21476,-1.0,-0.5,2.5,,0.0,-0.5,0.0,0,0
1398,51.5412,-0.09195,-1.0,-3.5,1.0,,-1.0,0.0,0.5,0,0
1399,51.57995,0.00354,-2.0,,1.0,,-1.5,-1.0,0.0,0,0
1400,51.58431,0.04215,-3.0,,-2.5,,-1.5,-2.0,-2.0,0,0
1401,51.54928,-0.20379,0.0,-2.5,-3.0,,-0.5,-0.5,-0.5,0,0
1402,51.5197,-0.21276,1.0,0.0,-1.5,,-1.0,0.0,0.0,0,0
1403,51.47164,-0.21945,1.5,-1.5,0.5,4.0,0.5,0.5,-0.5,0,0
1404,51.47295,-0.19175,-0.5,-2.0,-4.0,-4.5,-1.0,-0.5,-0.5,0,0
1405,51.44486,-0.16842,-1.0,-0.5,-4.5,-4.0,-1.0,-0.5,-0.5,0,0
1406,51.53677,-0.13056,1.5,1.0,2.0,,-1.0,-0.5,1.0,0,0
1407,51.51605,-0.06239,-1.0,-0.5,2.0,,-0.5,-0.5,-1.5,0,0
1408,51.49842,-0.10003,1.0,0.5,-1.0,,0.5,0.0,-0.5,0,0
1409,51.4997,-0.07234,1.0,-1.5,-2.0,,1.0,0.0,1.0,0,0
1410,51.48206,-0.10998,0.5,-1.0,-1.5,-1.0,0.5,1.0,0.0,0,0
1411,51.4644,-0.1476,1.0,-1.0,4.0,-0.5,1.0,1.0,0.5,0,0
1412,51.46569,-0.11992,-0.5,1.0,1.5,-1.0,0.5,0.5,0.0,0,0
1413,51.55417,0.01922,1.5,,2.5,,-0.5,-0.5,-0.5,0,0
1414,51.54099,-0.03821,0.0,,2.0,,-2.0,-1.5,-2.5,0,0
1415,51.54225,-0.01051,0.5,,-2.5,,0.0,0.5,-0.5,0,0
1416,51.47579,-0.07344,0.0,0.0,1.5,,-1.0,-0.5,-1.0,0,0
1417,51.48021,-0.03488,0.5,2.0,3.0,,0.5,-0.5,0.0,0,0
1418,51.45943,-0.08339,4.0,1.5,4.5,,1.0,1.5,1.5,0,0
1419,51.57173,0.0569,0.5,,-1.0,,-0.5,0.5,0.5,0,0
1420,51.55664,0.07459,2.0,,0.5,,3.0,2.0,2.0,0,0
1421,51.55794,-0.13115,0.0,,-1.5,,0.0,0.5,0.5,0,0
1422,51.53594,0.02603,0.0,,5.0,,0.0,-1.0,-1.0,0,0
1423,51.57556,-0.09346,-0.5,,2.0,,-0.5,0.0,1.0,0,0
1424,51.54031,0.0646,1.0,,-0.5,,2.0,-0.5,1.5,0,0
1425,51.57326,-0.08588,0.5,,-2.0,,1.0,1.5,2.5,0,0
1426,51.55249,-0.13447,0.0,-1.0,1.5,,0.0,0.5,-0.5,0,0
1427,51.54371,-0.09491,1.0,-1.0,2.5,,1.0,0.0,0.5,0,0
1428,51.58246,0.00059,-0.5,,-2.5,,-1.0,0.0,-0.5,0,0
1429,51.58683,0.0392,3.0,,2.5,,4.5,5.5,4.5,0,0
1430,51.55179,-0.20676,0.0,0.5,-1.5,,0.0,0.0,0.0,0,0
1431,51.5646,0.07497,1.0,,0.0,,1.0,1.5,1.0,0,0
1432,51.4394,-0.17173,1.0,-1.0,-1.0,-0.5,1.5,2.0,1.5,0,0
1433,51.56023,0.03639,-0.5,,-4.0,,-0.5,0.0,0.0,0,0
1434,51.52221,-0.21573,-1.0,0.5,2.0,,0.5,0.0,0.0,0,0
1435,51.48595,-0.19733,-2.0,-3.0,-2.5,2.5,-0.5,-0.5,-1.0,0,0
1436,51.47415,-0.22241,1.0,-0.5,4.5,,2.5,3.0,2.0,0,0
1437,51.47546,-0.19471,0.5,-1.5,0.5,-1.0,0.0,0.0,-1.0,0,0
1438,51.53929,-0.13352,1.5,2.5,3.5,,1.5,0.5,-0.5,0,0
1439,51.51848,-0.18208,0.0,2.0,4.0,,0.5,-0.5,-1.0,0,0
1440,51.51375,-0.05482,1.0,-1.0,-3.0,,1.0,0.5,1.0,0,0
1441,51.49297,-0.10335,-0.5,1.0,0.5,,-0.5,0.0,0.5,0,0
1442,51.49739,-0.06478,2.0,-1.0,-4.5,,2.0,-1.5,-1.0,0,0
1443,51.54769,-0.00719,0.5,,2.0,,0.0,-3.0,-1.0,0,0
1444,51.47976,-0.10241,0.5,0.0,-2.0,,0.5,-0.5,0.0,0,0
1445,51.45894,-0.15091,3.5,0.0,3.5,2.0,4.0,2.5,2.0,0,0
1446,51.46339,-0.11235,4.0,0.5,-1.5,-1.0,2.0,3.0,3.0,0,0
1447,51.57722,0.00188,0.0,,0.0,,0.5,1.5,1.5,0,0
1448,51.55186,0.02678,-0.5,,-1.5,,-0.5,0.0,0.0,0,0
1449,51.57284,-0.03673,0.0,,1.5,,0.0,0.5,0.5,0,0
1450,51.53994,-0.00294,-0.5,,-4.5,,0.0,2.0,1.0,0,0
1451,51.47349,-0.06587,-1.0,0.0,-3.5,,-1.0,-1.0,-1.0,0,0
1452,51.47476,-0.0382,0.0,-1.5,-4.0,,-0.5,-2.0,-1.5,0,0
1453,51.45712,-0.07582,0.0,2.5,-1.0,,1.0,0.0,0.5,0,0
1454,51.53363,0.03359,0.5,,-5.0,,0.5,0.5,0.5,0,0
1455,51.47115,-0.11661,-1.0,-2.0,-0.5,-3.5,-0.5,0.0,1.0,0,0
1456,51.53487,0.06127,-1.0,,2.5,,-1.0,0.5,-1.0,0,0
1457,51.4667,-0.15518,0.5,-0.5,-3.0,3.0,0.0,-1.0,0.0,0,0
1458,51.56781,-0.0892,1.0,,5.5,,1.0,0.5,0.5,0,0
1459,51.48751,-0.10666,-2.0,0.5,-5.0,,0.5,-1.5,-1.0,0,0
1460,51.55019,-0.12688,-1.0,-0.5,2.0,,0.0,0.0,-0.5,0,0
1461,51.58015,0.00816,1.5,,4.5,,2.5,1.5,2.0,0,0
1462,51.58139,0.03586,0.5,,2.0,,-1.0,1.0,0.5,0,0
1463,51.54633,-0.21007,0.5,-0.5,-1.5,,0.5,0.0,0.0,0,0
1464,51.4371,-0.16416,-1.0,-2.0,-3.5,-4.0,-1.5,0.0,0.5,0,0
1465,51.42015,-0.12963,-1.0,1.0,0.5,3.0,-1.0,1.0,0.5,0,0
1466,51.48365,-0.18975,2.0,1.5,3.0,2.5,2.5,1.5,1.5,0,0
1467,51.47316,-0.18713,-1.0,0.5,-0.5,-0.5,1.0,0.0,1.0,0,0
1468,51.53383,-0.13684,-3.0,3.5,-2.0,,0.0,-0.5,0.5,0,0
1469,51.51618,-0.1745,1.0,2.0,-3.5,,-0.5,0.0,0.0,0,0
1470,51.51626,-0.05777,-0.5,1.0,-1.0,,0.0,0.5,-0.5,0,0
1471,51.49548,-0.1063,2.0,0.0,-1.0,,1.0,1.0,0.0,0,0
1472,51.49991,-0.06773,0.0,0.0,1.0,,-1.0,-0.5,0.0,0,0
1473,51.48817,-0.03451,-0.5,1.0,-1.0,,-1.0,-1.0,-0.5,0,0
1474,51.48227,-0.10537,0.5,1.0,1.0,,1.5,0.5,1.0,0,0
1475,51.50892,0.01401,-1.5,,1.0,,-1.5,-1.0,-0.5,0,0
1476,51.46146,-0.15387,-1.0,3.0,0.5,3.0,0.5,-2.0,-1.5,0,0
1477,51.4659,-0.11531,-1.0,-1.5,-1.0,1.5,-0.5,-0.5,-1.0,0,0
1478,51.55438,0.02383,0.0,,2.0,,1.0,-0.5,-0.5,0,0
1479,51.53366,-0.02473,1.0,,-2.0,,0.0,-1.0,0.0,0,0
1480,51.54245,-0.0059,0.5,,-4.0,,2.0,0.5,2.0,0,0
1481,51.476,-0.06882,0.5,1.0,-1.5,,1.0,0.5,1.0,0,0
1482,51.47727,-0.04115,-0.5,1.5,1.0,,1.0,1.5,2.0,0,0
1483,51.45964,-0.07877,-2.5,0.5,-2.5,,0.0,-0.5,-0.5,0,0
1484,51.53615,0.03064,0.0,,-0.5,,0.0,0.0,0.0,0,0
1485,51.53738,0.05832,0.5,,-0.5,,0.0,0.0,0.5,0,0
1486,51.57033,-0.09216,0.5,,-2.0,,0.0,0.0,0.0,0,0
1487,51.50515,-0.06903,0.5,2.0,2.0,,-1.0,-1.0,-0.5,0,0
1488,51.5527,-0.12985,0.0,0.0,-2.5,,0.0,-0.5,-0.5,0,0
1489,51.50073,-0.1076,-0.5,-0.5,1.0,,0.0,0.0,0.5,0,0
1490,51.55398,-0.10213,1.5,1.5,7.0,,-1.0,-2.5,-3.0,0,0
1491,51.53506,-0.16752,1.5,-0.5,-1.5,,0.0,1.0,0.5,0,0
1492,51.5215,-0.05907,1.0,0.5,0.5,,0.0,-0.5,0.0,0,0
1493,51.52623,-0.18635,2.0,7.0,1.0,,1.0,3.0,3.0,0,0
1494,51.58267,0.00521,-0.5,,-1.5,,0.5,0.5,0.5,0,0
1495,51.54704,-0.13778,-0.5,1.0,3.0,,0.5,-0.5,0.0,0,0
1496,51.5839,0.03291,-1.0,,1.0,,-1.5,-1.5,-1.0,0,0
1497,51.5426,-0.17641,1.5,-0.5,-4.0,,0.0,1.5,2.0,0,0
1498,51.54885,-0.21304,-0.5,-1.0,-0.5,,0.0,-0.5,-0.5,0,0
1499,51.43962,-0.16711,-0.5,-1.5,-0.5,-2.0,-1.5,0.0,0.0,0,0
1500,51.53247,-0.22297,2.0,4.5,-2.0,,1.5,1.5,2.0,0,0
1501,51.51129,-0.22235,0.5,1.0,1.5,,1.5,1.0,0.0,0,0
1502,51.48616,-0.19271,4.5,-0.5,1.0,6.0,3.0,3.0,3.5,0,0
1503,51.47568,-0.19009,-1.0,0.0,0.5,-1.5,0.0,0.0,0.0,0,0
1504,51.53635,-0.1398,-1.5,-2.5,-1.0,,-1.5,-1.5,0.0,0,0
1505,51.51869,-0.17746,-1.0,-2.0,0.0,,-1.0,-1.5,-1.5,0,0
1506,51.51998,-0.14974,1.0,0.0,3.0,,0.5,0.0,0.0,0,0
1507,51.49318,-0.09873,-1.0,0.5,-2.5,,-1.5,-0.5,-0.5,0,0
1508,51.49445,-0.07105,3.0,0.5,3.5,,2.5,2.0,1.0,0,0
1509,51.44716,-0.17599,0.0,0.5,2.5,1.0,-1.0,0.0,-1.0,0,0
1510,51.45916,-0.1463,1.0,0.5,1.5,-2.0,4.0,3.0,3.5,0,0
1511,51.44586,-0.20367,1.0,3.5,4.0,6.0,1.0,1.0,0.5,0,0
1512,51.46045,-0.11862,-2.0,2.0,-0.5,-2.0,1.5,1.5,1.5,0,0
1513,51.54893,0.0205,0.0,,-1.0,,-1.0,-1.0,-1.0,0,0
1514,51.53135,-0.01716,2.0,,5.0,,0.5,1.0,1.0,0,0
1515,51.47497,-0.03359,-0.5,-0.5,-1.0,,-0.5,-1.5,-1.5,0,0
1516,51.45418,-0.08209,-1.0,-1.5,-3.0,4.0,-1.0,0.0,-0.5,0,0
1517,51.53507,0.06588,-1.5,,-3.5,,-1.0,-0.5,-1.0,0,0
1518,51.56802,-0.08458,0.5,,0.5,,0.5,0.5,0.5,0,0
1519,51.54725,-0.13316,0.5,0.0,-3.5,,0.5,0.0,0.0,0,0
1520,51.55167,-0.09455,4.0,0.0,2.0,,1.0,4.5,3.0,0,0
1521,51.58159,0.04048,1.5,,-2.0,,2.0,3.0,3.0,0,0
1522,51.54655,-0.20545,0.5,-1.5,-4.5,,0.0,0.0,0.0,0,0
1523,51.56906,-0.11989,-1.0,,-2.0,,-1.0,0.5,0.5,0,0
1524,51.57405,0.04933,0.5,,-2.0,,0.0,0.0,0.0,0,0
1525,51.56024,-0.13873,-1.0,,0.0,,-1.0,-1.0,-1.0,0,0
1526,51.57281,0.02164,0.0,,-1.5,,-0.5,0.5,-0.5,0,0
1527,51.43416,-0.17042,4.0,3.5,7.0,8.0,5.0,4.0,3.5,0,0
1528,51.53018,-0.21538,-0.5,1.0,0.0,,-0.5,-2.0,-1.5,0,0
1529,51.4807,-0.19602,-1.0,-1.5,-9.0,0.0,1.5,0.5,-0.5,0,0
1530,51.53405,-0.13222,0.5,-1.0,3.5,,2.5,0.0,-1.0,0,0
1531,51.51324,-0.18077,0.5,0.0,1.0,,-1.0,-0.5,-1.5,0,0
1532,51.51768,-0.14217,1.0,2.0,-2.5,,-0.5,-0.5,0.0,0,0
1533,51.50893,-0.04429,0.5,3.0,0.5,,-1.5,-1.0,-1.0,0,0
1534,51.4957,-0.10169,-0.5,0.0,-5.0,,2.0,0.5,0.5,0,0
1535,51.56691,0.06741,0.5,,-2.0,,-1.0,-1.0,-1.0,0,0
1536,51.49697,-0.074,-1.0,-1.5,2.0,,0.0,-1.0,0.0,0,0
1537,51.56568,0.03972,0.0,,3.0,,0.0,-1.0,-1.0,0,0
1538,51.47494,-0.09189,0.5,0.5,-3.5,,0.5,-0.5,0.0,0,0
1539,51.46167,-0.14926,-0.5,-2.5,-4.5,-3.5,-1.0,-1.0,-1.5,0,0
1540,51.46296,-0.12158,2.0,-2.0,2.5,1.5,4.0,4.5,4.5,0,0
1541,51.55145,0.01755,0.0,,0.0,,0.0,1.0,1.0,0,0
1542,51.53387,-0.02011,-1.0,,4.0,,-0.5,0.0,-1.0,0,0
1543,51.53511,0.00757,2.0,,0.5,,2.0,1.0,0.5,0,0
1544,51.47748,-0.03654,2.0,-0.5,-1.0,,2.0,1.5,1.5,0,0
1545,51.4567,-0.08504,0.5,-0.5,-0.5,3.5,1.0,-0.5,0.5,0,0
1546,51.53759,0.06293,-1.0,,0.0,,0.5,-1.0,-0.5,0,0
1547,51.55,-0.01475,0.5,,0.0,,1.0,-2.0,-1.5,0,0
1548,51.57054,-0.08754,0.5,,-2.5,,-1.0,0.0,0.0,0,0
1549,51.54875,-0.04245,-1.0,,0.0,,-1.5,-1.5,-1.5,0,0
1550,51.54977,-0.13613,0.5,1.0,-1.5,,-1.0,1.0,2.0,0,0
1551,51.57953,-0.00569,-1.0,,-2.0,,-0.5,1.0,0.0,0,0
1552,51.55419,-0.09751,1.0,0.0,-2.5,,1.5,1.0,1.0,0,0
1553,51.57829,-0.0334,-0.5,,-2.0,,-1.0,-1.0,-0.5,0,0
1554,51.58411,0.03753,0.0,,4.0,,1.0,0.0,-0.5,0,0
1555,51.54906,-0.20841,0.5,-1.0,-3.0,,0.0,0.0,0.0,0,0
1556,51.43667,-0.17338,-1.5,-2.0,1.0,-5.0,-0.5,-1.5,-0.5,0,0
1557,51.53269,-0.21835,0.5,-3.0,1.0,,-0.5,-0.5,-0.5,0,0
1558,51.42028,-0.1833,1.5,-1.0,1.0,2.0,0.5,1.0,1.0,0,0
1559,51.47345,-0.12418,1.0,-0.5,-4.0,-2.0,0.5,1.5,1.5,0,0
1560,51.48322,-0.19898,-1.0,0.0,4.0,-1.5,0.5,0.5,1.0,0,0
1561,51.47216,-0.15186,0.5,2.0,11.0,6.0,0.5,3.0,3.5,1,0
1562,51.46683,-0.20891,0.5,-2.0,-4.0,-1.5,0.5,-0.5,0.0,0,0
1563,51.48982,-0.11424,-1.0,-1.0,2.0,,-1.0,0.0,-1.0,0,0
1564,51.53656,-0.13518,-1.0,-0.5,0.5,,-1.0,1.0,0.5,0,0
1565,51.57004,0.07831,-0.5,,-1.0,,0.5,0.0,0.0,0,0
1566,51.48853,-0.14193,-0.5,-0.5,-2.0,,-0.5,0.0,-0.5,0,0
1567,51.51575,-0.18373,3.0,2.0,5.5,,1.5,1.5,2.0,0,0
1568,51.5202,-0.14513,0.0,-1.0,-1.5,,0.0,1.0,1.0,0,0
1569,51.42561,-0.12632,0.5,1.0,2.5,1.0,0.5,0.5,1.0,0,0
1570,51.50662,-0.03673,-3.0,-4.5,-1.0,,-1.0,2.5,3.0,0,0
1571,51.44327,-0.08872,-0.5,-0.5,-5.0,-4.5,0.0,-0.5,-0.5,0,0
1572,51.49467,-0.06644,-0.5,-0.5,-0.5,,-1.0,0.0,-0.5,0,0
1573,51.44199,-0.11638,-1.0,0.0,2.5,1.5,1.5,1.5,2.0,0,0
1574,51.47264,-0.08432,0.0,2.5,-3.5,,0.0,0.0,0.0,0,0
1575,51.49488,-0.00352,2.0,1.0,6.0,,-0.5,1.5,1.5,0,0
1576,51.46066,-0.11401,-1.0,1.0,-1.0,-3.0,-2.0,-1.0,-1.0,0,0
1577,51.49363,-0.03119,-3.0,-12.5,-3.0,,0.5,2.5,3.5,0,0
1578,51.54914,0.02512,-0.5,,0.0,,-1.0,-0.5,-0.5,0,0
1579,51.51123,0.00645,-0.5,,-1.0,,-0.5,1.0,1.0,0,0
1580,51.52842,-0.02344,0.0,,-3.5,,0.5,0.5,1.0,0,0
1581,51.50997,-0.02123,0.5,-1.5,-1.0,,0.0,-2.5,-1.5,0,0
1582,51.53281,0.01514,-2.0,,-3.5,,-2.0,-0.5,-1.0,0,0
1583,51.4544,-0.07748,1.0,1.0,0.0,,1.0,-0.5,-0.5,0,0
1584,51.54747,-0.12854,0.0,0.0,-0.5,,-0.5,-0.5,0.0,0,0
1585,51.54874,-0.10083,4.0,-0.5,-2.5,,2.0,8.0,9.0,0,0
1586,51.59063,0.00558,3.0,,0.5,,2.0,2.5,2.5,0,0
1587,51.43437,-0.16581,1.0,-0.5,0.5,1.0,0.5,0.0,0.0,0,0
1588,51.52723,-0.22166,1.0,-3.0,4.0,,-0.5,0.0,-0.5,0,0
1589,51.41799,-0.17573,1.0,0.0,-5.0,-1.5,1.5,1.5,2.5,0,0
1590,51.48092,-0.1914,0.5,-2.0,-2.0,-2.5,-0.5,0.0,0.0,0,0
1591,51.50745,-0.0766,0.5,-2.0,5.0,,3.0,0.0,0.0,0,0
1592,51.46454,-0.20133,4.0,-1.0,0.5,0.0,7.5,5.5,5.5,0,0
1593,51.50618,-0.10429,-1.0,-2.5,-1.5,,-1.5,-1.0,-1.0,0,0
1594,51.51345,-0.17615,-2.0,-3.0,-1.0,,0.0,-2.0,-1.0,0,0
1595,51.53255,-0.16455,-1.5,-0.5,0.0,,-1.0,-1.5,-2.0,0,0
1596,51.52381,-0.06664,1.0,1.5,3.5,,-1.0,-1.0,-1.0,0,0
1597,51.52254,-0.09433,-1.0,-1.5,2.5,,-1.5,1.0,1.0,0,0
1598,51.51474,-0.14844,0.5,0.0,-3.5,,-0.5,0.0,0.5,0,0
1599,51.54453,-0.13482,-2.0,0.5,-3.0,,-1.5,-0.5,-2.0,0,0
1600,51.50914,-0.03968,4.5,2.0,-1.0,,1.5,0.5,1.0,0,0
1601,51.54009,-0.17344,-1.5,-1.0,-0.5,,0.0,1.0,0.0,0,0
1602,51.48837,-0.08821,-0.5,0.0,3.0,,-0.5,0.0,0.0,0,0
1603,51.49718,-0.06939,-1.5,0.5,-1.5,,-1.0,-0.5,-0.5,0,0
1604,51.47515,-0.08727,0.0,0.5,-2.0,,-0.5,-1.0,-2.0,0,0
1605,51.45435,-0.13577,-0.5,-0.5,4.0,1.0,-1.0,0.0,1.0,0,0
1606,51.46318,-0.11697,1.0,-1.0,-2.0,3.5,0.0,-0.5,-0.5,0,0
1607,51.55166,0.02217,0.5,,2.0,,1.0,0.5,0.5,0,0
1608,51.53093,-0.02639,0.0,,0.0,,-0.5,0.0,0.5,0,0
1609,51.53532,0.01219,-1.0,,-1.0,,-1.0,0.5,1.0,0,0
1610,51.45691,-0.08043,-0.5,-2.5,1.5,,0.0,0.0,0.5,0,0
1611,51.56321,-0.07405,-1.0,,-0.5,,3.0,0.5,1.0,0,0
1612,51.54998,-0.13151,-1.0,1.0,2.0,,0.0,0.5,1.0,0,0
1613,51.55125,-0.10379,-1.0,0.0,0.0,,1.5,2.0,2.0,0,0
1614,51.54023,-0.22725,-1.5,3.0,-2.0,,0.0,-1.0,-0.5,0,0
1615,51.44334,-0.20071,-0.5,1.0,5.0,4.5,-0.5,0.0,0.0,0,0
1616,51.43689,-0.16877,-0.5,-0.5,0.0,-1.5,0.0,0.5,0.5,0,0
1617,51.52975,-0.22463,0.5,-3.5,3.5,,-0.5,-0.5,0.0,0,0
1618,51.4205,-0.17869,-3.0,-2.5,-3.0,-4.0,-3.0,-2.5,-3.5,0,0
1619,51.48343,-0.19436,2.5,-0.5,1.0,-1.5,-2.5,-1.0,-0.5,0,0
1620,51.46705,-0.20429,1.0,2.0,-1.0,12.5,0.5,1.0,0.5,1,0
1621,51.52923,-0.12168,1.5,1.0,-3.5,,2.5,0.0,0.5,0,0
1622,51.51597,-0.17911,-1.0,-1.5,0.5,,0.0,1.5,1.0,0,0
1623,51.51726,-0.1514,-1.0,-0.5,0.0,,-1.5,0.0,0.0,0,0
1624,51.50369,-0.043,-2.0,1.5,-1.0,,-2.0,-2.0,-2.5,0,0
1625,51.48606,-0.08064,-1.0,-0.5,1.5,,0.0,-0.5,-1.0,0,0
1626,51.4697,-0.09059,-1.0,0.0,0.5,,0.0,-1.0,-1.5,0,0
1627,51.56655,-0.11693,1.0,,3.5,,1.0,-0.5,-0.5,0,0
1628,51.57153,0.05228,0.0,,0.5,,-0.5,-1.0,-1.0,0,0
1629,51.5703,0.02459,-0.5,,3.0,,0.5,0.0,-0.5,0,0
1630,51.45205,-0.1282,0.0,1.5,0.5,2.0,0.5,0.0,0.5,0,0
1631,51.5785,-0.08718,-0.5,,3.5,,-0.5,-1.0,-1.0,0,0
1632,51.52863,-0.01882,0.5,,-2.5,,-0.5,-1.0,-1.0,0,0
1633,51.52988,0.00886,0.0,,-0.5,,-0.5,1.0,1.0,0,0
1634,51.5609,-0.06647,0.0,,-0.5,,0.5,2.5,2.5,0,0
1635,51.54895,-0.09621,-2.5,2.5,-1.5,,0.0,-3.0,-2.0,0,0
1636,51.5877,-0.0007,0.0,,1.0,,0.0,0.0,0.0,0,0
1637,51.53793,-0.21966,-1.0,-1.5,0.5,,0.0,0.5,0.5,0,0
1638,51.52745,-0.21704,0.0,1.5,-1.0,,-1.0,-0.5,0.0,0,0
1639,51.46159,-0.2076,0.5,2.0,0.5,0.5,-0.5,1.0,0.0,0,0
1640,51.52693,-0.1141,-1.5,-2.5,0.5,,-1.0,0.5,0.0,0,0
1641,51.56316,0.04267,0.0,,-2.0,,-0.5,-0.5,-0.5,0,0
1642,51.51496,-0.14382,0.0,-2.0,-4.0,,1.5,-2.0,-2.0,0,0
1643,51.5062,-0.04596,0.5,0.5,2.0,,3.0,3.5,3.0,0,0
1644,51.48858,-0.08359,1.0,0.0,0.5,,1.5,1.0,2.0,0,0
1645,51.48985,-0.05592,-1.0,-1.0,-2.0,,-1.5,-2.0,-2.0,0,0
1646,51.47221,-0.09354,-0.5,-1.5,2.0,,0.5,1.5,1.5,0,0
1647,51.45456,-0.13116,0.0,-0.5,-0.5,-1.0,0.0,-1.5,-1.0,0,0
1648,51.45585,-0.10349,1.5,-2.0,5.0,3.5,-1.0,0.0,1.0,0,0
1649,51.56193,0.01498,1.0,,0.5,,1.0,1.5,1.5,0,0
1650,51.53114,-0.02178,0.0,,-1.5,,-0.5,0.0,-1.5,0,0
1651,51.54748,-0.0118,1.0,,0.0,,0.0,1.0,1.0,0,0
1652,51.53239,0.00591,-1.5,,-3.5,,0.0,0.5,1.0,0,0
1653,51.54623,-0.0395,0.0,,1.0,,1.0,-1.0,-0.5,0,0
1654,51.54929,0.08804,1.0,,0.5,,0.5,0.5,0.5,0,0
1655,51.56342,-0.06943,0.5,,-2.0,,-0.5,-1.0,-2.0,0,0
1656,51.54265,-0.118,-0.5,-2.5,-2.0,,0.0,-0.5,-1.0,0,0
1657,51.57577,-0.03045,-1.0,,-5.5,,0.0,-0.5,-1.0,0,0
1658,51.55146,-0.09917,0.5,-1.5,-1.0,,-1.0,0.0,0.0,0,0
1659,51.59021,-0.00365,-0.5,,-2.5,,-1.0,0.0,0.5,0,0
1660,51.54045,-0.22263,0.5,-2.0,1.5,,0.0,-0.5,-0.5,0,0
1661,51.42956,-0.15528,-0.5,-1.5,-1.0,-1.0,-0.5,0.0,0.0,0,0
1662,51.52996,-0.22001,-1.0,-0.5,-0.5,,0.0,1.0,0.0,0,0
1663,51.4937,-0.2016,-2.0,3.5,-1.5,,-1.5,-2.5,-2.5,0,0
1664,51.4641,-0.21056,-1.5,-2.0,1.5,-2.5,1.5,0.5,1.5,0,0
1665,51.46965,-0.14891,0.0,-0.5,-2.0,-5.0,0.0,-1.0,-0.5,0,0
1666,51.52944,-0.11706,2.0,0.5,-1.0,,1.0,3.0,3.0,0,0
1667,51.4873,-0.11128,-1.5,1.0,1.0,,0.0,-1.5,-1.0,0,0
1668,51.50864,-0.16561,0.0,-0.5,3.0,,2.0,3.0,3.0,0,0
1669,51.56752,0.08125,-1.0,,-0.5,,-0.5,-0.5,-0.5,0,0
1670,51.48602,-0.13897,-0.5,0.5,-0.5,,-1.0,-1.0,0.0,0,0
1671,51.51747,-0.14678,-1.0,0.5,0.5,,-0.5,0.0,-1.0,0,0
1672,51.5039,-0.03839,1.0,-1.5,3.5,,1.0,1.0,1.0,0,0
1673,51.4231,-0.12336,0.0,3.5,4.5,5.5,0.0,-0.5,0.0,0,0
1674,51.48312,-0.08691,-1.5,-0.5,0.5,,-1.0,-1.0,-1.0,0,0
1675,51.48754,-0.04835,-0.5,-2.0,-1.0,,-0.5,-0.5,-0.5,0,0
1676,51.46991,-0.08598,-0.5,0.0,0.0,,-2.5,-2.0,-2.5,0,0
1677,51.43947,-0.11343,0.5,-1.5,-3.5,-3.0,0.5,0.0,-0.5,0,0
1678,51.4491,-0.13447,-0.5,1.5,-2.0,1.0,-1.0,0.5,0.0,0,0
1679,51.45354,-0.09592,0.0,-1.5,-2.0,-2.0,0.5,0.0,-1.0,0,0
1680,51.55962,0.02255,2.0,,-1.0,,1.0,2.0,2.0,0,0
1681,51.49111,-0.02824,6.0,16.0,6.5,,2.5,-0.5,-1.0,1,0
1682,51.53008,0.01347,2.0,,1.0,,2.0,1.0,2.0,0,0
1683,51.50871,0.0094,-0.5,,1.5,,-0.5,0.0,0.0,0,0
1684,51.55797,-0.07275,-2.0,,0.5,,-0.5,-2.0,-0.5,0,0
1685,51.50746,-0.01828,-0.5,1.5,1.0,,-0.5,0.5,1.5,0,0
1686,51.54035,-0.11042,1.0,-1.0,4.0,,0.0,0.5,0.0,0,0
1687,51.5879,0.00392,-0.5,,-1.5,,1.0,0.0,-1.0,0,0
1688,51.58914,0.03163,0.0,,-5.5,,-1.5,-0.5,-0.5,0,0
1689,51.53499,-0.22594,0.0,-0.5,-3.5,,-1.0,0.5,-0.5,0,0
1690,51.42726,-0.14772,0.0,-1.0,0.5,1.0,0.0,0.0,0.0,0,0
1691,51.41525,-0.17739,-2.0,1.0,-4.0,-0.5,-2.0,-1.5,-1.0,0,0
1692,51.4914,-0.19402,-1.0,1.5,-6.5,,-1.0,0.5,1.0,0,0
1693,51.46181,-0.20298,-0.5,1.5,-1.0,-1.5,-2.0,0.0,0.0,0,0
1694,51.52399,-0.12038,1.0,1.5,3.5,,0.0,0.0,0.5,0,0
1695,51.50634,-0.15803,4.5,2.0,2.5,,2.0,4.5,5.0,0,0
1696,51.50641,-0.04134,-1.0,-2.0,0.0,,0.0,0.5,1.0,0,0
1697,51.50367,-0.10133,1.0,-0.5,1.5,,0.0,1.5,2.5,0,0
1698,51.48564,-0.08987,2.0,0.5,-0.5,,2.0,1.5,2.0,0,0
1699,51.53485,-0.17214,-1.0,-0.5,-4.0,,-1.0,-1.5,0.0,0,0
1700,51.52129,-0.06368,-0.5,-1.5,1.5,,0.0,1.0,0.5,0,0
1701,51.53356,-0.19986,1.0,-1.0,-2.0,,-0.5,1.0,1.0,0,0
1702,51.52002,-0.09138,1.0,2.0,-3.0,,-0.5,-1.0,-1.5,0,0
1703,51.54683,-0.1424,-0.5,-0.5,0.0,,-1.0,-0.5,0.0,0,0
1704,51.49006,-0.0513,-1.0,1.0,1.0,,-0.5,0.5,0.5,0,0
1705,51.48464,-0.22503,0.0,0.0,4.5,,1.0,0.5,1.5,0,0
1706,51.54554,-0.17013,1.0,-0.5,-1.0,,1.0,0.5,1.0,0,0
1707,51.56269,0.09176,0.0,,4.0,,0.5,1.0,1.0,0,0
1708,51.47243,-0.08893,0.5,-0.5,-0.5,,2.5,3.0,3.5,0,0
1709,51.50102,-0.21511,0.5,-1.5,0.5,,0.5,1.0,0.0,0,0
1710,51.45162,-0.13743,0.5,-0.5,0.0,0.0,0.5,-0.5,0.0,0,0
1711,51.45606,-0.09888,0.0,-1.5,-2.5,-2.0,0.5,0.0,0.0,0,0
1712,51.56213,0.01959,-0.5,,-2.5,,-0.5,0.5,0.5,0,0
1713,51.4381,-0.19941,0.5,1.5,2.5,4.0,0.5,1.0,0.0,0,0
1714,51.54141,-0.02897,-1.0,,1.5,,-1.0,0.0,-1.0,0,0
1715,51.5326,0.01052,-0.5,,4.0,,-0.5,-0.5,-0.5,0,0
1716,51.52881,0.0441,-0.5,,0.0,,-0.5,-0.5,0.0,0,0
1717,51.45448,-0.18948,-0.5,-1.5,4.0,-2.0,0.5,-0.5,-0.5,0,0
1718,51.56048,-0.07571,1.0,,-0.5,,2.0,0.5,0.5,0,0
1719,51.54286,-0.11338,-1.0,-0.5,0.5,,-1.5,-1.0,-1.0,0,0
1720,51.54413,-0.08567,-1.0,4.5,1.5,,-1.0,1.5,0.5,0,0
1721,51.59042,0.00096,-1.0,,-1.0,,-2.0,1.0,1.0,0,0
1722,51.59166,0.02867,1.0,,-8.0,,-0.5,1.0,1.0,0,0
1723,51.5375,-0.22891,0.0,2.0,2.5,,0.5,0.0,-1.0,0,0
1724,51.42978,-0.15067,-1.5,0.5,0.0,-1.5,-1.5,0.5,0.5,0,0
1725,51.41777,-0.18034,5.0,1.5,-3.0,0.5,3.0,4.5,5.0,0,0
1726,51.49392,-0.19698,-0.5,-1.0,-1.5,,0.0,0.0,-0.5,0,0
1727,51.46432,-0.20594,1.0,-2.5,2.5,-1.5,3.0,2.5,3.0,0,0
1728,51.5265,-0.12334,-0.5,0.5,3.5,,-0.5,0.0,0.0,0,0
1729,51.50886,-0.16099,1.0,4.0,1.0,,3.5,0.0,-0.5,0,0
1730,51.51014,-0.13329,-2.0,2.5,-0.5,,0.0,0.5,1.0,0,0
1731,51.56885,-0.12451,0.0,,1.0,,0.0,0.5,0.5,0,0
1732,51.57697,0.05561,-1.0,,-1.0,,-1.0,-1.0,-1.0,0,0
1733,51.56757,-0.15224,-1.0,,0.5,,-0.5,-1.0,-0.5,0,0
1734,51.57261,0.01702,-2.0,,0.0,,-1.5,0.0,-1.5,0,0
1735,51.48334,-0.0823,1.0,-0.5,3.0,,2.0,1.0,1.0,0,0
1736,51.48461,-0.05462,0.5,1.5,1.5,,0.0,-0.5,0.0,0,0
1737,51.44932,-0.12986,1.0,0.0,-1.5,-0.5,2.0,1.5,1.0,0,0
1738,51.4506,-0.10219,0.5,-1.0,-3.5,-0.5,0.0,1.5,0.5,0,0
1739,51.55669,0.01627,-0.5,,-1.5,,-1.0,-2.0,-2.0,0,0
1740,51.53911,-0.0214,-0.5,,4.5,,1.5,3.5,2.0,0,0
1741,51.58562,-0.04689,-2.0,,-6.0,,-1.5,-0.5,-1.5,0,0
1742,51.5265,0.05166,0.0,,0.5,,0.0,-0.5,0.5,0,0
1743,51.55818,-0.06813,-0.5,,0.0,,0.5,2.5,1.5,0,0
1744,51.53741,-0.1167,-1.0,1.0,-4.0,,-1.5,-1.0,-1.0,0,0
1745,51.56547,0.03511,-0.5,,0.5,,-0.5,0.0,0.0,0,0
1746,51.54183,-0.0781,-0.5,0.0,0.0,,0.0,-1.0,-0.5,0,0
1747,51.58934,0.03624,2.0,,2.0,,-1.5,-0.5,0.0,0,0
1748,51.5352,-0.22132,-1.0,-1.5,1.0,,0.0,0.0,0.0,0,0
1749,51.42432,-0.15398,1.0,-0.5,2.5,1.5,0.5,1.5,1.5,0,0
1750,51.51883,-0.23125,0.5,1.0,1.5,,2.5,1.0,1.0,0,0
1751,51.48846,-0.20029,0.0,-1.5,2.0,,1.0,1.0,0.0,0,0
1752,51.5242,-0.11576,0.0,1.5,2.5,,0.0,-0.5,0.5,0,0
1753,51.5034,-0.1643,0.0,1.0,-2.5,,0.5,0.5,0.5,0,0
1754,51.50784,-0.12571,3.0,-1.0,-2.5,,2.0,0.0,0.5,0,0
1755,51.55293,-0.00848,0.5,,-3.5,,0.5,-3.0,0.5,0,0
1756,51.51668,-0.04854,0.0,0.0,4.5,,0.0,1.0,0.5,0,0
1757,51.54854,-0.04707,0.0,,1.0,,0.5,-1.0,-1.0,0,0
1758,51.48585,-0.08525,1.0,-1.0,-1.0,,0.0,0.0,0.0,0,0
1759,51.56926,0.0015,0.5,,-3.5,,-0.5,0.0,-1.0,0,0
1760,51.48712,-0.05758,0.5,-0.5,0.5,,1.0,1.0,0.5,0,0
1761,51.57808,-0.03802,0.0,,-2.0,,-0.5,-1.5,-1.5,0,0
1762,51.4827,-0.09614,0.0,0.0,2.5,,0.0,-0.5,-1.5,0,0
1763,51.45183,-0.13282,1.0,0.5,0.5,0.5,1.0,0.0,-1.0,0,0
1764,51.45312,-0.10515,-2.0,-2.0,-4.5,1.0,-1.0,-1.5,-1.5,0,0
1765,51.5592,0.01331,0.5,,4.5,,0.0,0.0,0.0,0,0
1766,51.54162,-0.02436,-0.5,,-1.0,,-1.0,0.5,1.0,0,0
1767,51.48078,-0.13767,-2.0,2.0,-1.0,-5.0,-1.0,-1.0,-1.5,0,0
1768,51.54287,0.00333,0.0,,-3.5,,-1.0,-0.5,-0.5,0,0
1769,51.47194,-0.15648,0.0,1.0,0.5,0.5,-1.0,2.0,2.0,0,0
1770,51.58938,-0.02213,0.0,,0.5,,-0.5,-1.0,0.0,0,0
1771,51.49276,-0.10796,0.5,1.0,2.5,,-0.5,0.5,0.0,0,0
1772,51.54657,0.08638,1.5,,3.0,,1.5,2.0,1.5,0,0
1773,51.56983,0.07369,1.0,,3.0,,1.5,1.0,1.5,0,0
1774,51.48832,-0.14654,2.5,-0.5,-1.5,3.0,3.5,2.0,2.5,0,0
1775,51.52901,0.04871,0.0,,1.5,,0.0,-0.5,-0.5,0,0
1776,51.56069,-0.07109,-0.5,,-0.5,,-1.0,-0.5,-1.0,0,0
1777,51.4254,-0.13093,-2.5,1.5,-4.5,-1.0,-2.5,0.0,-1.0,0,0
1778,51.53992,-0.11966,0.5,-1.0,0.5,,1.0,1.0,0.5,0,0
1779,51.44621,-0.08245,0.5,0.5,4.5,3.0,0.0,1.0,2.0,0,0
1780,51.54434,-0.08105,1.0,-1.0,2.0,,0.0,-0.5,-1.5,0,0
1781,51.44177,-0.12099,0.0,-0.5,-1.5,1.0,0.5,0.0,0.5,0,0
1782,51.53772,-0.22428,0.0,0.5,0.5,,-0.5,0.0,0.5,0,0
1783,51.50368,0.0153,1.0,,4.0,,0.0,1.0,0.5,0,0
1784,51.42683,-0.15694,-1.0,0.0,3.5,1.0,-1.0,0.5,1.0,0,0
1785,51.49342,-0.03581,0.5,-0.5,3.0,,1.0,1.0,1.0,0,0
1786,51.41044,-0.16686,0.5,1.0,1.5,3.0,0.5,0.0,-0.5,0,0
1787,51.51416,0.01272,0.5,,1.5,,0.5,2.0,1.0,0,0
1788,51.49097,-0.20325,0.5,-3.0,5.0,,2.5,0.5,1.0,0,0
1789,51.50977,-0.02584,0.5,-2.0,-6.0,,0.0,1.0,1.5,0,0
1790,51.47459,-0.21318,0.5,0.5,-0.5,-1.0,0.0,0.5,1.0,0,0
1791,51.52672,-0.11872,1.0,-1.0,-2.0,,-0.5,0.0,-1.0,0,0
1792,51.50591,-0.16727,2.0,1.5,4.0,,-2.0,2.0,1.5,0,0
1793,51.51036,-0.12867,-1.0,0.5,-1.0,,-1.5,-1.0,-1.0,0,0
1794,51.51438,-0.04097,0.0,1.5,-2.0,,-0.5,-1.0,-0.5,0,0
1795,51.48482,-0.05001,-1.0,-1.0,2.5,,0.0,-1.5,-1.0,0,0
1796,51.4804,-0.08857,-1.0,0.5,2.5,,-0.5,-0.5,-0.5,0,0
1797,51.45082,-0.09758,0.5,1.5,1.0,4.0,0.0,-0.5,0.0,0,0
1798,51.55689,0.02088,0.0,,2.0,,0.5,-1.0,-1.0,0,0
1799,51.51478,-0.09008,-0.5,0.0,-1.5,,0.0,-1.0,-1.0,0,0
1800,51.53617,-0.02768,-0.5,,-2.0,,0.5,-0.5,-1.5,0,0
1801,51.50597,-0.1089,0.0,1.0,-0.5,,-1.0,0.0,-1.0,0,0
1802,51.54056,0.0109,-1.5,,2.0,,-1.0,-1.0,-1.0,0,0
1803,51.53233,-0.16917,-1.0,2.0,-1.5,,-0.5,1.0,0.0,0,0
1804,51.52674,-0.06036,-1.0,0.5,-3.5,,-1.0,-0.5,-1.0,0,0
1805,51.53104,-0.1969,-0.5,1.0,3.5,,-0.5,1.5,2.0,0,0
1806,51.52233,-0.09895,-1.0,2.5,3.5,,-1.0,0.0,0.0,0,0
1807,51.58269,-0.05318,0.5,,0.5,,0.5,2.0,2.0,0,0
1808,51.58708,-0.01456,0.5,,3.5,,-0.5,2.0,1.0,0,0
1809,51.48213,-0.22207,0.5,-2.0,2.0,,0.0,0.0,-1.0,0,0
1810,51.54303,-0.16717,-1.0,0.0,-0.5,,-1.0,-1.0,0.0,0,0
1811,51.52357,0.04538,-1.0,,-4.5,,-1.0,-2.0,-0.5,0,0
1812,51.53762,-0.11208,1.5,-1.5,3.0,,1.0,1.5,2.0,0,0
1813,51.49851,-0.21214,0.5,0.0,3.5,,1.5,0.5,1.5,0,0
1814,51.53889,-0.08438,0.0,1.5,-3.0,,-0.5,-0.5,-1.0,0,0
1815,51.42453,-0.14937,-0.5,-1.0,1.0,-3.0,0.0,0.0,0.5,0,0
1816,51.40815,-0.1593,0.0,2.0,1.0,0.0,0.0,1.0,1.5,0,0
1817,51.43558,-0.19644,-1.0,5.0,2.0,7.0,-2.0,-1.5,-1.5,0,0
1818,51.48867,-0.19567,0.0,1.5,-2.0,,0.0,-0.5,0.5,0,0
1819,51.47229,-0.2056,-0.5,-1.0,2.0,-0.5,0.0,-1.0,-1.0,0,0
1820,51.50361,-0.15969,0.0,-2.0,1.0,,0.5,-1.0,-0.5,0,0
1821,51.45197,-0.18652,0.5,-1.0,3.0,-0.5,0.5,0.0,0.5,0,0
1822,51.5049,-0.13198,-1.5,1.0,2.5,,-0.5,2.5,3.5,0,0
1823,51.51689,-0.04393,-1.0,-1.0,2.0,,-1.0,1.0,0.0,0,0
1824,51.49612,-0.09246,-1.5,-1.0,2.5,,0.0,2.5,1.5,0,0
1825,51.48733,-0.05296,1.0,-1.0,4.0,,0.0,2.0,1.0,0,0
1826,51.48356,-0.01939,-1.0,-7.5,3.5,,0.0,-0.5,-1.5,0,0
1827,51.55997,0.09009,1.0,,0.5,,1.0,1.0,1.0,0,0
1828,51.48291,-0.09152,0.5,-1.0,1.5,,1.5,-1.0,-1.0,0,0
1829,51.4621,-0.14003,0.5,-2.0,-4.5,-2.5,2.0,-2.0,-2.0,0,0
1830,51.45333,-0.10053,-1.0,-1.0,-5.0,-5.0,-0.5,-1.0,-0.5,0,0
1831,51.55941,0.01793,-0.5,,1.0,,-1.0,-1.0,-1.0,0,0
1832,51.53869,-0.03064,-0.5,,-1.5,,1.5,1.0,0.0,0,0
1833,51.54308,0.00795,0.5,,-2.0,,0.0,1.0,1.0,0,0
1834,51.5852,-0.05613,-1.5,,-3.0,,-2.0,-3.0,-3.5,0,0
1835,51.56633,-0.12155,0.5,,-3.5,,0.5,1.0,1.0,0,0
1836,51.57446,0.05856,1.0,,2.5,,0.0,-0.5,-0.5,0,0
1837,51.56506,-0.14928,1.5,,1.5,,1.5,1.5,1.0,0,0
1838,51.57009,0.01997,-0.5,,1.5,,-0.5,-2.0,-0.5,0,0
1839,51.58959,-0.01751,-0.5,,-4.0,,-1.0,-2.0,-1.5,0,0
1840,51.52609,0.04244,1.0,,1.0,,1.0,0.5,1.0,0,0
1841,51.57096,-0.0783,1.0,,2.5,,2.5,1.0,0.0,0,0
1842,51.54014,-0.11504,-1.0,-1.5,0.5,,0.0,0.5,0.0,0,0
1843,51.54141,-0.08733,0.0,-2.5,1.0,,0.0,3.0,3.0,0,0
1844,51.42705,-0.15233,1.0,-1.5,-2.0,-3.0,2.0,-1.0,-1.0,0,0
1845,51.41066,-0.16225,-1.0,-0.5,-4.0,-4.0,-2.0,-2.0,-1.0,0,0
1846,51.49119,-0.19863,1.0,2.5,-2.0,,1.0,2.5,1.5,0,0
1847,51.47481,-0.20856,-1.0,0.0,2.0,-2.5,0.5,-1.0,0.0,0,0
1848,51.53699,-0.12594,1.0,-0.5,1.5,,2.5,-0.5,0.0,0,0
1849,51.50613,-0.16265,0.5,-1.5,3.5,,4.5,0.0,1.0,0,0
1850,51.50741,-0.13494,1.0,0.5,2.0,,1.0,-1.0,-2.0,0,0
1851,51.51144,-0.04725,-1.0,-2.0,0.0,,-1.0,-1.0,-2.0,0,0
1852,51.49382,-0.08489,-0.5,-1.5,-3.0,,-1.5,-1.0,-1.0,0,0
1853,51.47746,-0.09484,-1.0,-1.5,1.5,,-1.0,1.0,0.0,0,0
1854,51.4598,-0.13246,1.5,-1.0,-1.0,-2.0,0.0,0.5,1.0,0,0
1855,51.53638,-0.02307,-1.0,,2.0,,-2.0,-1.0,-2.0,0,0
1856,51.53763,0.00462,-2.0,,-2.0,,-0.5,-0.5,-0.5,0,0
1857,51.5829,-0.04856,0.5,,6.0,,0.5,4.5,3.5,0,0
1858,51.58415,-0.02084,1.0,,-4.5,,-1.5,1.0,0.0,0,0
1859,51.55041,-0.00552,0.5,,0.0,,0.0,-1.0,-1.0,0,0
1860,51.52377,0.05,3.0,,7.0,,3.0,3.0,2.0,0,0
1861,51.54602,-0.04412,2.5,,-0.5,,3.5,0.0,0.5,0,0
1862,51.56865,-0.07073,-0.5,,-1.0,,0.0,0.5,0.0,0,0
1863,51.56675,0.00446,-0.5,,-5.0,,-2.0,0.0,-1.0,0,0
1864,51.5391,-0.07976,-0.5,-0.5,1.0,,-1.0,-0.5,-1.0,0,0
1865,51.54569,-0.22394,-1.0,-4.0,-1.0,,-0.5,-0.5,0.0,0,0
1866,51.46935,-0.21187,1.0,0.0,-2.0,1.5,0.5,0.0,0.0,0,0
1867,51.53468,-0.11836,0.0,0.0,-0.5,,0.5,0.0,0.5,0,0
1868,51.50511,-0.12737,1.5,0.5,1.5,,1.0,1.0,0.5,0,0
1869,51.51396,-0.0502,1.5,3.5,0.0,,1.5,0.0,0.0,0,0
1870,51.49633,-0.08785,-0.5,1.5,0.5,,-1.5,0.0,0.0,0,0
1871,51.47826,-0.13471,5.0,4.5,5.0,11.0,2.0,1.0,1.5,1,0
1872,51.4976,-0.06016,0.0,0.5,-3.0,,0.5,-0.5,-0.5,0,0
1873,51.48377,-0.01478,-3.5,-10.0,1.0,,2.0,0.5,1.0,0,0
1874,51.47997,-0.0978,1.0,0.0,0.5,,1.0,-0.5,0.0,0,0
1875,51.49024,-0.10501,-1.5,2.0,-4.5,,-0.5,0.0,-1.0,0,0
1876,51.46232,-0.13542,-1.0,1.5,-6.5,-1.5,-1.0,-1.5,-1.5,0,0
1877,51.56732,0.07664,1.0,,5.0,,0.5,0.5,0.5,0,0
1878,51.4858,-0.14358,0.0,1.5,-1.0,5.0,-1.0,0.5,0.0,0,0
1879,51.4636,-0.10774,-1.0,0.0,-0.5,-2.5,-1.0,-0.5,-1.0,0,0
1880,51.55062,-0.00091,0.5,,0.0,,-0.5,0.5,-0.5,0,0
1881,51.5389,-0.02602,-0.5,,2.0,,1.5,0.0,0.5,0,0
1882,51.54015,0.00167,1.5,,0.5,,3.5,1.5,1.5,0,0
1883,51.58541,-0.05151,-3.0,,0.5,,-3.0,-2.5,-2.5,0,0
1884,51.58666,-0.02379,1.5,,0.0,,2.0,1.0,0.5,0,0
1885,51.43926,-0.11804,-3.0,-1.5,-1.5,-1.5,-1.0,0.0,0.5,0,0
1886,51.52629,0.04705,0.0,,3.5,,0.0,0.5,0.5,0,0
1887,51.57117,-0.07368,-1.0,,-2.0,,-1.0,1.0,0.5,0,0
1888,51.5504,-0.12226,-1.0,-0.5,-1.5,,-2.5,-2.0,-0.5,0,0
1889,51.54162,-0.08271,1.0,0.0,-1.0,,0.5,0.5,0.5,0,0
1890,51.43732,-0.15954,-1.0,0.0,-3.0,-3.0,-1.0,2.0,1.0,0,0
1891,51.51164,0.01567,2.5,,0.5,,2.5,1.0,2.0,0,0
1892,51.48386,-0.18513,-1.0,-2.0,-2.5,-4.0,-0.5,0.0,-1.0,0,0
1893,51.50725,-0.02289,-0.5,-1.0,1.5,,-0.5,0.0,-1.0,0,0
1894,51.47186,-0.21483,1.5,2.0,4.5,4.0,0.0,1.5,2.0,0,0
1895,51.5372,-0.12132,-0.5,1.0,1.0,,0.0,-1.0,0.0,0,0
1896,51.5164,-0.16988,-0.5,-2.0,3.5,,0.5,-1.0,-1.0,0,0
1897,51.50763,-0.13033,0.5,0.5,-1.0,,1.0,-1.5,-1.5,0,0
1898,51.51165,-0.04263,-2.0,-2.0,-5.0,,-2.0,0.0,-0.5,0,0
1899,51.49088,-0.09116,0.5,0.5,0.5,,0.5,0.5,1.0,0,0
1900,51.4953,-0.0526,0.0,1.5,0.0,,-1.5,-0.5,-1.5,0,0
1901,51.47767,-0.09023,0.0,0.5,2.5,,-1.0,0.5,0.5,0,0
1902,51.45686,-0.13873,1.5,1.0,5.5,-1.0,1.5,2.0,1.0,0,0
1903,51.51227,-0.08712,0.5,-0.5,-5.5,,0.5,2.0,1.5,0,0
1904,51.4613,-0.10017,0.5,1.0,-1.5,3.5,0.0,0.0,1.0,0,0
1905,51.54831,0.00666,1.5,,0.5,,3.5,2.5,3.0,0,0
1906,51.53784,0.00924,-1.5,,0.5,,0.0,-1.5,-1.0,0,0
1907,51.53779,-0.16586,0.5,-1.0,5.5,,0.5,0.5,-1.0,0,0
1908,51.52423,-0.0574,0.0,0.0,-1.0,,0.5,0.5,0.0,0,0
1909,51.53334,-0.20448,0.0,1.5,-4.5,,-0.5,-1.0,-0.5,0,0
1910,51.51981,-0.09599,2.0,0.0,1.0,,1.0,0.0,0.0,0,0
1911,51.55415,-0.15591,0.0,0.5,-0.5,,0.0,-1.0,-2.0,0,0
1912,51.58435,-0.01622,0.5,,-3.5,,-0.5,-0.5,0.0,0,0
1913,51.54533,-0.17475,-0.5,1.5,-4.0,,0.0,1.0,0.0,0,0
1914,51.56572,-0.07701,0.5,,4.0,,0.0,0.5,0.0,0,0
1915,51.5481,-0.11468,-2.0,-2.0,-0.5,,-1.0,-3.0,-2.0,0,0
1916,51.43502,-0.15197,-1.0,-1.0,-1.0,-1.0,0.0,0.5,-0.5,0,0
1917,51.50081,-0.21973,0.0,1.0,-1.5,,-1.0,-1.0,0.0,0,0
1918,51.48157,-0.17755,1.0,0.0,1.0,5.0,0.5,-1.5,-2.0,0,0
1919,51.46956,-0.20725,-2.0,-1.5,-3.0,-2.5,-0.5,-1.5,-1.0,0,0
1920,51.53174,-0.12464,0.0,1.0,-2.0,,-1.0,0.0,0.5,0,0
1921,51.5141,-0.1623,-1.0,0.0,-3.5,,-1.0,-1.5,-1.5,0,0
1922,51.51417,-0.04559,0.0,-1.0,0.0,,0.0,-0.5,0.5,0,0
1923,51.49339,-0.09412,0.5,-0.5,-2.0,,1.0,-2.0,-2.0,0,0
1924,51.49781,-0.05555,1.0,0.5,-2.0,,1.0,-1.0,-1.0,0,0
1925,51.45427,-0.1941,0.5,0.0,0.0,1.0,0.0,0.5,1.0,0,0
1926,51.56062,-0.18792,1.0,0.5,8.5,,0.5,1.0,1.0,0,0
1927,51.48084,-0.02105,0.5,0.0,-1.0,,0.0,-1.5,-1.0,0,0
1928,51.48018,-0.09318,0.0,-1.5,0.5,,0.0,-0.5,0.0,0,0
1929,51.45937,-0.14169,-3.0,-1.5,-1.0,-2.5,-2.0,-1.0,-2.0,0,0
1930,51.46382,-0.10313,0.0,-2.0,-1.5,-1.5,0.5,0.0,-0.5,0,0
1931,51.55083,0.00371,0.5,,1.5,,0.0,1.5,0.5,0,0
1932,51.5301,-0.04485,0.0,1.5,-2.5,,0.0,-1.0,-1.0,0,0
1933,51.54035,0.00628,0.5,,1.0,,-0.5,0.0,0.0,0,0
1934,51.58687,-0.01918,0.0,,-0.5,,-0.5,-2.0,-1.5,0,0
1935,51.56823,-0.07996,-0.5,,1.0,,-0.5,-0.5,0.0,0,0
1936,51.55062,-0.11765,1.0,-2.0,-4.5,,0.0,1.5,0.0,0,0
1937,51.58308,0.01444,0.0,,-4.0,,-1.0,-0.5,-1.0,0,0
1938,51.55189,-0.08993,2.0,1.5,2.5,,2.0,1.5,2.5,0,0
1939,51.57178,-0.11823,1.0,,-1.5,,0.5,0.0,0.0,0,0
1940,51.57677,0.051,-1.0,,-3.0,,-1.0,-1.0,-1.0,0,0
1941,51.56736,-0.15687,-0.5,,5.5,,-0.5,-1.0,-0.5,0,0
1942,51.57553,0.0233,0.0,,1.5,,1.0,-0.5,0.5,0,0
1943,51.43754,-0.15493,0.0,-1.5,-1.0,-1.5,-0.5,-1.0,-0.5,0,0
1944,51.40793,-0.16391,-1.0,3.5,-6.0,0.0,-1.0,-1.0,-0.5,0,0
1945,51.48408,-0.18051,0.0,6.0,1.0,7.5,1.0,1.5,1.5,0,0
1946,51.47208,-0.21021,0.0,0.5,-2.5,2.0,-1.0,0.0,-1.0,0,0
1947,51.53426,-0.1276,0.0,-0.5,0.5,,-1.5,0.0,0.0,0,0
1948,51.51661,-0.16526,0.0,0.0,1.5,,-1.0,0.5,0.5,0,0
1949,51.5179,-0.13755,-1.0,-1.5,2.5,,0.0,1.0,0.0,0,0
1950,51.49109,-0.08655,0.0,0.5,2.0,,0.0,0.0,-1.0,0,0
1951,51.49236,-0.05887,-0.5,-1.5,-0.5,,0.0,-0.5,0.0,0,0
1952,51.56442,-0.16315,5.5,,5.0,,6.5,3.0,3.5,0,0
1953,51.45707,-0.13412,-1.5,-1.5,-0.5,-1.0,-0.5,0.5,0.5,0,0
1954,51.45836,-0.10644,1.0,1.5,2.0,1.0,1.0,1.0,0.5,0,0
1955,51.54538,0.00038,-1.0,,-1.0,,0.0,0.0,-0.5,0,0
1956,51.52779,-0.03728,0.0,1.0,-3.5,,-1.0,0.5,0.5,0,0
1957,51.56593,-0.07239,-1.0,,-2.0,,-1.5,-1.0,-0.5,0,0
1958,51.54516,-0.12096,-1.5,-1.5,0.0,,-1.5,-2.0,-0.5,0,0
1959,51.58077,0.02201,-0.5,,-2.5,,-1.0,-0.5,-1.0,0,0
1960,51.54958,-0.08235,2.0,-0.5,4.0,,1.5,3.5,2.0,0,0
1961,51.54296,-0.2256,-0.5,-1.5,-2.5,,-0.5,0.0,-1.0,0,0
1962,51.43207,-0.15824,-1.0,-1.0,-3.0,-3.0,-1.0,-1.0,-1.0,0,0
1963,51.55272,-0.01309,-0.5,,6.5,,-0.5,1.0,0.0,0,0
1964,51.47862,-0.18382,-2.0,0.0,-1.5,-1.0,0.0,-0.5,-1.5,0,0
1965,51.55147,-0.04079,-1.0,,2.5,,-1.0,-1.0,-0.5,0,0
1966,51.53196,-0.12002,0.0,1.0,-2.5,,-0.5,-2.0,-2.5,0,0
1967,51.56906,-0.00311,1.0,,2.5,,0.0,0.5,-1.0,0,0
1968,51.51115,-0.16857,1.0,-0.5,1.0,,1.5,1.5,1.5,0,0
1969,51.56781,-0.03082,-1.0,,-2.0,,-1.0,0.0,-1.5,0,0
1970,51.5156,-0.12997,-1.0,1.0,-5.0,,-2.0,-1.0,-1.5,0,0
1971,51.49361,-0.0895,1.5,-0.5,1.5,,0.5,-1.5,-1.0,0,0
1972,51.49488,-0.06182,0.5,2.5,-2.0,,-1.0,-0.5,0.0,0,0
1973,51.55768,-0.1942,0.0,-2.0,-1.5,,-0.5,-1.0,-0.5,0,0
1974,51.56212,-0.15556,0.0,,-1.5,,1.0,0.0,0.0,0,0
1975,51.48056,-0.14228,-0.5,0.0,-3.5,0.5,0.0,-2.0,-1.0,0,0
1976,51.47136,-0.112,-2.0,-1.5,0.0,-5.0,-1.0,0.0,-1.0,0,0
1977,51.47927,-0.16997,0.0,0.0,-1.0,1.0,-1.0,-1.0,-0.5,0,0
1978,51.45959,-0.13707,-0.5,3.0,0.5,1.5,0.0,1.0,1.5,0,0
1979,51.49254,-0.11258,0.5,-1.0,-0.5,,1.0,1.0,1.0,0,0
1980,51.46088,-0.1094,-1.0,-0.5,-2.5,-0.5,-0.5,-1.5,-1.5,0,0
1981,51.57276,0.07997,0.5,,2.0,,0.0,0.0,-0.5,0,0
1982,51.49126,-0.14027,-0.5,-1.0,-1.0,,-0.5,0.0,-1.0,0,0
1983,51.5479,-0.00257,-1.0,,-3.5,,0.5,0.0,-1.0,0,0
1984,51.53031,-0.04024,-1.0,-1.5,-1.5,,0.0,-0.5,0.0,0,0
1985,51.53156,-0.01255,-2.0,,2.0,,-2.0,-2.0,-2.0,0,0
1986,51.56844,-0.07534,-0.5,,-2.0,,1.0,-1.0,-0.5,0,0
1987,51.446,-0.08706,-1.5,-0.5,1.0,-1.0,-1.0,0.0,-1.0,0,0
1988,51.54768,-0.12392,1.0,0.0,1.0,,1.5,1.0,1.0,0,0
1989,51.44472,-0.11473,0.0,0.0,3.0,0.5,0.0,-1.0,-1.0,0,0
1990,51.58329,0.01906,0.0,,-2.0,,-1.0,0.0,-1.5,0,0
1991,51.50347,0.01068,4.5,3.0,-7.0,,2.0,4.5,3.5,0,0
1992,51.5521,-0.08531,-2.0,1.5,-3.0,,-2.0,-1.0,-0.5,0,0
1993,51.50222,-0.01699,0.5,2.0,-3.5,,0.5,0.5,-0.5,0,0
1994,51.58452,0.04676,-0.5,,-1.5,,0.0,0.0,0.0,0,0
1995,51.51395,0.00811,0.0,,-5.5,,0.0,0.0,0.0,0,0
1996,51.43459,-0.1612,-0.5,-2.0,-3.5,-3.5,1.5,0.5,1.0,0,0
1997,51.5127,-0.01957,-1.5,0.0,-1.5,,-1.0,-1.0,-1.0,0,0
1998,51.4182,-0.17112,0.5,0.0,-6.0,1.5,0.0,1.0,1.0,0,0
1999,51.48114,-0.18678,0.5,2.0,1.0,1.5,-1.0,1.0,1.5,0,0
2000,51.46475,-0.19671,-0.5,1.0,5.0,2.5,-0.5,-0.5,0.5,0,0
2001,51.53447,-0.12298,0.0,1.5,-3.0,,-0.5,1.0,0.0,0,0
2002,51.51367,-0.17153,0.0,-0.5,-1.0,,-0.5,0.0,0.0,0,0
2003,51.51811,-0.13293,1.5,1.5,0.0,,0.0,1.5,1.0,0,0
2004,51.49257,-0.05426,1.5,-0.5,3.0,,2.5,2.5,2.5,0,0
2005,51.56019,-0.19717,-1.0,1.0,-4.5,,0.5,-2.0,-1.5,0,0
2006,51.56463,-0.15852,2.0,,2.5,,2.0,1.5,1.5,0,0
2007,51.51457,-0.09469,3.0,0.5,0.5,,0.0,1.5,1.0,0,0
2008,51.46906,-0.10443,0.0,0.0,3.0,2.0,-0.5,0.0,-0.5,0,0
2009,51.5133,-0.12239,1.5,-0.5,1.0,,1.5,0.5,1.0,0,0
2010,51.45857,-0.10183,0.5,5.5,5.0,5.0,-0.5,1.0,0.0,0,0
2011,51.53528,-0.1629,-1.5,-4.0,-2.5,,-0.5,-2.0,-1.5,0,0
2012,51.52653,-0.06498,-1.5,2.0,-4.5,,-1.5,-2.0,-1.0,0,0
2013,51.53083,-0.20152,0.5,0.5,0.5,,-1.0,-1.0,-1.0,0,0
2014,51.52526,-0.09267,-1.0,-1.0,-2.5,,-1.0,-1.0,-0.5,0,0
2015,51.55164,-0.15295,1.0,-0.5,0.5,,1.0,0.0,0.0,0,0
2016,51.54559,0.005,-0.5,,-2.0,,-0.5,-2.0,-1.5,0,0
2017,51.52486,-0.04356,0.5,0.5,3.5,,1.0,1.0,0.0,0,0
2018,51.52925,-0.00498,0.5,,-0.5,,1.0,-1.5,0.5,0,0
2019,51.54538,-0.11634,1.0,3.5,0.5,,1.5,2.0,1.5,0,0
2020,51.57784,0.01573,1.0,,0.0,,1.0,2.0,1.0,0,0
2021,51.49829,-0.21676,-0.5,-0.5,5.5,,0.0,1.0,0.0,0,0
2022,51.54665,-0.08863,0.5,-1.0,0.0,,0.0,-1.0,-1.0,0,0
2023,51.58221,0.05433,-1.0,,1.0,,0.0,-1.0,-1.0,0,0
2024,51.43229,-0.15363,1.5,1.0,-3.5,-3.5,1.0,1.5,1.5,0,0
2025,51.41591,-0.16355,-0.5,2.0,-2.0,-1.5,-1.0,0.0,-0.5,0,0
2026,51.47884,-0.17921,-0.5,1.5,2.5,4.5,-1.0,-1.0,0.0,0,0
2027,51.46246,-0.18913,-1.0,-0.5,0.0,-1.0,0.0,-0.5,-1.0,0,0
2028,51.51137,-0.16395,1.0,1.0,0.5,,1.0,-1.0,-1.0,0,0
2029,51.45175,-0.19114,0.5,1.0,-4.0,-1.0,0.0,0.5,0.5,0,0
2030,51.51266,-0.13625,-0.5,0.0,3.5,,0.0,2.5,2.0,0,0
2031,51.49509,-0.05721,-1.0,1.0,1.5,,-0.5,0.0,0.5,0,0
2032,51.55789,-0.18958,0.0,-1.0,3.5,,-0.5,-0.5,-0.5,0,0
2033,51.55918,-0.16184,-2.0,2.0,1.0,,-2.0,-2.0,-2.0,0,0
2034,51.47157,-0.10738,0.0,-0.5,0.5,-0.5,-1.0,-0.5,0.5,0,0
2035,51.45075,-0.15588,-1.5,-2.5,0.0,-2.0,-0.5,0.0,0.0,0,0
2036,51.46109,-0.10479,-0.5,-1.0,-0.5,0.0,-0.5,-0.5,0.0,0,0
2037,51.54811,0.00204,1.0,,2.0,,1.5,-0.5,1.0,0,0
2038,51.52737,-0.04651,0.0,-2.0,-0.5,,0.0,0.0,0.5,0,0
2039,51.53177,-0.00793,0.0,,2.0,,0.0,-1.0,0.0,0,0
2040,51.54789,-0.1193,4.5,2.0,-1.0,,1.5,4.0,4.0,0,0
2041,51.58036,0.01278,4.5,,2.0,,2.5,5.0,4.0,0,0
2042,51.54916,-0.09159,0.0,-2.5,-0.5,,0.0,-2.0,-2.0,0,0
2043,51.56927,-0.11527,0.0,,1.5,,0.0,0.5,0.0,0,0
2044,51.58472,0.05138,0.5,,0.5,,0.5,-0.5,-0.5,0,0
2045,51.56484,-0.1539,-1.0,,-0.5,,-1.0,-0.5,-1.0,0,0
2046,51.57302,0.02625,0.5,,-3.5,,0.5,-2.0,0.0,0,0
2047,51.59057,0.06395,0.5,,2.0,,0.0,-0.5,0.0,0,0
2048,51.53815,-0.21504,-1.0,1.0,1.5,,-0.5,-1.5,-1.5,0,0
2049,51.43481,-0.15659,-1.0,-5.5,-8.5,-8.5,-1.5,-1.5,-1.0,0,0
2050,51.41842,-0.16651,1.0,-0.5,3.0,0.5,0.5,1.0,1.5,0,0
2051,51.48135,-0.18217,0.0,1.0,0.5,0.0,-1.5,0.0,0.0,0,0
2052,51.46497,-0.1921,1.5,4.5,7.0,3.5,0.0,1.0,1.0,0,0
2053,51.52565,-0.14181,-1.0,-1.0,-1.0,,-1.0,-2.0,-1.0,0,0
2054,51.51388,-0.16691,0.0,0.0,-0.5,,1.0,0.5,0.5,0,0
2055,51.51517,-0.13921,1.0,-1.0,-3.5,,-1.0,-2.5,-2.0,0,0
2056,51.56041,-0.19254,0.0,1.0,4.5,,-0.5,-1.0,-1.0,0,0
2057,51.56169,-0.1648,0.5,0.0,1.5,,0.5,2.5,2.5,0,0
2058,51.46612,-0.1107,0.0,-1.0,-1.5,-1.0,-0.5,1.0,0.0,0,0
2059,51.44846,-0.14831,-1.0,0.0,-1.0,-4.5,0.0,-0.5,0.0,0,0
2060,51.52507,-0.03894,2.0,1.5,-1.5,,2.5,0.0,1.0,0,0
2061,51.52632,-0.01126,-0.5,,-2.5,,0.5,2.0,0.5,0,0
2062,51.57805,0.02035,1.0,,-0.5,,0.0,0.0,0.0,0,0
2063,51.54686,-0.08401,-0.5,2.0,-2.5,,-0.5,-1.5,-1.0,0,0
2064,51.57928,0.04805,0.5,,-0.5,,0.5,0.5,0.5,0,0
2065,51.53585,-0.20745,0.0,1.0,-4.0,,-0.5,-0.5,-0.5,0,0
2066,51.41296,-0.16982,2.0,-1.5,3.5,1.5,2.0,3.5,4.0,0,0
2067,51.45951,-0.1954,0.5,-1.5,1.0,-0.5,0.5,1.0,0.0,0,0
2068,51.52335,-0.13423,-1.0,0.5,0.5,,-0.5,-1.5,-1.0,0,0
2069,51.54896,-0.03784,-0.5,,-1.0,,-1.0,-0.5,0.0,0,0
2070,51.51287,-0.13163,0.0,-0.5,1.0,,-0.5,-1.5,-1.0,0,0
2071,51.56654,-0.00016,-0.5,,0.0,,1.5,-0.5,1.5,0,0
2072,51.55939,-0.15722,2.0,3.5,1.0,,0.5,4.0,4.5,0,0
2073,51.5653,-0.02786,2.0,,0.5,,1.0,3.0,1.0,0,0
2074,51.46863,-0.11365,1.0,3.0,3.5,3.5,-1.5,-0.5,0.0,0,0
2075,51.45097,-0.15127,1.0,1.0,4.0,1.5,-0.5,-1.0,-2.0,0,0
2076,51.45226,-0.12359,-0.5,0.5,1.0,2.0,-1.0,-1.0,-1.0,0,0
2077,51.55838,-0.00515,-1.0,,-4.5,,-1.0,0.5,-0.5,0,0
2078,51.52758,-0.0419,0.5,-2.0,4.0,,0.0,0.5,0.0,0,0
2079,51.47805,-0.13932,1.0,-4.0,-2.0,1.0,1.5,0.5,-0.5,0,0
2080,51.52884,-0.01421,0.0,,-0.5,,1.0,0.5,1.0,0,0
2081,51.47676,-0.16701,1.0,-1.0,-2.0,0.0,-1.0,-1.0,-0.5,0,0
2082,51.58057,0.0174,0.0,,-2.0,,0.5,0.0,0.5,0,0
2083,51.54937,-0.08697,-1.5,1.0,-0.5,,-0.5,-0.5,-1.0,0,0
2084,51.5818,0.0451,-0.5,,1.0,,-0.5,-0.5,-0.5,0,0
2085,51.57024,0.08292,0.0,,0.5,,-1.0,0.0,0.0,0,0
2086,51.48875,-0.13731,1.0,-1.5,-3.0,,1.0,-0.5,0.5,0,0
2087,51.53837,-0.21042,-0.5,-1.0,1.5,,-1.0,1.0,1.0,0,0
2088,51.41547,-0.17278,-0.5,-0.5,1.5,3.5,-0.5,-1.5,-2.5,0,0
2089,51.49162,-0.1894,1.5,0.5,2.0,,1.5,0.0,0.5,0,0
2090,51.46202,-0.19837,0.5,-2.0,-1.0,-1.5,1.5,1.0,0.5,0,0
2091,51.52586,-0.13719,0.5,1.0,-1.0,,-1.0,2.0,1.5,0,0
2092,51.50505,-0.18574,1.0,-0.5,2.5,,4.0,2.0,1.5,0,0
2093,51.4422,-0.11177,1.0,0.0,-2.5,-2.0,-2.0,-0.5,0.0,0,0
2094,51.51538,-0.13459,0.0,0.5,1.0,,2.0,-0.5,-1.0,0,0
2095,51.50095,0.01363,3.0,3.0,4.5,,4.0,4.0,3.0,0,0
2096,51.56191,-0.16018,1.0,,1.5,,0.0,2.5,3.0,0,0
2097,51.4997,-0.01404,-2.0,2.0,-0.5,,-2.0,-1.5,-1.5,0,0
2098,51.46633,-0.10608,0.0,-0.5,1.5,-0.5,0.5,0.0,1.0,0,0
2099,51.44551,-0.15458,1.0,-2.0,-2.0,-4.0,-1.0,0.5,0.5,0,0
2100,51.44996,-0.11603,0.5,-0.5,3.0,4.0,0.5,0.0,0.0,0,0
2101,51.51018,-0.01661,2.0,1.0,2.0,,1.5,1.0,0.5,0,0
2102,51.55607,0.00242,2.0,,3.0,,1.0,-1.5,1.5,0,0
2103,51.52653,-0.00664,2.0,,-1.0,,1.5,2.5,0.5,0,0
2104,51.59211,-0.02047,0.5,,2.0,,1.0,1.0,1.5,0,0
2105,51.57949,0.05266,0.0,,0.5,,0.0,0.0,0.0,0,0
2106,51.53291,-0.21373,-0.5,2.5,-0.5,,1.5,-0.5,-0.5,0,0
2107,51.41317,-0.16521,1.0,1.5,1.5,1.5,1.5,0.0,1.0,0,0
2108,51.48932,-0.18182,-1.0,-2.5,-1.0,,-0.5,0.0,0.0,0,0
2109,51.45973,-0.19079,-1.5,-2.0,-0.5,1.0,-3.0,-2.0,-2.5,0,0
2110,51.52041,-0.14051,0.0,-0.5,3.5,,0.5,-0.5,0.0,0,0
2111,51.51206,-0.09174,-1.0,-0.5,-1.0,,-1.5,-2.0,-2.0,0,0
2112,51.54056,-0.10581,0.0,-0.5,2.0,,-0.5,0.5,0.0,0,0
2113,51.51078,-0.11943,-0.5,-2.5,1.0,,2.0,-2.5,-1.5,0,0
2114,51.50275,-0.17816,-0.5,-1.0,1.0,,0.5,-1.5,-0.5,0,0
2115,51.53758,-0.17048,-1.5,-0.5,0.5,,-1.0,-0.5,0.0,0,0
2116,51.46885,-0.10904,1.0,0.5,0.5,2.0,0.5,0.0,0.5,0,0
2117,51.53628,-0.19821,0.0,0.5,3.5,,0.5,0.0,0.0,0,0
2118,51.52275,-0.08972,1.0,-1.5,1.5,,2.0,0.5,0.5,0,0
2119,51.55394,-0.16053,0.0,-2.0,-3.0,,1.0,1.0,-0.5,0,0
2120,51.44802,-0.15754,1.0,-0.5,0.0,0.5,0.0,1.5,0.5,0,0
2121,51.55265,-0.18827,-0.5,0.0,-3.5,,0.0,-1.0,-2.0,0,0
2122,51.49327,-0.21083,-1.0,-1.5,-0.5,,-1.0,1.0,0.5,0,0
2123,51.45248,-0.11898,0.0,1.5,-1.0,-4.0,1.0,1.0,0.5,0,0
2124,51.55858,-0.00053,2.0,,1.5,,2.0,1.0,2.0,0,0
2125,51.50375,-0.21345,-0.5,0.0,1.0,,0.0,-1.5,-1.0,0,0
2126,51.53785,-0.0491,-1.0,1.5,3.5,,1.5,-1.5,-1.0,0,0
2127,51.52904,-0.00959,1.0,,-1.5,,-1.0,-0.5,-1.0,0,0
2128,51.5267,0.05627,-1.5,,-4.0,,-1.5,-1.0,-1.5,0,0
2129,51.57322,0.03087,0.5,,-3.5,,0.5,1.0,0.0,0,0
2130,51.582,0.04971,1.0,,-0.5,,1.0,1.0,1.0,0,0
2131,51.53542,-0.21669,1.0,-0.5,3.5,,-1.0,0.0,0.0,0,0
2132,51.51905,-0.22663,-1.0,-1.0,-4.0,,1.5,-2.0,-0.5,0,0
2133,51.45721,-0.18783,-0.5,0.0,-0.5,0.0,-1.5,-2.0,-1.5,0,0
2134,51.41569,-0.16817,-1.0,0.0,2.0,1.0,-0.5,-1.0,-0.5,0,0
2135,51.49184,-0.18478,-1.5,-1.5,-2.5,,0.0,0.0,0.0,0,0
2136,51.46224,-0.19375,-1.0,-0.5,3.0,0.0,2.0,1.0,0.5,0,0
2137,51.52292,-0.14347,0.0,0.5,0.0,,0.5,-0.5,-1.5,0,0
2138,51.53826,-0.09823,-1.0,0.0,-1.0,,-1.0,-1.5,-2.0,0,0
2139,51.50527,-0.18112,0.5,-2.0,6.5,,5.0,2.0,1.0,0,0
2140,51.50656,-0.15341,1.0,-2.0,1.0,,-1.5,-1.0,-1.0,0,0
2141,51.44573,-0.14997,-0.5,2.5,-4.0,-3.0,0.5,0.0,0.0,0,0
2142,51.44702,-0.12229,0.5,0.0,0.0,0.0,1.5,1.5,0.5,0,0
2143,51.55314,-0.00386,-1.5,,-2.5,,-1.5,-2.0,-1.0,0,0
2144,51.53555,-0.04153,-0.5,0.0,1.0,,0.0,1.5,1.5,0,0
2145,51.58206,-0.06704,1.0,,-0.5,,0.0,-2.0,-2.0,0,0
2146,51.57091,0.03844,-4.5,,-5.5,,-3.5,-4.0,-4.0,0,0
2147,51.57157,-0.12285,1.0,,4.0,,1.0,-1.0,-1.0,0,0
2148,51.5665,0.05818,0.5,,0.0,,0.0,0.0,0.0,0,0
2149,51.57533,0.01868,-1.0,,2.5,,-0.5,1.0,-1.5,0,0
2150,51.53312,-0.20911,-0.5,-2.0,-2.0,,-1.0,1.0,1.0,0,0
2151,51.51675,-0.21904,0.5,-1.5,1.0,,-0.5,0.0,-0.5,0,0
2152,51.48638,-0.18809,-1.5,3.0,-1.0,1.5,-2.0,0.0,0.0,0,0
2153,51.52062,-0.13589,0.0,1.0,-3.0,,1.5,1.0,1.0,0,0
2154,51.54077,-0.10119,0.0,4.0,2.0,,0.5,1.5,2.0,0,0
2155,51.49981,-0.18443,1.0,-1.5,2.0,,-0.5,0.0,0.5,0,0
2156,51.50426,-0.14583,0.0,3.5,-3.0,,-1.0,2.0,2.5,0,0
2157,51.54204,-0.07348,-0.5,-2.0,1.5,,0.0,0.0,-0.5,0,0
2158,51.47912,-0.11625,2.0,-0.5,-1.5,-2.5,1.0,6.0,7.0,0,0
2159,51.44824,-0.15292,0.5,-2.0,-2.0,-1.0,0.5,0.5,0.5,0,0
2160,51.44953,-0.12525,-0.5,-3.0,1.0,-2.5,-1.0,-1.0,-1.0,0,0
2161,51.55565,-0.00681,3.5,,8.5,,3.5,7.0,3.0,0,0
2162,51.53806,-0.04448,-1.5,,0.5,,0.0,-2.0,-3.0,0,0
2163,51.53931,-0.01679,3.0,,2.0,,1.5,2.0,-0.5,0,0
2164,51.58583,-0.04227,0.0,,-1.5,,0.0,0.0,0.5,0,0
2165,51.52691,0.06088,-1.5,,3.5,,-1.0,0.5,-1.0,0,0
2166,51.57343,0.03549,-0.5,,-0.5,,-1.0,-0.5,0.0,0,0
2167,51.57466,0.06318,1.0,,2.0,,0.5,0.5,0.5,0,0
2168,51.53564,-0.21207,1.0,0.0,0.5,,1.5,0.5,0.5,0,0
2169,51.51926,-0.222,-0.5,0.0,2.5,,0.0,0.5,1.0,0,0
2170,51.48889,-0.19105,-2.0,0.0,0.0,,-1.5,-0.5,-0.5,0,0
2171,51.56006,-0.02657,-0.5,,10.5,,-0.5,2.0,1.0,1,0
2172,51.47251,-0.20098,-1.0,-0.5,-3.0,-1.0,0.0,-1.0,-1.0,0,0
2173,51.55126,-0.04541,1.5,,1.5,,2.0,2.0,2.5,0,0
2174,51.52314,-0.13885,0.5,-1.0,-5.0,,-0.5,-0.5,-1.5,0,0
2175,51.57199,0.00317,1.5,,0.0,,0.5,0.0,0.5,0,0
2176,51.53532,-0.10451,0.0,-1.0,-2.5,,0.5,-1.5,-2.5,0,0
2177,51.5676,-0.03544,0.0,,2.5,,0.5,-1.0,0.0,0,0
2178,51.50232,-0.18739,-0.5,-1.0,-2.5,,-2.5,-1.5,-0.5,0,0
2179,51.50677,-0.14879,0.0,0.0,-1.0,,-1.5,-1.0,-2.0,0,0
2180,51.53974,-0.06591,-0.5,-0.5,1.0,,0.5,1.0,0.5,0,0
2181,51.47682,-0.10868,1.0,-0.5,1.5,1.0,2.5,3.5,3.0,0,0
2182,51.44723,-0.11768,1.0,-1.0,3.0,2.5,-0.5,0.0,0.5,0,0
2183,51.4835,-0.13601,-1.0,2.5,2.0,-0.5,1.0,1.0,1.0,0,0
2184,51.55334,0.00076,0.5,,0.0,,0.5,-2.0,0.5,0,0
2185,51.47905,-0.17459,2.0,-1.5,2.5,-3.5,2.5,2.0,2.0,0,0
2186,51.53261,-0.04781,0.5,0.5,0.5,,0.0,1.0,1.5,0,0
2187,51.49987,-0.12607,-2.0,2.0,-3.0,,-1.0,-1.5,-1.0,0,0
2188,51.53701,-0.00922,-1.5,,3.5,,-0.5,-2.5,-1.0,0,0
2189,51.57255,0.07536,0.0,,-1.0,,-1.0,0.0,-1.0,0,0
2190,51.49105,-0.14489,-1.0,0.0,3.0,,-2.0,0.5,0.0,0,0
2191,51.57913,-0.07332,-0.5,,-5.0,,0.5,2.0,1.5,0,0
2192,51.58352,-0.0347,0.0,,0.0,,-0.5,0.0,-1.0,0,0
2193,51.56799,0.03216,3.0,,3.5,,1.5,3.0,3.5,0,0
2194,51.57235,0.07074,2.0,,0.0,,2.0,1.5,2.0,0,0
2195,51.5138,-0.22531,-1.0,1.0,-6.0,,0.0,-0.5,-1.5,0,0
2196,51.48659,-0.18347,-0.5,-1.5,4.0,1.0,0.5,-1.0,-0.5,0,0
2197,51.4445,-0.11934,4.0,2.0,0.0,1.5,0.0,-1.0,0.0,0,0
2198,51.47022,-0.1934,0.0,0.5,-2.5,-1.5,0.0,0.0,0.0,0,0
2199,51.5064,0.01696,-0.5,,-1.0,,-0.5,-1.0,-1.0,0,0
2200,51.53783,-0.10747,-0.5,2.0,0.5,,0.0,0.0,0.5,0,0
2201,51.50201,-0.0216,-1.0,4.5,-2.5,,-1.0,0.5,1.0,0,0
2202,51.50002,-0.17981,-2.5,3.5,-3.0,,-1.0,-2.0,-1.0,0,0
2203,51.52274,0.02694,0.0,,-0.5,,0.0,0.0,0.0,0,0
2204,51.50132,-0.15211,0.0,0.5,-4.5,,0.0,1.0,0.5,0,0
2205,51.51249,-0.02418,-0.5,-1.0,-2.0,,0.0,0.0,-0.5,0,0
2206,51.54225,-0.06886,-0.5,0.5,3.0,,0.5,-1.0,0.0,0,0
2207,51.52148,-0.11742,-1.5,0.5,0.0,,-0.5,-1.5,-2.0,0,0
2208,51.47933,-0.11164,-1.5,0.5,-2.0,-2.5,-1.5,-1.0,0.0,0,0
2209,51.45851,-0.16014,0.5,-1.0,3.0,0.0,0.5,0.0,0.0,0,0
2210,51.44975,-0.12064,-1.0,-1.5,2.5,-3.0,0.0,0.0,0.5,0,0
2211,51.55586,-0.0022,-2.0,,-6.5,,-2.0,0.5,-1.5,0,0
2212,51.53513,-0.05076,1.0,-1.0,2.0,,1.0,4.5,4.5,0,0
2213,51.53952,-0.01217,1.5,,-2.0,,0.5,2.0,2.5,0,0
2214,51.58164,-0.07628,0.0,,-7.5,,-1.5,-1.5,-1.5,0,0
2215,51.51751,-0.08842,-2.0,-1.0,-3.5,,-1.5,-1.0,-1.0,0,0
2216,51.58604,-0.03765,0.0,,-4.0,,0.5,-1.0,-0.5,0,0
2217,51.51308,-0.12701,5.0,0.5,0.0,,4.5,2.5,3.0,0,0
2218,51.52398,0.05461,0.0,,-2.5,,0.0,0.5,0.0,0,0
2219,51.53386,-0.07846,0.0,0.0,-0.5,,0.0,0.5,0.0,0,0
2220,51.5705,0.0292,1.0,,-0.5,,0.0,-0.5,0.0,0,0
2221,51.53377,-0.19524,0.0,-1.0,-3.5,,-1.0,-1.0,-0.5,0,0
2222,51.52505,-0.09729,1.0,1.5,-1.0,,1.0,0.0,0.5,0,0
2223,51.55143,-0.15757,0.0,3.5,3.5,,-1.0,0.5,0.5,0,0
2224,51.57486,0.06779,-1.0,,-4.0,,0.5,0.5,0.5,0,0
2225,51.49075,-0.20787,0.0,0.0,-6.0,,-0.5,-1.0,-1.5,0,0
2226,51.55014,-0.1853,-1.0,3.0,1.0,,-2.0,-0.5,-0.5,0,0
2227,51.5459,-0.21932,0.0,2.5,-1.0,,1.0,0.5,0.5,0,0
2228,51.46115,-0.21683,1.5,3.5,0.0,3.0,-2.0,-1.0,-2.0,0,0
2229,51.50124,-0.21049,-0.5,1.0,0.0,,0.5,0.0,-1.0,0,0
2230,51.51632,-0.22828,-1.0,1.0,-3.5,,-0.5,-1.0,-1.0,0,0
2231,51.48911,-0.18644,1.0,0.0,2.5,,0.0,0.5,0.5,0,0
2232,51.47273,-0.19636,-0.5,3.0,3.0,2.0,-1.0,-0.5,0.0,0,0
2233,51.53341,-0.14608,-2.0,2.5,-0.5,,-1.5,-0.5,-1.0,0,0
2234,51.53553,-0.09989,0.0,3.5,0.0,,0.0,-1.5,-2.5,0,0
2235,51.50254,-0.18278,-0.5,3.5,0.0,,0.5,-0.5,-1.5,0,0
2236,51.50383,-0.15507,-1.0,-0.5,-1.5,,1.0,1.0,0.5,0,0
2237,51.4547,-0.18487,0.0,-1.5,1.0,-2.0,-0.5,0.5,0.0,0,0
2238,51.5368,-0.07218,2.0,-1.0,0.0,,1.5,0.0,0.0,0,0
2239,51.51918,-0.10984,1.0,1.0,-1.0,,0.5,1.0,0.5,0,0
2240,51.47388,-0.11495,2.0,2.5,3.0,6.5,1.0,0.0,0.0,0,0
2241,51.45621,-0.15257,-1.0,0.0,-4.0,-1.0,-3.5,-3.0,-2.0,0,0
2242,51.53282,-0.04319,-1.0,0.5,3.5,,-1.0,0.0,-0.5,0,0
2243,51.53407,-0.0155,1.0,,-4.0,,1.0,2.0,1.0,0,0
2244,51.57934,-0.0687,1.0,,0.5,,1.5,2.5,2.0,0,0
2245,51.58059,-0.04098,-1.0,,0.5,,-0.5,-0.5,0.0,0,0
2246,51.56819,0.03677,2.5,,1.0,,0.5,4.0,2.5,0,0
2247,51.56942,0.06446,-2.0,,-4.5,,-0.5,-0.5,-0.5,0,0
2248,51.54361,-0.21173,1.0,1.5,-4.5,,0.5,0.5,0.5,0,0
2249,51.45886,-0.20925,-2.0,-1.5,-4.5,-3.5,-1.0,-0.5,0.0,0,0
2250,51.51402,-0.22069,1.0,-1.0,1.5,,1.5,0.0,0.5,0,0
2251,51.56398,0.06113,-0.5,,0.0,,-1.0,-1.0,-1.0,0,0
2252,51.46727,-0.19967,0.0,1.5,5.5,1.5,0.0,0.5,0.0,0,0
2253,51.56778,-0.14762,1.5,,2.5,,1.0,0.5,0.0,0,0
2254,51.53111,-0.13849,2.5,-1.0,2.0,,2.5,0.0,0.5,0,0
2255,51.53805,-0.10285,-1.0,0.5,-2.0,,-1.0,0.5,1.0,0,0
2256,51.50153,-0.14749,0.5,3.0,6.0,,-0.5,-1.0,-1.0,0,0
2257,51.53931,-0.07514,-1.0,3.0,-2.0,,0.5,0.5,1.0,0,0
2258,51.52169,-0.1128,-1.0,1.0,-1.0,,-1.5,-0.5,-1.0,0,0
2259,51.52296,-0.0851,0.5,2.5,0.5,,0.5,0.0,0.5,0,0
2260,51.47639,-0.11791,-1.5,0.0,-2.5,-6.0,-1.0,-2.5,-3.0,0,0
2261,51.45873,-0.15553,0.0,0.5,-1.5,0.0,-0.5,-1.5,-0.5,0,0
2262,51.46002,-0.12785,0.0,-2.0,0.0,-4.5,0.5,1.0,0.0,0,0
2263,51.54852,0.01128,-1.0,,1.5,,0.0,-1.0,-1.0,0,0
2264,51.53534,-0.04615,2.0,-1.0,-2.5,,2.5,1.0,1.5,0,0
2265,51.53659,-0.01845,1.0,,-3.5,,0.5,-1.0,-1.0,0,0
2266,51.58185,-0.07166,2.5,,-7.0,,1.5,-2.5,-2.5,0,0
2267,51.58311,-0.04394,2.5,,-1.5,,3.0,2.0,2.5,0,0
2268,51.57071,0.03382,-0.5,,-3.0,,0.5,-0.5,0.0,0,0
2269,51.57194,0.06151,-0.5,,2.0,,0.0,0.0,0.0,0,0
2270,51.54612,-0.21469,0.0,1.0,4.5,,-1.0,-0.5,-0.5,0,0
2271,51.46137,-0.21221,-0.5,0.0,-1.5,0.0,-1.0,0.0,-1.0,0,0
2272,51.46267,-0.18452,0.5,-1.5,-3.0,-3.0,-0.5,0.0,1.0,0,0
2273,51.51653,-0.22366,0.0,-0.5,4.5,,-2.0,0.0,1.0,0,0
2274,51.46978,-0.20264,0.5,1.5,4.5,-4.0,0.5,1.5,0.5,0,0
2275,51.55754,-0.02362,-1.5,,0.0,,-1.5,-1.0,-1.0,0,0
2276,51.53362,-0.14146,1.5,-1.5,-3.0,,0.0,-1.0,-0.5,0,0
2277,51.51281,-0.19001,-0.5,-1.5,-2.0,,0.0,1.5,0.5,0,0
2278,51.50404,-0.15045,1.0,0.0,1.0,,0.5,1.0,1.0,0,0
2279,51.56947,0.00612,-1.5,,-2.0,,0.5,0.5,1.0,0,0
2280,51.53701,-0.06757,-0.5,-1.5,2.5,,0.0,0.0,0.5,0,0
2281,51.56509,-0.03248,-1.0,,1.0,,0.0,-1.5,0.0,0,0
2282,51.51624,-0.11612,-0.5,1.5,2.5,,1.0,1.5,1.0,0,0
2283,51.52066,-0.07753,-1.0,-0.5,-0.5,,-1.0,0.0,-0.5,0,0
2284,51.47409,-0.11034,0.0,-1.0,0.0,-0.5,0.0,0.5,1.0,0,0
2285,51.45327,-0.15884,0.5,-0.5,0.5,0.5,0.0,-1.0,-1.0,0,0
2286,51.45772,-0.12028,1.0,-1.0,2.0,3.5,-1.0,-1.0,-1.5,0,0
2287,51.48099,-0.13305,0.5,-1.0,3.0,3.0,0.5,0.5,1.0,0,0
2288,51.54621,0.01884,0.0,,2.5,,0.0,1.5,1.5,0,0
2289,51.47654,-0.17163,-1.5,0.0,1.0,0.5,0.5,0.5,0.5,0,0
2290,51.53428,-0.01088,-0.5,,-4.0,,-1.0,1.5,-0.5,0,0
2291,51.49736,-0.12311,3.0,,3.0,,1.0,0.5,1.5,0,0
2292,51.5808,-0.03636,1.0,,2.0,,0.0,0.5,1.0,0,0
2293,51.56963,0.06908,0.5,,4.0,,0.5,0.5,0.5,0,0
2294,51.54066,-0.21801,1.0,1.0,2.0,,0.0,1.0,1.0,0,0
2295,51.45591,-0.21552,-2.0,1.5,5.0,4.5,0.0,1.0,1.0,0,0
2296,51.46038,-0.17694,-0.5,1.5,-2.0,1.0,-1.0,-0.5,-1.0,0,0
2297,51.46748,-0.19506,-1.0,-0.5,0.0,-0.5,0.0,0.5,0.0,0,0
2298,51.52816,-0.14477,-0.5,0.0,0.0,,-0.5,0.0,0.0,0,0
2299,51.53072,-0.08935,1.5,3.5,-0.5,,0.0,0.0,-0.5,0,0
2300,51.51051,-0.18243,-1.0,1.0,-2.0,,-0.5,-1.0,0.0,0,0
2301,51.53952,-0.07052,-0.5,1.0,-0.5,,-0.5,-1.0,-1.5,0,0
2302,51.51875,-0.11908,2.0,0.5,-3.5,,1.0,-1.0,-0.5,0,0
2303,51.50389,0.01991,-2.0,,-4.5,,-3.5,-3.5,-2.5,0,0
2304,51.52317,-0.08048,0.0,-1.0,2.0,,-2.0,0.0,0.0,0,0
2305,51.49949,-0.01865,1.0,-1.0,-1.5,,1.0,1.5,1.0,0,0
2306,51.55703,-0.20807,1.0,,2.0,,2.0,0.0,0.0,0,0
2307,51.52023,0.02988,-1.0,,-0.5,,-1.0,-0.5,-1.0,0,0
2308,51.4766,-0.11329,-2.0,0.5,1.5,1.0,-0.5,-2.0,-2.5,0,0
2309,51.45578,-0.1618,0.0,0.0,-0.5,-1.5,0.0,0.0,0.0,0,0
2310,51.46023,-0.12324,-0.5,-0.5,-1.5,-2.0,1.0,1.5,1.0,0,0
2311,51.54873,0.01589,0.0,,1.0,,0.0,-0.5,-0.5,0,0
2312,51.528,-0.03267,3.0,1.0,0.0,,1.5,-1.0,-1.0,0,0
2313,51.5368,-0.01384,0.5,,4.5,,1.0,-1.0,1.5,0,0
2314,51.40836,-0.15469,-0.5,-2.0,-2.0,-0.5,-1.0,0.0,0.0,0,0
2315,51.56399,-0.17239,1.0,,4.0,,1.0,-0.5,-0.5,0,0
2316,51.58332,-0.03932,-0.5,,-0.5,,-0.5,-0.5,-0.5,0,0
2317,51.5154,0.04039,1.0,,0.5,,1.0,0.0,1.0,0,0
2318,51.58098,0.02663,0.0,,0.0,,-0.5,0.0,0.0,0,0
2319,51.515,-0.08546,-0.5,-1.0,0.5,,0.5,-1.0,-1.0,0,0
2320,51.57214,0.06613,0.0,,-1.0,,0.5,0.5,0.5,0,0
2321,51.51057,-0.12405,0.0,0.5,-1.5,,-2.5,1.0,1.0,0,0
2322,51.54317,-0.22097,-1.0,-0.5,0.5,,1.0,0.0,0.5,0,0
2323,51.53135,-0.0755,0.0,0.5,0.5,,0.5,1.0,1.5,0,0
2324,51.46289,-0.1799,0.0,0.5,3.5,2.0,-1.0,-0.5,-0.5,0,0
2325,51.53607,-0.20283,-1.0,1.0,-2.0,,-0.5,0.0,0.0,0,0
2326,51.5268,-0.2309,2.5,2.5,0.5,,0.5,1.0,1.5,0,0
2327,51.55688,-0.15425,2.0,0.0,5.5,,1.0,0.5,1.0,0,0
2328,51.47,-0.19802,-0.5,-1.0,1.5,-3.0,-0.5,-1.0,-0.5,0,0
2329,51.49305,-0.21545,1.5,0.0,1.0,,0.5,1.0,1.0,0,0
2330,51.55244,-0.19289,-0.5,-0.5,0.0,,-1.0,0.0,-1.0,0,0
2331,51.53068,-0.14773,0.5,0.0,3.5,,0.5,1.5,-1.0,0,0
2332,51.52841,-0.08178,1.5,-1.0,-1.0,,0.0,0.5,1.0,0,0
2333,51.50354,-0.21807,1.0,-1.5,-4.0,,1.5,0.5,0.5,0,0
2334,51.51302,-0.18539,1.0,-0.5,0.5,,-1.0,-1.0,-1.0,0,0
2335,51.51431,-0.15768,-1.0,-1.0,-1.5,,-0.5,0.0,0.5,0,0
2336,51.51645,-0.1115,2.0,1.5,0.0,,2.0,0.5,1.5,0,0
2337,51.51772,-0.0838,1.0,-1.0,0.5,,0.0,2.0,2.0,0,0
2338,51.56083,-0.1833,0.0,1.5,-3.0,,0.0,-1.0,-1.0,0,0
2339,51.45348,-0.15423,0.0,-2.0,0.0,-1.5,1.0,1.0,1.5,0,0
2340,51.45478,-0.12655,2.0,-1.0,-0.5,-1.5,4.0,5.0,4.0,0,0
2341,51.457,-0.19244,1.5,1.0,-4.0,-3.0,0.5,0.5,0.5,0,0
2342,51.54328,0.01256,-1.0,,-1.0,,-1.0,0.0,0.0,0,0
2343,51.52569,-0.0251,0.5,1.0,-2.5,,0.0,0.5,0.5,0,0
2344,51.57867,0.0342,1.0,,-1.0,,0.0,0.5,-1.0,0,0
2345,51.57493,-0.10733,0.0,,5.5,,-0.5,1.0,0.0,0,0
2346,51.54088,-0.21338,0.5,0.0,-3.5,,0.0,0.0,0.0,0,0
2347,51.45613,-0.2109,2.0,0.5,0.5,1.5,0.5,1.5,2.0,0,0
2348,51.45743,-0.18321,0.0,-1.5,-4.5,-0.5,1.0,-0.5,-1.0,0,0
2349,51.5245,-0.22332,-1.5,-3.5,1.5,,1.5,1.5,1.5,0,0
2350,51.52838,-0.14015,0.0,-1.0,-3.0,,0.0,0.0,0.0,0,0
2351,51.53093,-0.08474,-1.0,-2.5,1.0,,0.5,0.0,0.0,0,0
2352,51.50756,-0.1887,4.0,0.0,0.5,,0.5,1.5,1.5,0,0
2353,51.53219,-0.05704,-2.0,-2.0,-4.5,,-2.5,-1.5,-1.5,0,0
2354,51.51201,-0.1501,0.0,0.0,1.5,,-0.5,-1.0,0.0,0,0
2355,51.56131,-0.11563,-0.5,,1.5,,0.0,-1.0,-1.0,0,0
2356,51.56629,0.05357,-1.5,,0.0,,0.5,2.0,0.5,0,0
2357,51.56506,0.02587,1.0,,-1.5,,1.0,1.0,1.0,0,0
2358,51.51896,-0.11446,1.5,1.5,-1.0,,-0.5,0.5,0.0,0,0
2359,51.52024,-0.08676,-0.5,1.5,-5.0,,-1.5,-0.5,-0.5,0,0
2360,51.55409,-0.21435,0.0,,-1.0,,0.5,-1.0,-1.0,0,0
2361,51.55854,-0.17571,-0.5,2.0,-2.5,,-0.5,-0.5,0.0,0,0
2362,51.46927,-0.09981,-1.0,-1.0,-2.5,-3.0,0.5,-0.5,0.0,0,0
2363,51.456,-0.15718,1.0,0.5,-1.0,4.5,1.0,0.0,-0.5,0,0
2364,51.45729,-0.12951,0.0,1.5,-2.5,2.0,0.0,-1.0,-1.0,0,0
2365,51.5458,0.00961,0.5,,-3.0,,0.5,-1.0,-1.0,0,0
2366,51.52821,-0.02805,0.0,,1.5,,1.0,1.0,-0.5,0,0
2367,51.52946,-0.00037,4.5,,0.5,,3.5,2.5,1.5,0,0
2368,51.40858,-0.15008,2.5,2.5,3.5,5.5,2.0,0.5,0.5,0,0
2369,51.58118,0.03125,-1.0,,1.0,,0.5,-1.0,0.0,0,0
2370,51.58241,0.05895,-1.0,,-2.5,,-1.0,-1.0,-1.0,0,0
2371,51.54339,-0.21635,0.0,4.0,3.5,,-1.0,0.5,0.5,0,0
2372,51.45864,-0.21387,1.0,2.0,-1.0,1.0,0.0,-0.5,0.0,0,0
2373,51.45994,-0.18617,1.0,-1.0,-0.5,-0.5,3.0,2.0,2.0,0,0
2374,51.52702,-0.22628,1.0,5.5,-1.0,,-0.5,-0.5,0.0,0,0
2375,51.44356,-0.1961,0.0,-1.0,0.5,0.5,0.0,0.0,0.5,0,0
2376,51.53089,-0.14311,0.5,-1.0,4.0,,0.5,1.0,1.5,0,0
2377,51.52548,-0.08806,-1.0,-1.0,-6.0,,-3.5,0.0,-0.5,0,0
2378,51.51008,-0.19166,0.0,1.0,-2.0,,-0.5,-0.5,0.5,0,0
2379,51.55985,-0.03119,2.5,,6.0,,3.5,-1.0,1.0,0,0
2380,51.51453,-0.15306,2.0,1.0,-3.5,,3.5,-0.5,-1.0,0,0
2381,51.5586,-0.0589,1.5,,1.0,,2.0,-1.0,-1.0,0,0
2382,51.52989,-0.04947,0.0,2.5,-2.5,,0.5,0.0,-1.0,0,0
2383,51.57178,-0.00145,0.0,,-1.0,,-1.0,0.0,0.0,0,0
2384,51.51793,-0.07919,0.0,1.5,-3.5,,0.0,0.5,0.5,0,0
2385,51.57053,-0.02916,-0.5,,0.5,,0.0,0.0,-0.5,0,0
2386,51.56105,-0.17867,-1.5,-1.0,-2.5,,-1.0,-1.0,-1.0,0,0
2387,51.46697,-0.09225,1.5,-0.5,1.5,2.0,0.5,-1.0,-0.5,0,0
2388,51.45499,-0.12194,-0.5,-1.5,1.0,0.5,-1.0,0.0,-1.0,0,0
2389,51.54349,0.01718,-1.0,,0.0,,-0.5,-2.0,-2.0,0,0
2390,51.52276,-0.03138,2.0,0.5,-2.5,,0.5,0.0,0.5,0,0
2391,51.48329,-0.14062,2.0,-0.5,5.0,4.0,4.5,4.0,4.0,0,0
2392,51.52715,0.0072,0.0,,-4.5,,-0.5,-0.5,0.5,0,0
2393,51.482,-0.16832,1.0,-0.5,3.5,-1.0,0.0,-0.5,0.5,0,0
2394,51.57574,0.02792,-2.0,,-6.0,,-2.0,-2.0,-1.0,0,0
2395,51.49966,-0.13068,0.0,-1.5,-3.0,,-0.5,0.5,0.0,0,0
2396,51.5801,0.06651,0.0,,0.0,,0.0,0.0,0.0,0,0
2397,51.49837,-0.15838,-0.5,0.0,0.5,,-0.5,0.0,-0.5,0,0
2398,51.572,-0.11361,-1.0,,-3.0,,-0.5,-1.0,-1.0,0,0
2399,51.45765,-0.1786,0.0,2.0,2.0,-2.0,1.0,-1.0,-0.5,0,0
2400,51.52156,-0.22959,-1.0,-1.0,-2.0,,0.5,-1.0,-1.5,0,0
2401,51.44126,-0.18852,1.0,-3.5,-3.5,-3.0,0.0,1.5,0.5,0,0
2402,51.52799,-0.09101,0.0,0.5,-2.0,,-0.5,0.5,0.0,0,0
2403,51.50778,-0.18408,5.5,0.0,-1.0,,-0.5,-2.0,-1.0,0,0
2404,51.5324,-0.05242,0.5,-1.5,0.5,,-1.0,2.5,1.5,0,0
2405,51.43423,-0.11213,-1.0,4.0,-2.0,-2.0,0.5,-1.0,-1.0,0,0
2406,51.50907,-0.15637,-2.5,-0.5,-2.5,,1.0,-2.0,-1.5,0,0
2407,51.50619,0.01235,-0.5,,5.5,,-0.5,0.0,0.0,0,0
2408,51.51163,-0.10097,-1.0,1.0,0.0,,0.5,-1.0,-1.0,0,0
2409,51.50494,-0.01533,-2.0,-3.0,-3.5,,-2.0,-1.0,-1.0,0,0
2410,51.52045,-0.08214,-1.0,-1.5,0.5,,-0.5,-1.0,-1.0,0,0
2411,51.52254,0.02232,-1.0,,-5.0,,-1.0,-1.0,-1.0,0,0
2412,51.5543,-0.20973,-0.5,2.0,-1.5,,-1.0,0.0,0.0,0,0
2413,51.52129,-0.00535,1.0,,1.5,,0.0,1.0,0.5,0,0
2414,51.55559,-0.18199,0.0,-0.5,-2.0,,0.5,0.5,1.0,0,0
2415,51.46949,-0.0952,-1.0,-1.0,-2.0,-2.0,-0.5,0.0,-0.5,0,0
2416,51.44867,-0.1437,0.5,0.0,3.0,0.0,1.0,0.0,-1.0,0,0
2417,51.4575,-0.12489,2.0,1.0,2.0,3.0,0.0,-0.5,0.0,0,0
2418,51.54601,0.01423,1.0,,0.0,,1.0,2.5,2.5,0,0
2419,51.56148,-0.16943,1.5,4.0,-2.5,,1.5,2.0,2.0,0,0
2420,51.52528,-0.03433,-2.0,1.0,-6.0,,-1.0,-2.5,-2.5,0,0
2421,51.52967,0.00425,-2.5,,-4.5,,-2.5,-2.0,-1.0,0,0
2422,51.40563,-0.15634,1.0,2.0,0.5,5.5,1.0,1.5,1.5,0,0
2423,51.5173,-0.09304,-1.0,-1.0,2.5,,2.5,1.5,2.0,0,0
2424,51.57826,0.02497,0.0,,-1.0,,0.0,0.0,0.0,0,0
2425,51.51602,-0.12074,-0.5,-2.5,2.5,,-1.0,0.5,0.0,0,0
2426,51.58262,0.06356,0.0,,0.0,,0.0,0.0,0.0,0,0
2427,51.53365,-0.08308,1.0,-1.0,0.5,,0.0,1.0,1.5,0,0
2428,51.57451,-0.11657,0.5,,3.0,,1.0,0.0,0.0,0,0
2429,51.53238,-0.11078,-1.0,-2.0,0.0,,-1.0,-1.0,0.0,0,0
2430,51.45132,-0.20037,0.0,0.5,0.0,1.0,-0.5,0.0,-0.5,0,0
2431,51.55437,-0.15129,0.0,-2.0,1.0,,-2.0,-1.0,-1.5,0,0
2432,51.46016,-0.18156,-0.5,-1.0,-2.0,-1.0,0.0,2.0,1.0,0,0
2433,51.49054,-0.21249,1.0,-0.5,-6.5,,-0.5,-1.5,-0.5,0,0
2434,51.54992,-0.18992,0.5,1.5,1.5,,0.0,-0.5,-0.5,0,0
2435,51.52407,-0.23256,-1.5,5.0,2.5,,0.0,-1.5,-2.0,0,0
2436,51.44378,-0.19148,-2.0,0.0,-2.5,-3.0,0.0,-0.5,0.0,0,0
2437,51.52356,-0.12961,0.0,-0.5,4.5,,-0.5,3.0,2.5,0,0
2438,51.52569,-0.08344,-0.5,-1.5,-3.5,,1.5,-1.5,-1.5,0,0
2439,51.51029,-0.18705,-2.5,-3.5,-6.5,,0.5,0.0,-0.5,0,0
2440,51.52695,-0.05574,-1.5,1.5,-4.5,,-1.0,-0.5,-1.0,0,0
2441,51.51158,-0.15933,1.5,-3.0,-2.5,,1.5,6.5,5.5,0,0
2442,51.50933,-0.0934,-2.0,1.0,4.0,,0.5,0.0,0.5,0,0
2443,51.55682,-0.21269,1.0,,1.0,,0.0,-1.0,-1.0,0,0
2444,51.55811,-0.18495,0.0,-1.0,-0.5,,0.5,2.0,1.0,0,0
2445,51.46403,-0.09852,-1.0,-0.5,-1.5,-4.0,0.5,1.0,0.5,0,0
2446,51.44637,-0.13613,-1.5,-1.5,2.5,-2.0,0.5,0.0,0.5,0,0
2447,51.52297,-0.02676,1.5,-0.5,2.0,,2.5,2.0,2.5,0,0
2448,51.52422,0.00092,2.0,,9.5,,2.5,2.0,-0.5,0,0
2449,51.57595,0.03253,0.0,,-3.5,,0.0,1.5,1.5,0,0
2450,51.57718,0.06023,-0.5,,-4.0,,0.0,0.0,0.0,0,0
2451,51.57221,-0.10899,0.0,,2.5,,0.5,-1.0,0.0,0,0
2452,51.44902,-0.19279,-1.0,-2.0,-0.5,4.0,-1.0,0.0,-1.0,0,0
2453,51.52177,-0.22497,-0.5,-0.5,1.0,,-1.5,0.5,-0.5,0,0
2454,51.43831,-0.19479,0.0,0.5,3.5,4.0,0.0,-0.5,0.0,0,0
2455,51.52126,-0.12204,-0.5,0.0,1.5,,1.5,0.0,0.0,0,0
2456,51.5282,-0.0864,2.0,3.0,-1.5,,-0.5,0.0,0.5,0,0
2457,51.52947,-0.0587,2.0,-1.5,1.0,,1.5,1.0,1.5,0,0
2458,51.50929,-0.15176,-0.5,0.0,2.0,,-0.5,0.0,0.5,0,0
2459,51.55879,-0.11267,0.0,2.5,-0.5,,0.0,-0.5,-0.5,0,0
2460,51.56378,0.05652,-1.0,,-1.5,,-0.5,1.0,-0.5,0,0
2461,51.56254,0.02883,-1.0,,-1.5,,-0.5,-0.5,-0.5,0,0
2462,51.51185,-0.09635,-0.5,1.0,-1.0,,0.0,-1.0,-1.5,0,0
2463,51.51311,-0.06866,2.5,1.0,3.5,,1.5,0.0,-0.5,0,0
2464,51.55581,-0.17736,-1.0,0.0,-4.5,,-0.5,0.0,-1.0,0,0
2465,51.46655,-0.10147,-1.0,0.5,-4.0,-4.0,-0.5,-0.5,-1.0,0,0
2466,51.44889,-0.13909,1.0,0.5,0.0,1.0,-0.5,2.0,1.5,0,0
2467,51.45017,-0.11141,-1.0,-1.5,-3.0,-1.0,-1.5,0.0,-0.5,0,0
2468,51.55627,0.00704,0.0,,1.5,,0.0,-1.0,-1.0,0,0
2469,51.52549,-0.02971,-1.0,0.0,-2.5,,-1.0,0.5,0.5,0,0
2470,51.52674,-0.00203,2.5,,6.0,,3.5,4.0,3.5,0,0
2471,51.54365,0.0801,0.5,,1.0,,1.0,2.0,1.5,0,0
2472,51.59016,0.05471,-0.5,,2.0,,0.0,-0.5,0.0,0,0
2473,51.57846,0.02958,0.0,,1.5,,0.5,0.0,0.0,0,0
2474,51.56591,-0.13079,0.0,,-2.5,,-0.5,-1.0,-1.5,0,0
2475,51.57969,0.05728,0.0,,1.0,,0.0,0.0,0.0,0,0
2476,51.57472,-0.11195,2.0,,1.5,,1.0,1.0,1.0,0,0
2477,51.45154,-0.19575,1.0,0.5,2.0,3.0,1.0,0.0,0.5,0,0
2478,51.45284,-0.16807,1.0,-1.0,-1.5,-3.0,1.0,-1.0,-2.0,0,0
2479,51.52429,-0.22794,2.0,-2.0,4.5,,1.5,3.0,3.5,0,0
2480,51.44083,-0.19775,1.0,1.0,2.0,0.5,1.0,0.0,0.0,0,0
2481,51.51697,-0.21442,0.0,1.0,0.0,,1.0,1.0,0.5,0,0
2482,51.52378,-0.125,0.0,0.0,-2.5,,-1.0,-0.5,0.0,0,0
2483,51.55734,-0.02823,1.5,,1.5,,2.0,1.5,1.0,0,0
2484,51.50297,-0.17354,0.5,-1.5,-1.5,,-2.0,2.5,1.5,0,0
2485,51.55608,-0.05594,-1.5,,-3.0,,-1.5,0.5,-1.0,0,0
2486,51.5118,-0.15472,-1.0,1.0,3.5,,-2.5,0.0,-1.0,0,0
2487,51.52716,-0.05113,-0.5,0.5,-2.0,,-0.5,-0.5,0.0,0,0
2488,51.50639,-0.09967,2.0,0.5,2.5,,1.0,-1.0,-1.0,0,0
2489,51.56802,-0.0262,0.0,,-2.5,,0.0,-1.0,-1.0,0,0
2490,51.51081,-0.06109,-1.5,0.0,-4.0,,-1.5,-1.0,-1.0,0,0
2491,51.55832,-0.18033,0.0,-0.5,-3.5,,0.0,-0.5,0.0,0,0
2492,51.46424,-0.0939,0.0,-0.5,-1.0,0.0,0.0,0.0,-0.5,0,0
2493,51.44343,-0.1424,0.5,-0.5,0.0,1.5,0.0,0.0,-1.0,0,0
2494,51.44787,-0.10385,-2.5,0.5,1.0,-2.0,-1.0,-1.0,-1.5,0,0
2495,51.55397,0.0146,2.0,,4.0,,0.5,2.5,2.5,0,0
2496,51.52443,0.00553,-2.0,,-2.0,,-2.0,-1.0,-1.5,0,0
2497,51.47949,-0.16536,-3.0,-1.5,-0.5,-2.5,-1.0,0.5,-0.5,0,0
2498,51.58855,-0.04061,0.0,,-3.5,,-2.0,0.0,-1.0,0,0
2499,51.49714,-0.12772,0.0,2.0,3.5,,-0.5,-1.5,-0.5,0,0
2500,51.58785,0.06228,0.0,,3.0,,0.0,0.5,-0.5,0,0
2501,51.49586,-0.15542,1.0,1.0,2.5,,2.0,-1.0,0.0,0,0
2502,51.56361,-0.12321,-0.5,,1.5,,-0.5,-1.0,-1.0,0,0
2503,51.57738,0.06485,-1.0,,-6.0,,0.0,-1.5,-1.5,0,0
2504,51.44607,-0.19906,0.0,1.5,-1.5,-2.0,0.0,0.0,-1.0,0,0
2505,51.45054,-0.16049,-0.5,1.5,3.0,2.0,0.5,0.0,0.0,0,0
2506,51.43853,-0.19018,4.5,0.5,0.5,-0.5,4.5,5.5,6.0,0,0
2507,51.51467,-0.20683,-0.5,-0.5,3.5,,0.0,-1.0,0.0,0,0
2508,51.51832,-0.12831,-1.5,1.0,1.0,,-0.5,-0.5,-0.5,0,0
2509,51.43171,-0.10918,-1.5,2.5,0.5,1.5,1.0,0.5,0.5,0,0
2510,51.53847,-0.09361,0.5,-1.0,1.0,,0.5,0.5,-0.5,0,0
2511,51.50067,-0.16596,-1.0,0.0,-2.5,,-1.0,-0.5,-1.0,0,0
2512,51.52968,-0.05408,-1.0,1.0,-3.0,,-0.5,-0.5,0.0,0,0
2513,51.50243,-0.01237,3.0,,-3.5,,3.0,4.5,4.5,0,0
2514,51.50891,-0.10263,-0.5,0.5,3.5,,1.0,1.0,0.5,0,0
2515,51.52002,0.02527,0.5,,-1.5,,0.5,0.5,1.0,0,0
2516,51.51333,-0.06405,-0.5,-1.5,0.5,,0.0,-0.5,-0.5,0,0
2517,51.51877,-0.0024,1.5,,4.5,,2.0,1.0,1.0,0,0
2518,51.5259,-0.02049,-1.0,,-2.0,,1.0,-1.5,0.0,0,0
2519,51.58595,0.07908,0.0,,-3.0,,0.0,0.0,-1.0,0,0
2520,51.46676,-0.09686,0.5,2.5,1.0,3.0,0.0,0.5,1.0,0,0
2521,51.44594,-0.14535,0.0,-0.5,-0.5,0.0,-1.0,0.0,0.5,0,0
2522,51.45039,-0.1068,3.5,-0.5,2.5,1.0,2.0,1.0,2.0,0,0
2523,51.56378,-0.17701,1.5,3.0,3.5,,2.0,1.0,1.0,0,0
2524,51.55648,0.01165,-0.5,,-1.5,,0.0,-0.5,-1.5,0,0
2525,51.53575,-0.03691,2.0,1.0,0.5,,2.0,1.0,1.5,0,0
2526,51.52694,0.00258,0.0,,-6.0,,0.5,2.5,-0.5,0,0
2527,51.58227,-0.06242,-1.5,,2.0,,-2.0,0.5,-0.5,0,0
2528,51.54385,0.08471,0.5,,1.0,,1.0,2.0,0.5,0,0
2529,51.51351,-0.11778,-1.5,0.5,-1.0,,-1.0,-0.5,-0.5,0,0
2530,51.52316,0.03616,0.5,,2.5,,0.5,1.5,-0.5,0,0
2531,51.53114,-0.08012,-1.0,-3.0,-0.5,,-0.5,-0.5,-1.5,0,0
2532,51.59037,0.05933,0.5,,4.0,,0.0,1.0,1.0,0,0
2533,51.52987,-0.10782,-1.0,-1.0,-3.5,,0.5,1.0,0.0,0,0
2534,51.56968,0.01074,-0.5,,-5.0,,1.0,0.0,0.0,0,0
2535,51.55667,-0.15888,0.0,-0.5,0.5,,0.0,0.5,1.5,0,0
2536,51.56612,-0.12617,0.5,,4.0,,0.5,0.5,0.5,0,0
2537,51.55538,-0.18661,0.5,-1.0,3.5,,0.0,0.5,0.5,0,0
2538,51.496,-0.20918,-1.5,-1.0,-0.5,,-2.0,-1.5,-2.0,0,0
2539,51.5799,0.0619,1.5,,-2.0,,0.0,1.5,1.5,0,0
2540,51.56739,-0.09845,0.0,,0.0,,1.0,0.0,-0.5,0,0
2541,51.51237,-0.19925,0.0,1.5,-2.5,,0.5,-0.5,0.5,0,0
2542,51.44859,-0.20202,-0.5,-0.5,1.0,-0.5,0.0,-0.5,0.0,0,0
2543,51.45305,-0.16345,-0.5,1.5,3.0,0.5,-0.5,0.0,0.5,0,0
2544,51.44105,-0.19314,-1.5,-1.5,-1.0,-2.5,-1.5,-2.0,-2.0,0,0
2545,51.51718,-0.2098,-1.0,-1.0,-6.0,,-1.0,0.0,-0.5,0,0
2546,51.52084,-0.13127,0.0,2.0,-0.5,,0.0,1.5,2.0,0,0
2547,51.53617,-0.08604,1.0,0.0,-0.5,,0.5,-1.0,-0.5,0,0
2548,51.50318,-0.16892,1.0,0.5,-1.5,,1.0,-1.5,-1.0,0,0
2549,51.44673,-0.18522,-1.0,2.0,-1.5,4.5,-1.0,-1.0,-1.0,0,0
2550,51.50447,-0.14122,2.0,4.5,-3.0,,2.0,-1.0,0.0,0,0
2551,51.5066,-0.09506,-1.0,1.0,1.0,,-1.0,-3.0,-2.0,0,0
2552,51.50787,-0.06737,0.0,0.5,0.0,,0.0,0.0,0.5,0,0
2553,51.5236,-0.01292,-2.0,,-4.0,,-0.5,-1.5,-0.5,0,0
2554,51.44364,-0.13778,0.5,-0.5,3.0,1.0,-0.5,-0.5,0.0,0,0
2555,51.44493,-0.11012,0.0,1.0,-3.5,-2.0,-1.0,1.0,1.0,0,0
2556,51.55104,0.00832,-1.0,,-2.0,,-2.0,-2.0,-1.5,0,0
2557,51.53345,-0.02934,-0.5,,-1.5,,-0.5,0.0,0.5,0,0
2558,51.57997,-0.05484,2.5,,-3.0,,3.0,5.0,4.0,0,0
2559,51.52085,0.04372,1.5,,4.5,,1.5,2.0,0.5,0,0
2560,51.58493,0.056,1.5,,-1.5,,-1.0,2.0,1.0,0,0
2561,51.58143,-0.0809,1.5,,-2.0,,0.5,-0.5,-0.5,0,0
2562,51.56737,0.01831,0.5,,-2.0,,0.5,2.0,1.5,0,0
2563,51.56109,-0.12025,0.5,,2.5,,0.0,0.5,1.5,0,0
2564,51.56922,0.05985,0.0,,0.5,,0.0,0.0,0.0,0,0
2565,51.55982,-0.14797,0.0,,0.0,,-1.0,-0.5,-1.0,0,0
2566,51.56485,0.02126,-2.0,,0.0,,-1.5,-2.0,-2.0,0,0
2567,51.58554,0.06984,0.0,,-1.0,,0.0,0.0,0.0,0,0
2568,51.56067,-0.12949,1.0,,5.5,,1.0,1.0,0.5,0,0
2569,51.56509,-0.09087,-0.5,,-1.5,,-1.0,-1.0,-1.0,0,0
2570,51.44629,-0.19444,2.0,0.5,-0.5,-3.0,2.0,2.5,2.0,0,0
2571,51.44759,-0.16676,1.5,3.5,1.0,0.5,1.0,1.0,1.0,0,0
2572,51.51172,-0.21311,0.5,0.0,1.0,,0.5,0.0,-1.0,0,0
2573,51.51854,-0.12369,-0.5,-2.0,2.0,,-1.0,1.0,0.5,0,0
2574,51.53868,-0.08899,0.0,2.0,1.5,,0.0,0.5,1.0,0,0
2575,51.49773,-0.17223,0.0,2.5,0.5,,-0.5,1.0,1.5,0,0
2576,51.50217,-0.13364,1.0,1.5,1.5,,0.0,1.0,1.0,0,0
2577,51.53995,-0.06129,-1.5,-0.5,0.0,,-0.5,3.0,4.0,0,0
2578,51.50912,-0.09801,2.0,1.5,5.5,,4.0,3.5,3.5,0,0
2579,51.51039,-0.07032,-1.0,0.0,-2.0,,0.0,0.0,1.0,0,0
2580,51.52611,-0.01587,0.5,,2.0,,0.5,2.0,0.5,0,0
2581,51.52736,0.01181,0.0,,-1.5,,1.0,1.0,1.0,0,0
2582,51.47703,-0.10407,-1.0,0.0,0.5,0.0,-1.0,0.0,0.5,0,0
2583,51.44616,-0.14074,0.0,0.5,0.5,-1.0,0.5,0.0,0.0,0,0
2584,51.44745,-0.11307,0.0,-0.5,-4.5,0.5,-1.5,-1.0,-0.5,0,0
2585,51.55355,0.00537,-0.5,,-2.0,,0.0,-1.0,-1.0,0,0
2586,51.53596,-0.0323,-1.5,,2.0,,-1.5,-1.0,0.0,0,0
2587,51.56278,-0.02491,0.5,,-2.0,,0.5,0.5,1.5,0,0
2588,51.53721,-0.00461,-1.5,,-1.5,,-2.0,-1.0,-0.5,0,0
2589,51.55839,-0.06351,1.5,,0.5,,1.0,-2.0,-2.0,0,0
2590,51.58248,-0.0578,1.5,,-3.0,,2.5,-0.5,0.0,0,0
2591,51.57912,-0.01493,-0.5,,0.0,,0.0,-1.0,-1.0,0,0
2592,51.58373,-0.03008,0.5,,5.0,,1.5,1.0,0.5,0,0
2593,51.57033,-0.03377,0.0,,3.0,,1.0,1.0,-0.5,0,0
2594,51.54093,0.07843,-2.0,,-25.5,,-2.0,-1.5,-1.5,0,0
2595,51.52336,0.04077,0.5,,-1.0,,0.5,-1.5,0.5,0,0
2596,51.58744,0.05305,0.5,,2.5,,-1.0,0.5,0.5,0,0
2597,51.56989,0.01536,-2.0,,-2.5,,-1.5,0.0,0.5,0,0
2598,51.56318,-0.13245,-1.0,,1.0,,-1.0,-1.5,-1.0,0,0
2599,51.57112,0.04305,3.0,,11.5,,3.0,0.0,2.5,1,0
2600,51.5676,-0.09382,-1.0,,-2.0,,0.0,0.0,0.0,0,0
2601,51.48178,-0.17293,-2.0,-4.0,-3.0,-3.0,-1.5,-0.5,-1.0,0,0
2602,51.4488,-0.1974,-1.0,-1.5,-1.0,-0.5,-0.5,0.0,-0.5,0,0
2603,51.5026,-0.12441,-0.5,0.5,-1.0,,-0.5,-1.5,-2.0,0,0
2604,51.45011,-0.16972,-0.5,-1.5,1.5,0.0,0.5,2.5,1.5,0,0
2605,51.49816,-0.163,-1.0,-0.5,1.0,,0.5,0.0,0.5,0,0
2606,51.43372,-0.17965,0.0,2.5,-2.0,1.5,-0.5,-1.0,0.0,0,0
2607,51.51424,-0.21607,-1.0,0.5,-1.0,,1.5,1.5,1.5,0,0
2608,51.49786,-0.226,2.0,-1.5,2.5,,0.5,1.0,0.5,0,0
2609,51.52105,-0.12665,-0.5,-2.0,3.0,,0.5,-1.0,-1.0,0,0
2610,51.53323,-0.09231,1.0,-0.5,4.5,,2.0,-0.5,0.0,0,0
2611,51.50024,-0.1752,-0.5,1.0,-0.5,,-1.0,-1.0,-1.0,0,0
2612,51.50469,-0.1366,-0.5,-2.5,0.0,,-1.0,-1.0,-1.0,0,0
2613,51.43401,-0.11674,0.0,2.0,1.5,0.5,-0.5,-1.0,0.0,0,0
2614,51.53764,-0.05372,1.0,2.0,0.5,,1.5,-1.5,-0.5,0,0
2615,51.50808,-0.06275,-0.5,1.5,0.0,,-0.5,1.0,0.0,0,0
2616,51.52066,-0.01919,-1.5,,0.0,,-2.0,-0.5,0.0,0,0
2617,51.50473,-0.01994,1.5,0.0,-4.0,,1.5,1.0,1.5,0,0
2618,51.52505,0.01937,0.0,,1.5,,0.0,1.0,1.0,0,0
2619,51.52547,0.0286,-1.0,,-4.0,,-1.0,-1.0,-1.0,0,0
2620,51.58071,0.08036,0.5,,1.5,,0.0,0.0,0.0,0,0
2621,51.52108,-0.00997,1.5,,-2.5,,-1.0,-2.0,-2.5,0,0
2622,51.47473,-0.0965,-1.0,-0.5,-4.0,,-1.5,-1.0,0.0,0,0
2623,51.44515,-0.10551,0.0,0.0,1.5,-2.5,0.0,-2.0,-1.5,0,0
2624,51.55124,0.01294,0.5,,-1.0,,0.0,-0.5,-0.5,0,0
2625,51.53052,-0.03562,0.0,-2.0,1.5,,-0.5,0.0,1.0,0,0
2626,51.53491,0.00296,0.5,,3.0,,3.0,-1.5,0.5,0,0
2627,51.56126,-0.17405,-0.5,0.0,-0.5,,-0.5,-1.0,-1.0,0,0
2628,51.57703,-0.06112,-1.0,,1.0,,-1.0,1.0,1.0,0,0
2629,51.58143,-0.0225,-0.5,,-1.5,,-1.0,-0.5,0.0,0,0
2630,51.51792,0.03744,0.0,,2.0,,0.0,1.0,0.0,0,0
2631,51.50703,-0.08583,0.5,1.5,-1.0,,2.0,2.0,2.5,0,0
2632,51.58513,0.06061,2.0,,1.0,,3.0,2.0,1.5,0,0
2633,51.51581,-0.12535,-2.0,0.5,-0.5,,-1.0,-1.0,-0.5,0,0
2634,51.56444,0.01203,0.0,,-2.5,,0.0,-1.0,-0.5,0,0
2635,51.53659,-0.0768,-1.5,-0.5,-3.5,,-0.5,-0.5,-1.0,0,0
2636,51.56088,-0.12487,1.0,,0.5,,1.0,-0.5,-0.5,0,0
2637,51.53217,-0.1154,-1.0,-0.5,-0.5,,-1.0,0.0,-0.5,0,0
2638,51.56881,0.05062,0.0,,4.5,,0.0,1.0,0.0,0,0
2639,51.56215,-0.09715,0.0,,-1.5,,-1.0,-2.0,-1.5,0,0
2640,51.44781,-0.16215,0.0,0.0,0.0,-1.0,-1.0,-0.5,0.0,0,0
2641,51.55287,-0.18364,1.0,-3.0,2.5,,0.0,-0.5,-0.5,0,0
2642,51.49348,-0.20621,1.0,-0.5,-2.0,,1.5,2.0,3.0,0,0
2643,51.43143,-0.17208,-1.0,-2.0,0.0,-5.5,-1.0,-1.0,-1.5,0,0
2644,51.51194,-0.20849,0.0,-1.0,-0.5,,-0.5,-0.5,-1.5,0,0
2645,51.50986,-0.19628,-1.0,1.0,-4.0,,-0.5,0.0,-0.5,0,0
2646,51.49556,-0.21842,-1.0,-1.5,2.5,,-0.5,0.0,0.5,0,0
2647,51.53574,-0.09527,1.5,-1.5,5.0,,1.5,1.0,1.5,0,0
2648,51.49794,-0.16762,1.5,-1.0,-1.0,,1.0,-1.0,0.0,0,0
2649,51.49923,-0.13991,-1.0,-0.5,-3.0,,0.0,-0.5,-0.5,0,0
2650,51.54016,-0.05667,0.0,-1.5,-2.5,,0.5,0.0,-0.5,0,0
2651,51.51939,-0.10523,-1.5,-0.5,-2.0,,1.0,0.5,0.0,0,0
2652,51.5106,-0.06571,0.0,-1.0,1.5,,0.0,-1.5,-0.5,0,0
2653,51.44421,-0.18226,-1.0,-1.0,3.0,2.0,-0.5,0.0,0.0,0,0
2654,51.52318,-0.02215,-0.5,0.0,3.5,,0.0,1.0,0.0,0,0
2655,51.52757,0.01642,-1.0,,8.0,,-1.5,0.0,-1.0,0,0
2656,51.50683,-0.03212,5.5,2.5,1.5,,4.0,2.0,1.0,0,0
2657,51.58323,0.07741,-1.0,,-3.0,,0.0,-1.0,-1.0,0,0
2658,51.47724,-0.09945,-0.5,-1.0,-1.5,,-1.0,-1.0,-0.5,0,0
2659,51.45643,-0.14796,2.0,-2.5,-2.0,-2.0,2.0,0.0,-1.0,0,0
2660,51.44766,-0.10846,3.5,0.5,3.0,1.0,4.0,1.5,1.0,0,0
2661,51.55376,0.00999,0.5,,-2.0,,2.0,0.5,1.0,0,0
2662,51.53303,-0.03857,-0.5,3.0,-1.0,,-1.0,-1.0,-2.0,0,0
2663,51.53742,1e-05,0.0,,-2.0,,-2.0,-1.5,-1.5,0,0
2664,51.57955,-0.06408,-2.0,,1.0,,-1.0,1.0,1.0,0,0
2665,51.58394,-0.02546,2.0,,-2.0,,1.5,1.0,2.5,0,0
2666,51.54113,0.08304,-2.0,,-3.0,,-1.5,-0.5,-1.0,0,0
2667,51.55858,-0.11729,0.0,1.5,0.0,,-1.0,-0.5,-0.5,0,0
2668,51.5667,0.0628,0.5,,-1.0,,0.0,0.0,0.0,0,0
2669,51.55731,-0.14501,-1.0,,1.5,,-1.0,-0.5,-0.5,0,0
2670,51.56234,0.02421,0.0,,1.5,,-1.0,-1.0,-1.0,0,0
2671,51.58302,0.07279,0.0,,2.0,,0.5,0.0,0.0,0,0
2672,51.52043,0.0345,-1.5,,-0.5,,-1.5,0.0,-1.0,0,0
2673,51.58765,0.05766,0.0,,2.0,,0.0,0.0,1.0,0,0
2674,51.56696,0.00907,3.0,,-4.0,,3.0,-1.0,2.0,0,0
2675,51.5634,-0.12783,-1.0,,-3.5,,-0.5,-1.0,-1.0,0,0
2676,51.57133,0.04767,1.5,,-6.5,,1.5,2.0,1.0,0,0
2677,51.56467,-0.10011,-1.0,,0.5,,-2.5,0.5,0.5,0,0
2678,51.45908,-0.20463,0.0,-2.0,3.5,1.5,1.5,-0.5,0.0,0,0
2679,51.45032,-0.16511,-0.5,-1.0,-3.0,-2.0,-0.5,-1.0,-0.5,0,0
2680,51.43394,-0.17503,1.0,-2.0,-1.0,-1.0,2.0,2.0,1.0,0,0
2681,51.51445,-0.21145,1.0,-1.0,1.5,,-1.0,-0.5,0.5,0,0
2682,51.49808,-0.22138,0.0,-0.5,-1.5,,0.0,-1.0,0.0,0,0
2683,51.53132,-0.13388,-2.0,0.5,-1.5,,-1.5,-0.5,0.0,0,0
2684,51.53344,-0.0877,0.0,2.5,-4.5,,-1.0,-1.0,-1.5,0,0
2685,51.50046,-0.17058,0.5,-2.0,2.0,,0.0,0.0,-1.0,0,0
2686,51.50174,-0.14287,0.0,-0.5,8.0,,-2.5,0.0,0.0,0,0
2687,51.53471,-0.05999,4.0,0.5,0.0,,3.5,-0.5,-1.5,0,0
2688,51.51709,-0.09765,1.0,-2.5,-1.5,,0.0,-1.5,-1.0,0,0
2689,51.52087,-0.01458,1.0,,-0.5,,1.5,1.0,0.5,0,0
2690,51.52212,0.0131,-1.0,,1.0,,-1.0,-1.0,-1.0,0,0
2691,51.56027,-0.02195,-1.0,,1.0,,0.0,-0.5,-1.5,0,0
2692,51.50453,-0.02455,-0.5,-0.5,-0.5,,-0.5,0.0,-1.0,0,0
2693,51.55587,-0.06056,1.0,,3.5,,1.0,2.5,2.0,0,0
2694,51.58092,0.08497,0.5,,1.0,,1.0,2.0,1.0,0,0
2695,51.5766,-0.01197,0.0,,-2.0,,2.0,-0.5,0.0,0,0
2696,51.47179,-0.10277,0.5,0.0,6.0,1.5,0.5,-0.5,0.0,0,0
2697,51.45413,-0.14039,-0.5,-0.5,-0.5,-1.0,-0.5,0.0,-1.0,0,0
2698,51.53072,-0.03101,-2.5,,-1.0,,-1.5,-2.5,-2.0,0,0
2699,51.53198,-0.00332,-3.0,,2.5,,-3.0,-2.5,-3.5,0,0
2700,51.57724,-0.0565,9.0,,4.0,,7.5,-2.0,-2.0,0,0
2701,51.57849,-0.02878,-1.0,,2.5,,2.0,0.5,-1.0,0,0
2702,51.51812,0.04206,-0.5,,1.0,,-0.5,0.0,0.0,0,0
2703,51.56465,0.01664,1.5,,-1.5,,1.5,4.0,1.5,0,0
2704,51.56588,0.04434,0.0,,3.5,,1.0,-2.0,-1.0,0,0
2705,51.56236,-0.09253,-1.0,,-3.0,,-0.5,0.0,-1.0,0,0
2706,51.45678,-0.19706,-1.0,1.5,-4.0,-3.0,-1.0,-1.0,0.0,0,0
2707,51.50009,-0.12145,1.0,0.0,0.5,,-1.0,0.5,-0.5,0,0
2708,51.42848,-0.17834,-1.0,-1.0,-2.0,0.0,0.0,-1.0,-0.5,0,0
2709,51.49564,-0.16004,1.0,0.0,-0.5,,0.0,0.0,0.0,0,0
2710,51.50332,-0.22269,-1.0,1.5,-3.0,,-1.5,-1.0,-2.0,0,0
2711,51.49261,-0.22469,-0.5,-3.0,-6.5,,3.0,-1.0,-2.0,0,0
2712,51.52902,-0.1263,-1.0,0.0,0.5,,-3.0,-1.0,-2.0,0,0
2713,51.53596,-0.09065,0.0,-2.5,-2.5,,0.0,3.0,2.5,0,0
2714,51.49944,-0.1353,0.0,1.5,-3.5,,0.0,-1.0,0.0,0,0
2715,51.53722,-0.06295,5.5,1.0,-0.5,,6.0,-1.0,-0.5,0,0
2716,51.5196,-0.10061,-0.5,0.0,1.5,,0.0,0.0,0.0,0,0
2717,51.4315,-0.11379,-0.5,0.0,-3.5,-0.5,-1.0,-0.5,-0.5,0,0
2718,51.52087,-0.07291,1.0,-2.5,2.0,,0.5,0.5,0.0,0,0
2719,51.52339,-0.01753,-0.5,,0.5,,-0.5,-1.0,-1.0,0,0
2720,51.52464,0.01015,1.0,,0.5,,1.0,1.0,0.5,0,0
2721,51.50704,-0.0275,-3.0,2.5,-1.5,,-3.0,-1.0,-0.5,0,0
2722,51.50829,0.00017,-1.0,,-0.5,,-1.0,-0.5,-1.0,0,0
2723,51.52295,0.03155,1.0,,2.5,,1.0,0.5,1.0,0,0
2724,51.58343,0.08202,1.0,,4.5,,2.0,1.0,1.5,0,0
2725,51.51857,-0.00702,4.0,,4.5,,2.0,1.0,0.5,0,0
2726,51.4743,-0.10572,1.5,0.0,4.0,-0.5,1.0,0.5,-0.5,0,0
2727,51.45664,-0.14334,-2.0,-1.5,-2.0,-1.5,-2.0,-1.5,-2.0,0,0
2728,51.45793,-0.11567,1.5,-1.0,-2.0,1.0,0.5,1.0,0.5,0,0
2729,51.53324,-0.03396,0.0,,2.0,,0.5,0.5,0.0,0,0
2730,51.53449,-0.00627,3.0,,-1.0,,3.0,2.5,3.0,0,0
2731,51.57976,-0.05946,-2.5,,3.5,,-0.5,4.0,5.0,0,0
2732,51.58101,-0.03174,-0.5,,-2.5,,0.0,-1.0,-1.5,0,0
2733,51.52064,0.03911,0.0,,5.0,,0.0,-0.5,0.0,0,0
2734,51.56716,0.01369,-1.0,,-2.5,,-1.0,0.0,-0.5,0,0
2735,51.50451,-0.08287,-2.0,0.0,-4.0,,-3.0,-0.5,-1.0,0,0
2736,51.5684,0.04139,0.5,,-3.5,,-0.5,2.0,1.0,0,0
2737,51.56488,-0.09549,1.0,,6.0,,1.0,0.0,1.0,0,0
2738,51.45929,-0.20002,0.5,-0.5,-1.0,0.5,0.0,0.0,0.5,0,0
2739,51.53407,-0.07384,0.0,-0.5,-1.5,,0.0,1.0,1.0,0,0
2740,51.46059,-0.17233,0.0,-3.5,-0.5,-1.5,0.0,0.0,1.0,0,0
2741,51.52966,-0.11244,0.5,-1.0,2.5,,1.0,-0.5,-0.5,0,0
2742,51.43099,-0.1813,0.5,-2.0,3.0,-1.0,-0.5,1.0,0.5,0,0
2743,51.50583,-0.22566,-1.5,-0.5,1.5,,-1.5,-1.0,-1.5,0,0
2744,51.50713,-0.19794,2.5,0.0,-2.0,,1.5,1.5,1.0,0,0
2745,51.55517,-0.19123,0.0,2.5,-2.0,,0.0,0.0,1.0,0,0
2746,51.49578,-0.2138,-0.5,0.5,-0.5,,0.0,0.0,0.0,0,0
2747,51.53153,-0.12926,2.5,-0.5,2.5,,3.5,0.5,0.5,0,0
2748,51.51072,-0.17781,0.5,1.5,-3.0,,-1.0,1.5,1.0,0,0
2749,51.51216,-0.20387,0.0,1.0,0.5,,0.0,0.5,0.0,0,0
2750,51.50196,-0.13826,0.5,1.0,3.0,,-1.0,1.0,0.5,0,0
2751,51.53492,-0.05538,-2.0,0.5,0.0,,-1.5,1.0,2.0,0,0
2752,51.51415,-0.10393,-0.5,-1.5,-1.5,,-0.5,-2.0,-1.5,0,0
2753,51.51857,-0.06534,-1.5,-0.5,1.5,,-1.0,1.0,1.5,0,0
2754,51.55725,-0.20345,0.5,,2.5,,1.5,0.0,0.0,0,0
2755,51.52233,0.01771,0.5,,-0.5,,0.5,0.5,1.0,0,0
2756,51.50159,-0.03082,2.0,-9.0,2.0,,2.5,7.5,6.5,0,0
2757,51.44651,-0.18983,2.0,2.0,-0.5,0.0,1.5,0.5,1.5,0,0
2758,51.50599,0.00774,1.5,,10.0,,-1.0,1.0,1.0,0,0
2759,51.472,-0.09816,1.0,0.0,3.0,4.0,-1.5,-2.0,-2.0,0,0
2760,51.45119,-0.14666,-1.0,0.5,-2.0,-2.0,0.5,0.0,0.5,0,0
2761,51.45563,-0.1081,-0.5,2.5,-1.0,-1.0,0.5,-0.5,-0.5,0,0
2762,51.53218,0.0013,2.5,,-0.5,,0.5,1.0,-0.5,0,0
2763,51.5787,-0.02417,1.0,,3.0,,-1.0,0.0,0.5,0,0
2764,51.57136,-0.12747,0.0,,1.0,,0.0,0.5,0.5,0,0
2765,51.56609,0.04895,2.5,,1.5,,3.0,-1.0,2.5,0,0
2766,51.45383,-0.20333,1.0,-0.5,4.0,2.5,1.5,0.0,1.0,0,0
2767,51.4583,-0.16476,0.0,-0.5,-1.0,-2.5,1.0,0.0,0.0,0,0
2768,51.42869,-0.17373,0.0,-2.5,-1.5,-1.5,0.0,0.0,-0.5,0,0
2769,51.50484,-0.19036,1.5,-2.0,4.0,,0.5,1.0,1.0,0,0
2770,51.49283,-0.22007,1.0,0.0,-0.5,,-0.5,0.0,0.0,0,0
2771,51.56403,-0.11397,0.0,,0.0,,0.5,2.0,1.5,0,0
2772,51.56901,0.05523,0.5,,-1.0,,0.0,0.0,0.0,0,0
2773,51.55961,-0.1526,1.0,1.0,-0.5,,2.5,1.0,1.0,0,0
2774,51.56778,0.02754,2.0,,3.5,,1.0,3.5,2.0,0,0
2775,51.58534,0.06523,-1.0,,1.5,,-1.0,-1.0,-1.0,0,0
2776,51.52608,-0.13257,-0.5,-1.5,-0.5,,-1.0,-2.5,-3.0,0,0
2777,51.52714,-0.10948,0.5,0.5,-1.0,,0.0,-1.0,0.0,0,0
2778,51.50843,-0.17023,-2.5,-1.5,0.0,,-3.0,-2.5,-3.0,0,0
2779,51.53743,-0.05833,-0.5,0.5,-1.0,,0.0,-0.5,-1.0,0,0
2780,51.51666,-0.10688,0.0,-3.0,2.0,,-1.5,0.0,0.5,0,0
2781,51.52108,-0.0683,-0.5,-2.0,3.0,,1.0,0.0,1.0,0,0
2782,51.55495,-0.19586,0.0,2.0,-1.0,,0.0,0.0,-1.0,0,0
2783,51.51605,-0.00407,0.5,,3.5,,0.5,0.5,0.0,0,0
2784,51.52484,0.01476,0.0,,2.5,,0.0,-2.0,-1.0,0,0
2785,51.50411,-0.03378,-1.0,-0.5,-1.5,,-0.5,2.0,2.0,0,0
2786,51.5085,0.00479,0.0,,4.0,,0.0,0.0,-1.0,0,0
2787,51.44659,-0.13152,0.5,-1.5,-2.0,-3.5,0.0,-1.0,0.0,0,0
2788,51.47452,-0.10111,0.0,-1.0,1.0,0.0,0.0,0.5,0.0,0,0
2789,51.4537,-0.14961,1.0,0.0,-1.0,2.0,1.0,3.5,3.0,0,0
2790,51.45815,-0.11106,0.5,-1.0,3.5,1.0,0.0,1.5,1.5,0,0
2791,51.5347,-0.00166,0.5,,0.0,,0.5,2.0,0.5,0,0
2792,51.58122,-0.02712,1.0,,-1.5,,0.0,1.5,1.5,0,0
2793,51.57743,0.0065,-1.0,,1.0,,-1.0,1.0,-1.0,0,0
2794,51.5686,0.046,1.5,,0.5,,1.5,7.0,3.5,0,0
2795,51.56257,-0.02953,-2.0,,-5.0,,-1.0,-2.5,-0.5,0,0
2796,51.57514,-0.10271,0.5,,2.0,,1.0,-0.5,-1.0,0,0
2797,51.56132,-0.05723,-1.5,,-4.0,,-1.5,-1.0,-1.0,0,0
2798,51.45634,-0.20629,-0.5,2.0,-2.0,-3.0,-0.5,0.5,-0.5,0,0
2799,51.57891,-0.01955,-0.5,,-3.0,,-1.0,-0.5,0.5,0,0
2800,51.46081,-0.16772,0.0,1.0,-3.5,-0.5,0.5,-0.5,-0.5,0,0
2801,51.57766,-0.04726,-1.0,,1.0,,-1.0,-0.5,-1.0,0,0
2802,51.43121,-0.17669,-1.5,2.0,-1.5,-1.0,0.0,-0.5,-0.5,0,0
2803,51.50735,-0.19332,-2.5,-0.5,1.0,,0.0,-0.5,0.0,0,0
2804,51.49535,-0.22303,1.0,2.0,-4.5,,1.0,0.0,1.0,0,0
2805,51.52859,-0.13553,1.0,3.5,2.5,,0.0,5.0,4.5,0,0
2806,51.52484,-0.10191,0.5,-2.0,3.0,,0.5,0.0,-1.0,0,0
2807,51.51094,-0.17319,-2.5,-2.0,-3.5,,0.0,-1.5,-1.5,0,0
2808,51.51223,-0.14548,-1.0,-3.0,3.5,,-0.5,1.0,0.0,0,0
2809,51.51436,-0.09931,0.5,-2.0,0.0,,-0.5,0.5,1.0,0,0
2810,51.51563,-0.07162,-0.5,0.5,-4.5,,-1.5,0.0,1.0,0,0
2811,51.50239,-0.12902,1.5,-1.0,2.5,,2.0,-1.5,-0.5,0,0
2812,51.55746,-0.19882,1.0,1.5,1.0,,1.0,0.5,1.0,0,0
2813,51.5011,-0.15673,1.0,0.0,-0.5,,0.0,-0.5,0.5,0,0
2814,51.55875,-0.17108,0.0,-1.0,-0.5,,0.0,-1.0,-1.0,0,0
2815,51.51374,0.0035,0.5,,-2.0,,0.5,0.0,0.0,0,0
2816,51.5018,-0.02621,-1.5,1.0,-1.0,,-2.0,-2.0,-2.0,0,0
2817,51.42496,-0.14015,-2.0,0.0,-1.0,1.0,-2.0,-1.0,-0.5,0,0
2818,51.50305,0.00146,1.5,2.0,-2.0,,1.5,1.5,1.5,0,0
2819,51.44429,-0.12395,-2.0,1.5,-1.0,-1.0,0.0,0.0,-0.5,0,0
2820,51.4514,-0.14204,-1.0,-1.0,-2.5,-1.5,-1.5,0.0,-0.5,0,0
2821,51.43696,-0.11047,-2.0,-0.5,3.0,0.5,-0.5,0.0,0.0,0,0
2822,51.45269,-0.11437,-1.0,0.5,1.0,2.5,-0.5,-1.0,-1.0,0,0
2823,51.57512,0.01407,-2.0,,2.0,,-1.5,-1.0,-0.5,0,0
2824,51.56842,-0.13375,-1.0,,-2.0,,0.0,1.0,1.0,0,0
2825,51.49446,-0.01275,-0.5,1.0,-6.0,,-0.5,1.0,1.0,0,0
2826,51.57284,-0.09512,-0.5,,-1.5,,-1.0,0.0,-0.5,0,0
2827,51.52526,0.02399,-0.5,,0.0,,-0.5,-1.0,-0.5,0,0
2828,51.45405,-0.19871,-0.5,-1.0,3.0,1.0,-0.5,0.0,-1.0,0,0
2829,51.52401,-0.00369,-1.5,,-1.5,,-1.0,-1.5,-1.5,0,0
2830,51.45535,-0.17103,2.0,-2.5,5.0,-3.0,2.0,4.5,5.5,0,0
2831,51.50059,-0.22435,0.5,-1.0,2.5,,0.5,1.0,0.0,0,0
2832,51.50189,-0.19663,0.0,2.0,-1.0,,1.0,3.0,3.0,0,0
2833,51.52629,-0.12796,0.5,2.0,-1.5,,1.5,1.5,1.5,0,0
2834,51.52735,-0.10487,2.0,0.0,-1.0,,2.0,0.0,0.0,0,0
2835,51.5642,-0.16777,4.0,,1.0,,4.0,1.0,1.0,0,0
2836,51.50548,-0.1765,1.0,0.5,3.5,,1.5,1.0,1.5,0,0
2837,51.50993,-0.1379,-1.5,-0.5,-1.0,,0.5,0.0,0.5,0,0
2838,51.52862,-0.07716,-2.5,3.5,0.0,,-0.5,-2.0,-2.5,0,0
2839,51.50682,-0.09044,-0.5,-2.0,-2.0,,-0.5,0.0,-1.0,0,0
2840,51.51687,-0.10227,1.5,1.0,0.5,,-0.5,1.5,0.5,0,0
2841,51.50554,-0.11813,0.5,-0.5,0.0,,1.0,2.0,2.5,0,0
2842,51.51814,-0.07457,0.0,-1.0,0.5,,1.0,-0.5,0.0,0,0
2843,51.53638,-0.08142,-1.0,-0.5,4.0,,1.5,-0.5,-0.5,0,0
2844,51.55201,-0.20214,0.0,1.0,0.0,,-0.5,0.5,0.5,0,0
2845,51.53511,-0.10912,0.0,-1.5,-1.0,,0.0,-0.5,-0.5,0,0
2846,51.55645,-0.1635,0.0,0.5,-2.0,,-0.5,-0.5,0.5,0,0
2847,51.51626,0.00055,-0.5,,0.5,,-0.5,0.0,0.5,0,0
2848,51.5175,0.02822,0.5,,2.0,,0.5,0.0,-0.5,0,0
2849,51.50432,-0.02916,2.0,0.0,1.5,,1.5,1.0,1.5,0,0
2850,51.50557,-0.00149,3.0,-0.5,8.0,,4.5,3.5,4.0,0,0
2851,51.4468,-0.12691,1.5,-1.5,-2.0,-2.5,-0.5,-1.0,-0.5,0,0
2852,51.44809,-0.09924,-1.5,-1.0,-1.5,-0.5,-0.5,-1.0,0.0,0,0
2853,51.50964,-0.2009,-1.5,-1.5,-2.0,,0.5,0.5,0.0,0,0
2854,51.45392,-0.145,0.5,3.0,-4.0,-2.0,-1.5,-1.0,0.0,0,0
2855,51.50834,-0.22862,-1.5,-3.5,6.0,,1.0,1.0,0.5,0,0
2856,51.4552,-0.11732,-1.0,0.5,-0.5,-4.0,-1.0,-1.0,0.0,0,0
2857,51.57764,0.01111,-2.5,,3.5,,-2.0,-1.5,-0.5,0,0
2858,51.57094,-0.13672,1.5,,5.0,,0.0,-1.5,-1.5,0,0
2859,51.57887,0.03882,2.0,,7.0,,3.0,0.5,0.0,0,0
2860,51.57535,-0.09808,-2.0,,-5.0,,-2.0,-2.0,-2.0,0,0
2861,51.44399,-0.18687,0.5,1.5,-1.5,0.5,-1.5,-0.5,-1.0,0,0
2862,51.45656,-0.20167,-1.0,1.0,-3.5,-3.5,0.0,-1.0,-1.0,0,0
2863,51.45786,-0.17398,-0.5,4.0,2.0,-1.0,-1.0,0.5,-0.5,0,0
2864,51.44148,-0.18391,0.0,-1.0,0.0,-2.5,-1.0,0.0,0.0,0,0
2865,51.5031,-0.22731,0.5,-3.0,3.0,,-0.5,0.0,0.5,0,0
2866,51.5044,-0.19959,-1.0,-2.0,3.0,,-1.5,-1.5,-1.5,0,0
2867,51.48802,-0.20952,0.5,0.5,0.5,,-0.5,0.5,-0.5,0,0
2868,51.52881,-0.13092,-0.5,-1.0,-3.5,,0.5,-1.0,-0.5,0,0
2869,51.5219,-0.10818,0.0,-3.5,1.0,,0.0,0.0,1.0,0,0
2870,51.508,-0.17946,5.5,11.5,1.0,,-1.0,2.0,1.5,1,0
2871,51.51244,-0.14086,0.5,0.5,2.0,,-0.5,0.5,0.0,0,0
2872,51.52632,-0.06959,1.0,-2.5,3.5,,2.0,0.5,0.0,0,0
2873,51.51584,-0.067,1.5,2.5,-2.5,,0.5,1.0,0.5,0,0
2874,51.55452,-0.2051,-1.0,1.0,1.0,,-1.0,0.0,0.0,0,0
2875,51.56152,-0.11101,-2.0,,1.0,,-2.0,-2.0,-1.0,0,0
2876,51.55896,-0.16646,-0.5,-2.0,2.5,,-0.5,-1.5,-1.5,0,0
2877,51.55709,-0.14963,0.0,0.0,-1.0,,0.0,-1.0,0.0,0,0
2878,51.56527,0.03049,-0.5,,1.5,,-1.0,-1.5,-1.5,0,0
2879,51.57787,-0.10104,2.5,,-2.0,,2.5,1.0,2.0,0,0
2880,51.58282,0.06818,0.5,,4.0,,0.5,0.5,0.5,0,0
2881,51.51081,-0.00278,2.5,,1.0,,2.5,3.0,3.0,0,0
2882,51.51519,0.03578,1.0,,0.0,,1.0,0.0,0.0,0,0
2883,51.50326,0.00607,-2.0,0.0,-2.5,,-0.5,-1.5,-1.5,0,0
2884,51.44134,-0.13022,0.5,-2.0,1.5,0.0,0.0,0.5,-0.5,0,0
2885,51.44579,-0.09167,3.0,3.5,6.0,3.0,2.5,2.5,2.5,0,0
2886,51.4529,-0.10976,1.5,-0.5,3.5,1.5,1.5,2.5,2.5,0,0
2887,51.58918,-0.02675,-0.5,,0.0,,-0.5,0.0,0.0,0,0
2888,51.57219,0.00779,0.5,,1.0,,-0.5,1.0,-1.0,0,0
2889,51.56863,-0.12913,-0.5,,-2.0,,-0.5,1.5,1.5,0,0
2890,51.57656,0.04638,-1.0,,-4.5,,-2.0,-2.0,-2.0,0,0
2891,51.5699,-0.10141,5.0,,1.0,,3.0,3.5,3.5,0,0
2892,51.45557,-0.16641,-1.0,-1.5,0.0,0.0,-1.0,-0.5,-1.0,0,0
2893,51.43918,-0.17634,0.5,-2.5,-0.5,-3.0,-0.5,0.0,-0.5,0,0
2894,51.50211,-0.19201,1.0,-0.5,-4.0,,-0.5,1.0,0.0,0,0
2895,51.48573,-0.20194,-1.0,3.5,-3.0,1.0,-1.5,-1.0,-1.5,0,0
2896,51.52442,-0.11114,0.5,-1.5,0.5,,-0.5,-2.0,-1.0,0,0
2897,51.5057,-0.17188,-2.0,-1.5,2.5,,-0.5,-0.5,0.5,0,0
2898,51.52883,-0.07255,0.0,-1.5,-2.0,,0.0,0.5,0.0,0,0
2899,51.50699,-0.14418,0.0,-1.0,-4.5,,0.5,0.0,0.5,0,0
2900,51.50805,-0.12109,-1.5,-2.5,-3.5,,-1.5,-3.0,-3.5,0,0
2901,51.55881,-0.05428,1.0,,-2.5,,0.5,-2.5,-3.0,0,0
2902,51.51835,-0.06996,-1.5,2.0,0.0,,-0.5,0.0,-1.0,0,0
2903,51.5764,-0.01659,0.0,,-1.5,,0.0,0.0,-1.0,0,0
2904,51.55222,-0.19751,0.5,-1.0,1.0,,0.5,-0.5,-0.5,0,0
2905,51.57515,-0.0443,1.5,,-0.5,,4.0,1.0,2.5,0,0
2906,51.55351,-0.16978,-1.0,-1.5,-4.0,,-0.5,-0.5,-1.5,0,0
2907,51.51333,-0.00573,-1.0,,0.0,,-1.0,-1.0,-0.5,0,0
2908,51.51771,0.03283,-1.5,,0.0,,-1.5,-1.0,-2.5,0,0
2909,51.49698,-0.0157,-0.5,-2.0,-0.5,,-0.5,-1.0,-1.0,0,0
2910,51.50578,0.00312,3.0,0.0,-2.0,,4.5,3.5,3.5,0,0
2911,51.44386,-0.13317,0.5,0.0,-3.5,1.5,1.0,0.0,-1.0,0,0
2912,51.4483,-0.09463,3.0,0.0,1.0,-2.0,1.0,1.5,1.5,0,0
2913,51.42748,-0.1431,1.0,-0.5,0.5,-2.5,1.0,0.5,-0.5,0,0
2914,51.45542,-0.11271,-1.0,0.5,-3.0,-2.0,0.0,-1.0,-1.0,0,0
2915,51.58018,-0.05022,3.0,,4.5,,2.0,-0.5,0.0,0,0
2916,51.57471,0.00483,-1.0,,-1.0,,-1.0,-1.0,-0.5,0,0
2917,51.49859,-0.15376,-1.0,0.5,3.0,,0.0,0.5,0.0,0,0
2918,51.57115,-0.1321,0.5,,5.0,,1.5,-1.0,-1.0,0,0
2919,51.57908,0.04343,-1.0,,-4.5,,-1.0,-1.0,-1.0,0,0
2920,51.57242,-0.10437,-1.5,,1.0,,-1.0,-2.5,-2.5,0,0
2921,51.42245,-0.13719,-0.5,-3.5,3.0,-2.0,-0.5,0.5,-0.5,0,0
2922,51.45808,-0.16937,0.0,0.5,2.5,4.0,0.0,0.5,0.0,0,0
2923,51.4417,-0.1793,0.5,-0.5,2.5,-1.0,1.0,0.0,0.0,0,0
2924,51.50462,-0.19498,-0.5,-1.5,2.5,,-1.0,-0.5,0.0,0,0
2925,51.43444,-0.10752,1.0,-2.5,2.5,-2.0,0.5,0.0,0.0,0,0
2926,51.48824,-0.20491,-0.5,0.0,0.0,,-0.5,-1.0,0.0,0,0
2927,51.52211,-0.10357,-0.5,1.0,-1.0,,-1.5,-0.5,0.0,0,0
2928,51.50821,-0.17485,1.5,2.0,-1.0,,3.5,2.5,2.0,0,0
2929,51.49195,-0.0098,3.0,0.5,2.0,,3.0,0.5,1.5,0,0
2930,51.52338,-0.07587,-0.5,2.0,1.5,,0.5,-3.0,-2.0,0,0
2931,51.5095,-0.14714,-1.0,-3.0,-1.5,,0.5,0.0,0.5,0,0
2932,51.50575,-0.11352,-2.0,0.5,1.0,,-0.5,-2.0,-1.5,0,0
2933,51.5215,-0.00074,-1.0,,0.0,,-1.5,-2.0,-2.0,0,0
2934,51.55473,-0.20048,2.0,,1.5,,1.5,0.0,0.0,0,0
2935,51.55602,-0.17274,1.5,1.0,-0.5,,1.5,0.5,1.0,0,0
2936,51.51102,0.00184,-2.0,,-1.5,,-2.0,-2.0,-1.0,0,0
2937,51.51226,0.02951,1.0,,1.5,,1.0,0.5,0.0,0,0
2938,51.49467,-0.00814,0.0,0.0,1.0,,0.0,-1.0,-1.0,0,0
2939,51.44156,-0.12561,0.0,-1.0,-4.5,-3.0,2.0,2.0,1.5,0,0
2940,51.44284,-0.09794,-1.0,-2.0,4.0,-1.0,-1.0,-0.5,-0.5,0,0
2941,51.42518,-0.13554,1.5,1.5,4.0,4.0,1.5,0.0,0.0,0,0
2942,51.57787,-0.04264,1.0,,-1.5,,-1.0,1.0,-0.5,0,0
2943,51.5043,-0.08748,1.0,2.5,1.5,,2.0,1.5,2.0,0,0
2944,51.585,-0.06075,2.5,,-6.5,,1.0,-2.0,-1.5,0,0
2945,51.50303,-0.11518,1.5,-2.0,-3.5,,0.0,-1.0,-0.5,0,0
2946,51.58625,-0.03303,-0.5,,0.5,,-0.5,1.5,1.0,0,0
2947,51.5724,0.0124,2.0,,-2.5,,1.0,2.0,0.0,0,0
2948,51.57364,0.0401,4.5,,11.0,,4.5,2.0,4.0,1,0
2949,51.53259,-0.10617,-1.5,3.0,-5.5,,-1.5,-3.0,-3.0,0,0
2950,51.57012,-0.09678,-2.0,,-4.5,,-4.5,-2.0,-2.0,0,0
2951,51.43624,-0.18261,0.5,2.5,2.5,3.0,-0.5,0.0,-0.5,0,0
2952,51.51107,-0.22697,0.5,0.5,-4.5,,0.5,0.0,0.5,0,0
2953,51.48551,-0.20656,-0.5,-1.5,2.0,4.0,0.5,0.0,0.5,0,0
2954,51.48278,-0.20821,0.5,0.5,-1.5,3.0,-0.5,0.0,0.0,0,0
2955,51.52463,-0.10653,-1.5,-1.0,2.0,,-0.5,1.0,1.0,0,0
2956,51.5072,-0.13956,-1.5,1.5,-3.0,,-1.0,-1.0,-1.0,0,0
2957,51.5151,-0.19759,0.0,1.5,-0.5,,0.0,-0.5,-1.0,0,0
2958,51.5259,-0.07882,1.0,0.0,-2.0,,-0.5,1.5,0.5,0,0
2959,51.50827,-0.11648,4.0,0.5,2.0,,1.5,2.5,1.5,0,0
2960,51.50954,-0.08878,1.0,0.5,0.5,,-0.5,-1.0,-1.5,0,0
2961,51.43897,-0.18095,0.0,-0.5,2.5,-1.0,0.0,0.0,-0.5,0,0
2962,51.55372,-0.16516,0.0,4.0,1.0,,-1.0,0.0,1.0,0,0
2963,51.51353,-0.00111,-1.0,,2.0,,-1.0,-1.5,-2.5,0,0
2964,51.51478,0.02656,1.0,,-1.0,,1.0,-0.5,0.0,0,0
2965,51.44946,-0.18356,-0.5,2.0,0.5,1.0,-0.5,-1.0,-1.0,0,0
2966,51.49719,-0.01109,0.5,3.0,4.0,,0.5,-0.5,-1.0,0,0
2967,51.44407,-0.12856,1.0,2.5,5.0,8.0,-1.0,-0.5,0.0,0,0
2968,51.44536,-0.10089,3.0,2.5,1.0,2.5,1.0,2.0,1.5,0,0
2969,51.42769,-0.13849,0.5,-1.5,0.0,0.0,0.5,2.0,2.0,0,0
2970,51.42898,-0.11083,1.5,4.0,0.5,3.0,1.5,0.0,0.5,0,0
2971,51.58038,-0.0456,1.0,,2.0,,0.0,-0.5,-0.5,0,0
2972,51.58163,-0.01788,0.5,,-5.0,,1.0,0.5,0.5,0,0
2973,51.58876,-0.03599,0.0,,-0.5,,0.0,0.0,0.0,0,0
2974,51.58806,0.0669,-0.5,,-2.5,,0.5,0.0,0.0,0,0
2975,51.57492,0.00945,2.5,,0.0,,2.5,0.0,-0.5,0,0
2976,51.56233,-0.15094,-2.0,,-3.5,,-2.0,-2.0,-1.5,0,0
2977,51.57615,0.03715,-1.5,,0.0,,-1.0,-3.0,0.0,0,0
2978,51.57263,-0.09974,5.0,,1.0,,4.0,6.0,6.0,0,0
2979,51.56382,-0.11859,0.5,,3.5,,0.0,-1.0,-1.0,0,0
2980,51.57636,0.04177,-0.5,,-1.5,,0.0,0.5,0.0,0,0
2981,51.56255,-0.14632,1.0,,2.0,,-0.5,0.5,0.0,0,0
2982,51.56758,0.02292,0.5,,0.0,,0.5,-0.5,0.5,0,0
2983,51.58826,0.07151,0.0,,-1.5,,0.0,0.0,0.0,0,0
2984,51.44924,-0.18818,-0.5,-2.0,-1.0,1.5,-0.5,0.0,-0.5,0,0
2985,51.43875,-0.18556,-1.0,-1.5,-0.5,0.5,-0.5,-1.0,0.0,0,0
2986,51.51359,-0.22993,1.0,-3.0,0.0,,2.5,0.0,0.5,0,0
2987,51.51489,-0.20221,0.5,0.0,0.0,,0.0,0.0,-1.0,0,0
2988,51.48529,-0.21118,0.5,-1.0,1.0,,-0.5,-1.0,-1.0,0,0
2989,51.52105,0.04833,-1.0,,4.5,,-1.0,1.0,-1.0,0,0
2990,51.50971,-0.14252,3.5,0.5,-0.5,,1.5,1.5,1.5,0,0
2991,51.52359,-0.07125,1.0,3.5,1.0,,0.5,0.0,-0.5,0,0
2992,51.50281,-0.11979,2.0,-0.5,2.0,,6.0,1.5,1.5,0,0
2993,51.50724,-0.08121,3.0,6.5,6.5,,0.5,0.5,1.0,0,0
2994,51.55624,-0.16812,0.5,0.0,2.0,,0.5,0.0,0.0,0,0
2995,51.58897,-0.03137,1.0,,-0.5,,-1.0,0.0,0.5,0,0
2996,51.51247,0.03412,-1.0,,-2.0,,-1.0,0.0,0.0,0,0
2997,51.49174,-0.01441,-2.0,-1.5,-3.0,,-2.0,-1.0,-2.0,0,0
2998,51.44306,-0.09333,0.0,3.0,1.0,2.5,0.0,0.5,1.0,0,0
2999,51.42223,-0.1418,0.0,0.0,1.0,-2.0,0.0,-0.5,0.5,0,0
3000,51.57494,-0.04892,5.5,,5.0,,3.0,6.0,5.0,0,0
3001,51.57933,-0.01031,-0.5,,1.5,,-0.5,2.5,2.5,0,0
3002,51.58645,-0.02841,0.0,,4.5,,-0.5,-1.0,-1.0,0,0
3003,51.58574,0.07446,1.0,,1.5,,0.5,1.0,1.0,0,0
3004,51.56003,-0.14335,0.0,,-2.5,,0.0,0.0,0.0,0,0
3005,51.56111,-0.06185,0.0,,3.5,,0.0,1.5,1.5,0,0
3006,51.57384,0.04472,-2.5,,-3.0,,-1.5,1.0,-0.5,0,0
3007,51.58184,-0.01327,1.0,,-1.0,,1.0,-1.5,-1.5,0,0
3008,51.44694,-0.1806,1.5,-0.5,2.5,-3.0,3.0,3.0,2.5,0,0
3009,51.57745,-0.05188,-2.5,,-2.0,,-3.0,-3.0,-4.0,0,0
3010,51.43645,-0.17799,1.5,3.5,0.5,1.0,1.0,1.5,1.0,0,0
3011,51.51259,-0.19463,0.0,0.0,3.0,,-1.0,-1.0,-0.5,0,0
3012,51.483,-0.2036,1.5,-0.5,2.0,0.5,1.0,2.0,2.0,0,0
3013,51.5349,-0.11374,1.0,-1.0,4.0,,1.0,0.5,1.0,0,0
3014,51.52611,-0.07421,0.5,-2.5,-1.5,,0.5,0.0,1.0,0,0
3015,51.50533,-0.12275,-1.5,-1.0,-3.0,,-1.5,-2.5,-3.0,0,0
3016,51.50975,-0.08417,-1.0,1.0,0.0,,-0.5,-0.5,0.5,0,0
3017,51.5238,-0.00831,-1.0,,-3.5,,-2.0,-2.5,-2.0,0,0
3018,51.51499,0.03117,-1.0,,-1.0,,-1.0,0.0,-0.5,0,0
3019,51.49425,-0.01736,1.5,-1.0,2.5,,1.5,1.0,0.5,0,0
3020,51.43674,-0.11508,1.5,0.0,3.5,0.5,1.0,1.0,0.5,0,0
3021,51.50089,-0.16134,-1.5,-2.0,-4.0,,0.0,-2.0,-1.5,0,0
3022,51.44557,-0.09628,-2.0,-1.5,-3.5,0.0,-1.0,-1.0,-1.0,0,0
3023,51.42475,-0.14476,0.0,-0.5,0.0,-0.5,0.0,-1.0,-1.0,0,0
