variance,mean,max,total,spread,jain,gini,theil,ede,maxmin,feasible,objective,method,runtime_s,routing_calls,evaluated,opt_gap,ede_gap,seed,config
63.44000000000001,34.6,44.0,173.0,23.0,0.9496747580517214,0.1248554913294797,0.028401212111429985,35.02488076958567,2.0952380952380953,True,63.44000000000001,ours,0.4513439959999914,1316,198.0,0.0,0.38197000411267834,0,choice
112.64000000000001,24.4,35.0,122.0,24.0,0.8409039548022599,0.22622950819672139,0.10436164489593354,25.344168589298796,3.1818181818181817,True,112.64000000000001,ours_ede,0.01194522599996617,1309,197.0,0.7755359394703656,0.0,0,choice
73.84,26.4,38.0,132.0,22.0,0.9042034250129736,0.17878787878787894,0.05473787192041009,27.0285163306959,2.375,True,73.84,centroid,4.88900002437731e-06,7,,0.16393442622950802,0.066458985839776,0,choice
82.64000000000001,25.4,38.0,127.0,23.0,0.8864523220665018,0.19527559055118116,0.0662359419331013,26.11815198343043,2.533333333333333,True,82.64000000000001,weighted_centroid,1.3223999985711998e-05,7,,0.3026481715006305,0.03053891436227411,0,choice
210.16,25.2,39.0,126.0,32.0,0.751348793185045,0.29206349206349214,0.19497482409152725,26.712098484005516,5.571428571428571,True,210.16,geometric_median,5.103600005895714e-05,7,,2.312736443883984,0.05397414753957673,0,choice
112.64000000000001,24.4,35.0,122.0,24.0,0.8409039548022599,0.22622950819672139,0.10436164489593354,25.344168589298796,3.1818181818181817,True,112.64000000000001,min_sum,0.018784999999979846,3801,,0.7755359394703656,0.0,0,choice
92.96000000000001,25.2,35.0,126.0,22.0,0.8723076923076923,0.19999999999999996,0.07924076168243555,25.98522519196744,2.6923076923076925,True,92.96000000000001,min_max,0.018116026000029706,3801,,0.4653215636822193,0.025294047441718856,0,choice
92.96000000000001,25.2,35.0,126.0,22.0,0.8723076923076923,0.19999999999999996,0.07924076168243555,25.98522519196744,2.6923076923076925,True,92.96000000000001,min_range,0.01816904500003602,3801,,0.4653215636822193,0.025294047441718856,0,choice
88.16,25.8,44.0,129.0,27.0,0.8830459007694349,0.17364341085271318,0.05930093921565112,26.604998645204738,2.588235294117647,True,88.16,random,0.005037936000007903,700,,0.38965952080706145,0.049748329737607115,0,choice
63.44000000000001,34.6,44.0,173.0,23.0,0.9496747580517214,0.1248554913294797,0.028401212111429985,35.02488076958567,2.0952380952380953,True,63.44000000000001,exhaustive,0.01866360300004999,3801,,0.0,0.38197000411267834,0,choice
112.64000000000001,24.4,35.0,122.0,24.0,0.8409039548022599,0.22622950819672139,0.10436164489593354,25.344168589298796,3.1818181818181817,True,112.64000000000001,exhaustive_ede,0.019645033000074363,3801,,0.7755359394703656,0.0,0,choice
99.36,22.2,38.0,111.0,24.0,0.8322188449848025,0.23063063063063072,0.0961108981958898,23.161401419581125,2.7142857142857144,True,99.36,ours,0.01000985899997886,973,149.0,0.0,0.26072755214389687,1,choice
155.76000000000002,16.8,38.0,84.0,33.0,0.6443835616438356,0.3904761904761904,0.2614700313239834,18.371456529362444,7.6,True,155.76000000000002,ours_ede,0.010608670999999958,1078,164.0,0.5676328502415461,0.0,1,choice
205.84000000000006,24.4,42.0,122.0,34.0,0.7430853719420869,0.32131147540983607,0.1869322252809508,25.96035074204882,5.25,True,205.84000000000006,centroid,5.1490000032572425e-06,7,,1.0716586151368765,0.4130807048726549,1,choice
182.0,21.0,46.0,105.0,37.0,0.7078651685393258,0.3314285714285714,0.185947754465062,22.647438625698907,5.111111111111111,True,182.0,weighted_centroid,1.2463999951251026e-05,7,,0.8317230273752013,0.23275139287417487,1,choice
236.56,24.8,47.0,124.0,39.0,0.7222170032879286,0.34193548387096784,0.20614489000144331,26.531474755610002,5.875,True,236.56,geometric_median,4.4402999947124044e-05,7,,1.3808373590982286,0.4441682788300259,1,choice
155.76000000000002,16.8,38.0,84.0,33.0,0.6443835616438356,0.3904761904761904,0.2614700313239834,18.371456529362444,7.6,True,155.76000000000002,min_sum,0.009961989999965226,2093,,0.5676328502415461,0.0,1,choice
157.76000000000002,21.2,33.0,106.0,28.0,0.7401844532279315,0.3094339622641511,0.20769491216402475,22.53220527540669,6.6,True,157.76000000000002,min_max,0.009921031999965635,2093,,0.5877616747181966,0.2264789805530263,1,choice
99.36,22.2,38.0,111.0,24.0,0.8322188449848025,0.23063063063063072,0.0961108981958898,23.161401419581125,2.7142857142857144,True,99.36,min_range,0.010012283000037314,2093,,0.0,0.26072755214389687,1,choice
118.64000000000003,19.4,36.0,97.0,29.0,0.7603232323232323,0.30927835051546393,0.1653501501693026,20.573888490969665,5.142857142857143,True,118.64000000000003,random,0.004393337000010433,700,,0.19404186795491174,0.11988336134846754,1,choice
99.36,22.2,38.0,111.0,24.0,0.8322188449848025,0.23063063063063072,0.0961108981958898,23.161401419581125,2.7142857142857144,True,99.36,exhaustive,0.010208199999965473,2093,,0.0,0.26072755214389687,1,choice
155.76000000000002,16.8,38.0,84.0,33.0,0.6443835616438356,0.3904761904761904,0.2614700313239834,18.371456529362444,7.6,True,155.76000000000002,exhaustive_ede,0.010608811999986756,2093,,0.5676328502415461,0.0,1,choice
105.84,26.6,42.0,133.0,28.0,0.8698795180722891,0.2165413533834586,0.07597523791145558,27.47163456845088,3.0,True,105.84,ours,0.010766308000029312,1022,156.0,0.0,0.09319419802615642,2,choice
151.35999999999999,23.8,46.0,119.0,33.0,0.7891334633602675,0.26890756302521024,0.12222254055911419,25.129692984149536,3.5384615384615383,True,151.35999999999999,ours_ede,0.010744196000018746,1120,170.0,0.43008314436885847,0.0,2,choice
291.84000000000003,30.4,62.0,152.0,48.0,0.76,0.2894736842105263,0.14241904796493957,32.35166805264407,4.428571428571429,True,291.84000000000003,centroid,4.88900002437731e-06,7,,1.757369614512472,0.28738811385597796,2,choice
245.84,28.4,58.0,142.0,41.0,0.7664006081337894,0.267605633802817,0.13373274274797664,30.189487292816395,3.411764705882353,True,245.84,weighted_centroid,1.2713999922198127e-05,7,,1.3227513227513228,0.2013472393736886,2,choice
330.64,27.4,55.0,137.0,48.0,0.6942481967819494,0.36496350364963503,0.22424390132973007,29.545448014981783,7.857142857142857,True,330.64,geometric_median,0.0002640650000103051,7,,2.1239606953892665,0.17571862233324814,2,choice
151.35999999999999,23.8,46.0,119.0,33.0,0.7891334633602675,0.26890756302521024,0.12222254055911419,25.129692984149536,3.5384615384615383,True,151.35999999999999,min_sum,0.013497648999987177,2737,,0.43008314436885847,0.0,2,choice
129.04000000000002,28.4,38.0,142.0,24.0,0.8620778110303549,0.19999999999999996,0.08761132341163118,29.35217745090307,2.7142857142857144,True,129.04000000000002,min_max,0.013187037000079727,2737,,0.21919879062736222,0.16802769812654902,2,choice
129.04000000000002,28.4,38.0,142.0,24.0,0.8620778110303549,0.19999999999999996,0.08761132341163118,29.35217745090307,2.7142857142857144,True,129.04000000000002,min_range,0.0133450119999452,2737,,0.21919879062736222,0.16802769812654902,2,choice
108.16,29.2,43.0,146.0,30.0,0.8874271440466278,0.19999999999999996,0.06865730929873042,30.008067071404362,3.3076923076923075,True,108.16,random,0.00468778000004022,700,,0.02191987906273614,0.19412788251459512,2,choice
105.84,26.6,42.0,133.0,28.0,0.8698795180722891,0.2165413533834586,0.07597523791145558,27.47163456845088,3.0,True,105.84,exhaustive,0.013861360999953831,2737,,0.0,0.09319419802615642,2,choice
151.35999999999999,23.8,46.0,119.0,33.0,0.7891334633602675,0.26890756302521024,0.12222254055911419,25.129692984149536,3.5384615384615383,True,151.35999999999999,exhaustive_ede,0.014289022000070872,2737,,0.43008314436885847,0.0,2,choice
60.56,25.8,32.0,129.0,21.0,0.9166069953180942,0.14883720930232558,0.053825642188571964,26.308491334943884,2.909090909090909,True,60.56,ours,0.012540859000068849,1281,193.0,0.0,0.1183394006983443,3,choice
189.2,22.0,38.0,110.0,34.0,0.7189542483660131,0.34545454545454546,0.22415319628621688,23.52460381751337,9.5,True,189.2,ours_ede,0.01169957100000829,1281,193.0,2.1241743725231172,0.0,3,choice
373.03999999999996,27.4,60.0,137.0,57.0,0.6680548140238477,0.3883211678832117,0.2651612148809156,29.757555618004798,20.0,True,373.03999999999996,centroid,5.229999942457653e-06,7,,5.159841479524438,0.26495459174752095,3,choice
124.0,24.0,37.0,120.0,32.0,0.8228571428571428,0.2533333333333334,0.1332030243030079,25.017552022032284,7.4,True,124.0,weighted_centroid,1.3815999977850879e-05,7,,1.047556142668428,0.06346326663352597,3,choice
315.44,25.6,54.0,128.0,54.0,0.6750721054800165,0.38437500000000013,0.31166710066075476,27.704646204758998,inf,True,315.44,geometric_median,5.483300003561453e-05,7,,4.208718626155878,0.17768810984751676,3,choice
189.2,22.0,38.0,110.0,34.0,0.7189542483660131,0.34545454545454546,0.22415319628621688,23.52460381751337,9.5,True,189.2,min_sum,0.0204524069999934,4046,,2.1241743725231172,0.0,3,choice
60.56,25.8,32.0,129.0,21.0,0.9166069953180942,0.14883720930232558,0.053825642188571964,26.308491334943884,2.909090909090909,True,60.56,min_max,0.019537140000011277,4046,,0.0,0.1183394006983443,3,choice
60.56,25.8,32.0,129.0,21.0,0.9166069953180942,0.14883720930232558,0.053825642188571964,26.308491334943884,2.909090909090909,True,60.56,min_range,0.01959447700005512,4046,,0.0,0.1183394006983443,3,choice
81.75999999999999,22.8,33.0,114.0,26.0,0.864095744680851,0.21403508771929824,0.0933568340414297,23.543409890641648,4.714285714285714,True,81.75999999999999,random,0.0051494680000132576,700,,0.3500660501981504,0.0007994214599387913,3,choice
60.56,25.8,32.0,129.0,21.0,0.9166069953180942,0.14883720930232558,0.053825642188571964,26.308491334943884,2.909090909090909,True,60.56,exhaustive,0.02007348600000114,4046,,0.0,0.1183394006983443,3,choice
189.2,22.0,38.0,110.0,34.0,0.7189542483660131,0.34545454545454546,0.22415319628621688,23.52460381751337,9.5,True,189.2,exhaustive_ede,0.02090313199994398,4046,,2.1241743725231172,0.0,3,choice
77.76,25.2,38.0,126.0,26.0,0.8909090909090909,0.1968253968253968,0.06449117037596903,25.88339475431345,3.1666666666666665,True,77.76,ours,0.014836765000040941,1645,245.0,0.0,0.14189923068954555,4,choice
226.16,20.8,47.0,104.0,45.0,0.656709168184578,0.39230769230769225,0.2763907053260133,22.666969254969672,23.5,True,226.16,ours_ede,0.01393879099998685,1603,239.0,1.9084362139917692,0.0,4,choice
127.04,26.4,38.0,132.0,28.0,0.8458252427184466,0.23030303030303045,0.101831256737054,27.388474245127888,3.8,True,127.04,centroid,4.438000019035826e-06,7,,0.6337448559670782,0.20829891005931633,4,choice
104.96,22.8,36.0,114.0,28.0,0.8320102432778489,0.25263157894736854,0.10929311787442368,23.748381173759977,4.5,True,104.96,weighted_centroid,1.118099999075639e-05,7,,0.3497942386831274,0.047708712471704114,4,choice
90.56,26.2,40.0,131.0,28.0,0.8834491634491635,0.20152671755725193,0.06993680261131288,26.957922086028347,3.3333333333333335,True,90.56,geometric_median,8.452899999156216e-05,7,,0.16460905349794233,0.1893042154331195,4,choice
226.16,20.8,47.0,104.0,45.0,0.656709168184578,0.39230769230769225,0.2763907053260133,22.666969254969672,23.5,True,226.16,min_sum,0.027624887999991188,5572,,1.9084362139917692,0.0,4,choice
106.0,24.0,35.0,120.0,27.0,0.844574780058651,0.2366666666666668,0.10398041265231986,24.9076765308926,4.375,True,106.0,min_max,0.02738607999992837,5572,,0.3631687242798353,0.09885341311925326,4,choice
84.4,32.0,43.0,160.0,24.0,0.9238542042583905,0.16000000000000014,0.04301830663054339,32.60185943337545,2.263157894736842,True,84.4,min_range,0.02742446199999904,5572,,0.08539094650205761,0.43829812740525875,4,choice
84.4,32.0,43.0,160.0,24.0,0.9238542042583905,0.16000000000000014,0.04301830663054339,32.60185943337545,2.263157894736842,True,84.4,random,0.005924911000079192,700,,0.08539094650205761,0.43829812740525875,4,choice
77.76,25.2,38.0,126.0,26.0,0.8909090909090909,0.1968253968253968,0.06449117037596903,25.88339475431345,3.1666666666666665,True,77.76,exhaustive,0.027831735999939156,5572,,0.0,0.14189923068954555,4,choice
226.16,20.8,47.0,104.0,45.0,0.656709168184578,0.39230769230769225,0.2763907053260133,22.666969254969672,23.5,True,226.16,exhaustive_ede,0.029415476000053786,5572,,1.9084362139917692,0.0,4,choice
42.64,36.4,43.0,182.0,18.0,0.9688212927756654,0.0967032967032968,0.01702549168138099,36.6775236845798,1.72,True,42.64,ours,0.014205066000045008,1519,227.0,0.0,0.5071463224515659,5,choice
96.64000000000001,23.4,42.0,117.0,27.0,0.8499844768705371,0.2119658119658121,0.07933435318934978,24.335741751284726,2.8,True,96.64000000000001,ours_ede,0.015238434000025336,1687,251.0,1.2664165103189498,0.0,5,choice
309.43999999999994,32.6,60.0,163.0,50.0,0.7744935140650051,0.30184049079754605,0.1502126566136421,34.47092912437193,6.0,True,309.43999999999994,centroid,5.278999992697209e-06,7,,6.257035647279548,0.4164733286813478,5,choice
248.56000000000003,29.8,55.0,149.0,44.0,0.7813126869611121,0.2926174496644296,0.13940425001641626,31.472907972000076,5.0,True,248.56000000000003,weighted_centroid,1.2544000014713674e-05,7,,4.829268292682928,0.293279173228347,5,choice
304.24,31.4,59.0,157.0,51.0,0.7641915982018291,0.31082802547770716,0.1627678633650939,33.282417340388065,7.375,True,304.24,geometric_median,8.487900004183757e-05,7,,6.135084427767355,0.36763521245992137,5,choice
96.64000000000001,23.4,42.0,117.0,27.0,0.8499844768705371,0.2119658119658121,0.07933435318934978,24.335741751284726,2.8,True,96.64000000000001,min_sum,0.026972035999961008,5418,,1.2664165103189498,0.0,5,choice
48.24,25.4,34.0,127.0,20.0,0.9304297663686184,0.15118110236220472,0.03993528565013987,25.833571211425603,2.4285714285714284,True,48.24,min_max,0.026232990000039536,5418,,0.1313320825515948,0.0615485435146765,5,choice
42.64,36.4,43.0,182.0,18.0,0.9688212927756654,0.0967032967032968,0.01702549168138099,36.6775236845798,1.72,True,42.64,min_range,0.026649841999983437,5418,,0.0,0.5071463224515659,5,choice
48.24,25.4,34.0,127.0,20.0,0.9304297663686184,0.15118110236220472,0.03993528565013987,25.833571211425603,2.4285714285714284,True,48.24,random,0.005895634000012251,700,,0.1313320825515948,0.0615485435146765,5,choice
42.64,36.4,43.0,182.0,18.0,0.9688212927756654,0.0967032967032968,0.01702549168138099,36.6775236845798,1.72,True,42.64,exhaustive,0.02700154100000418,5418,,0.0,0.5071463224515659,5,choice
96.64000000000001,23.4,42.0,117.0,27.0,0.8499844768705371,0.2119658119658121,0.07933435318934978,24.335741751284726,2.8,True,96.64000000000001,exhaustive_ede,0.028420091000043612,5418,,1.2664165103189498,0.0,5,choice
21.44,35.4,42.0,177.0,11.0,0.9831790365604895,0.06779661016949157,0.008418141728525202,35.55019705628527,1.3548387096774193,True,21.44,ours,0.010387583000010636,1029,157.0,0.0,0.42996001742025675,6,choice
144.24,23.6,44.0,118.0,32.0,0.7942954934398174,0.2745762711864408,0.12458933668975018,24.86097277070739,3.6666666666666665,True,144.24,ours_ede,0.010662468000077752,1085,165.0,5.727611940298508,0.0,6,choice
143.84,32.4,47.0,162.0,30.0,0.8794906166219839,0.19999999999999996,0.0693635486316466,33.38116657185448,2.764705882352941,True,143.84,centroid,4.838999984713155e-06,7,,5.708955223880597,0.34271361300817893,6,choice
200.56,28.8,54.0,144.0,43.0,0.8052815533980583,0.2583333333333333,0.11727859696222342,30.265084105561538,4.909090909090909,True,200.56,weighted_centroid,1.208200001201476e-05,7,,8.354477611940299,0.2173732856190397,6,choice
192.56,27.8,52.0,139.0,43.0,0.8005386368344728,0.2618705035971223,0.12558600219494567,29.234945492050954,5.777777777777778,True,192.56,geometric_median,0.00013960100000076636,7,,7.981343283582089,0.17593731193403767,6,choice
144.24,23.6,44.0,118.0,32.0,0.7942954934398174,0.2745762711864408,0.12458933668975018,24.86097277070739,3.6666666666666665,True,144.24,min_sum,0.012004564999983813,2345,,5.727611940298508,0.0,6,choice
54.64000000000001,32.6,41.0,163.0,17.0,0.951100769643816,0.12269938650306744,0.025881858310774775,32.99863527191978,1.7083333333333333,True,54.64000000000001,min_max,0.011153950000107216,2345,,1.5485074626865671,0.3273267935356353,6,choice
21.44,35.4,42.0,177.0,11.0,0.9831790365604895,0.06779661016949157,0.008418141728525202,35.55019705628527,1.3548387096774193,True,21.44,min_range,0.011194165000006251,2345,,0.0,0.42996001742025675,6,choice
22.240000000000002,38.6,46.0,193.0,12.0,0.9852929506679011,0.06632124352331603,0.00734931237965582,38.74319722196303,1.3529411764705883,True,22.240000000000002,random,0.004513416000008874,700,,0.03731343283582093,0.5583942583136756,6,choice
21.44,35.4,42.0,177.0,11.0,0.9831790365604895,0.06779661016949157,0.008418141728525202,35.55019705628527,1.3548387096774193,True,21.44,exhaustive,0.011526809000088178,2345,,0.0,0.42996001742025675,6,choice
144.24,23.6,44.0,118.0,32.0,0.7942954934398174,0.2745762711864408,0.12458933668975018,24.86097277070739,3.6666666666666665,True,144.24,exhaustive_ede,0.011957245999951738,2345,,5.727611940298508,0.0,6,choice
19.04,23.4,28.0,117.0,12.0,0.9663960465937169,0.09914529914529924,0.018367712764986655,23.59238364682293,1.75,True,19.04,ours,0.013391537999950742,1498,224.0,0.0,0.3171551694463357,7,choice
40.239999999999995,17.4,26.0,87.0,16.0,0.8826822157434402,0.20229885057471275,0.06760108957959927,17.911620585097772,2.6,True,40.239999999999995,ours_ede,0.013635657000008905,1540,230.0,1.1134453781512603,0.0,7,choice
62.15999999999999,27.2,40.0,136.0,23.0,0.9224937655860349,0.16176470588235303,0.04153929372006414,27.735299841774015,2.3529411764705883,True,62.15999999999999,centroid,2.368500008742558e-05,7,,2.2647058823529407,0.5484528443422597,7,choice
25.0,23.0,28.0,46.0,10.0,0.9548736462093863,0.10869565217391308,0.023819217267299797,23.25901200009104,1.5555555555555556,False,inf,weighted_centroid,1.218300008076767e-05,7,,0.31302521008403367,0.2985431379359513,7,choice
88.96,19.8,36.0,99.0,24.0,0.815051975051975,0.2464646464646465,0.10586492710406199,20.757864679513595,3.0,True,88.96,geometric_median,6.380899992564082e-05,7,,3.6722689075630246,0.15890488975541722,7,choice
40.239999999999995,17.4,26.0,87.0,16.0,0.8826822157434402,0.20229885057471275,0.06760108957959927,17.911620585097772,2.6,True,40.239999999999995,min_sum,0.02604635500006225,5292,,1.1134453781512603,0.0,7,choice
19.76,20.2,25.0,101.0,13.0,0.9538101916783543,0.11485148514851495,0.026562534689902016,20.425428946942123,2.0833333333333335,True,19.76,min_max,0.025645454000027712,5292,,0.0378151260504203,0.14034511003073646,7,choice
19.04,23.4,28.0,117.0,12.0,0.9663960465937169,0.09914529914529924,0.018367712764986655,23.59238364682293,1.75,True,19.04,min_range,0.02572844899998472,5292,,0.0,0.3171551694463357,7,choice
19.04,23.4,28.0,117.0,12.0,0.9663960465937169,0.09914529914529924,0.018367712764986655,23.59238364682293,1.75,True,19.04,random,0.005835640999976022,700,,0.0,0.3171551694463357,7,choice
19.04,23.4,28.0,117.0,12.0,0.9663960465937169,0.09914529914529924,0.018367712764986655,23.59238364682293,1.75,True,19.04,exhaustive,0.026803044000075715,5292,,0.0,0.3171551694463357,7,choice
40.239999999999995,17.4,26.0,87.0,16.0,0.8826822157434402,0.20229885057471275,0.06760108957959927,17.911620585097772,2.6,True,40.239999999999995,exhaustive_ede,0.027551958999993076,5292,,1.1134453781512603,0.0,7,choice
29.2,16.0,24.0,80.0,17.0,0.8976157082748948,0.17500000000000004,0.06218788941480078,16.40351661372377,3.4285714285714284,True,29.2,ours,0.010073917999989135,896,138.0,0.0,0.36369142916041414,8,choice
90.16,10.8,27.0,54.0,27.0,0.5640232108317215,0.4814814814814816,0.4400110101786277,12.028759778759442,inf,True,90.16,ours_ede,0.009574341999950775,917,141.0,2.087671232876712,0.0,8,choice
63.44,16.6,29.0,83.0,21.0,0.8128613569321534,0.2650602409638554,0.11452284186025545,17.392781819558074,3.625,True,63.44,centroid,4.638999939743371e-06,7,,1.1726027397260272,0.4459330919776534,8,choice
76.24,16.4,32.0,82.0,24.0,0.7791425260718424,0.2829268292682927,0.1320509290458462,17.355305674161933,4.0,True,76.24,weighted_centroid,1.1361000019860512e-05,7,,1.6109589041095889,0.4428175467273179,8,choice
83.6,15.0,32.0,75.0,25.0,0.729099157485418,0.30933333333333346,0.16813442033128867,16.08968926907338,4.571428571428571,True,83.6,geometric_median,7.496099999571015e-05,7,,1.8630136986301367,0.33760167839454114,8,choice
90.16,10.8,27.0,54.0,27.0,0.5640232108317215,0.4814814814814816,0.4400110101786277,12.028759778759442,inf,True,90.16,min_sum,0.010205986000073608,2030,,2.087671232876712,0.0,8,choice
40.4,14.0,21.0,70.0,17.0,0.8291032148900169,0.25142857142857156,0.11867692830223957,14.581304940140352,5.25,True,40.4,min_max,0.009770768999942447,2030,,0.3835616438356164,0.2122035195921222,8,choice
29.360000000000003,15.2,22.0,76.0,16.0,0.8872503840245776,0.1947368421052631,0.07167019089198538,15.616151439128517,3.6666666666666665,True,29.360000000000003,min_range,0.009935999999925116,2030,,0.005479452054794647,0.29823454174417413,8,choice
29.2,16.0,24.0,80.0,17.0,0.8976157082748948,0.17500000000000004,0.06218788941480078,16.40351661372377,3.4285714285714284,True,29.2,random,0.004426921000003858,700,,0.0,0.36369142916041414,8,choice
29.2,16.0,24.0,80.0,17.0,0.8976157082748948,0.17500000000000004,0.06218788941480078,16.40351661372377,3.4285714285714284,True,29.2,exhaustive,0.010048699999970268,2030,,0.0,0.36369142916041414,8,choice
90.16,10.8,27.0,54.0,27.0,0.5640232108317215,0.4814814814814816,0.4400110101786277,12.028759778759442,inf,True,90.16,exhaustive_ede,0.01046887899997273,2030,,2.087671232876712,0.0,8,choice
34.56,28.8,35.0,144.0,14.0,0.96,0.11111111111111116,0.021302556696196545,29.08584540215632,1.6666666666666667,True,34.56,ours,0.014639289000001554,1610,240.0,0.0,0.19680896773781795,9,choice
162.4,23.0,38.0,115.0,36.0,0.7651142609198727,0.30608695652173923,0.2006265221245324,24.302830431772037,19.0,True,162.4,ours_ede,0.014598532999912095,1687,251.0,3.699074074074074,0.0,9,choice
19.6875,19.25,24.0,77.0,12.0,0.9495515695067265,0.12012987012987009,0.028745931332159982,19.485800017511455,2.0,False,inf,centroid,4.5080000745656434e-06,7,,-0.4303385416666667,-0.19820861721370078,9,choice
320.56000000000006,31.8,66.0,159.0,49.0,0.7593031986784803,0.27924528301886786,0.13895968622636662,33.871606071407406,3.8823529411764706,True,320.56000000000006,weighted_centroid,1.1901999982910638e-05,7,,8.275462962962964,0.3937309140389564,9,choice
18.6875,17.25,21.0,69.0,11.0,0.9409090909090909,0.12681159420289845,0.03482784544064754,17.49510659338555,2.1,False,inf,geometric_median,4.214800003410346e-05,7,,-0.45927372685185186,-0.28012061630016905,9,choice
162.4,23.0,38.0,115.0,36.0,0.7651142609198727,0.30608695652173923,0.2006265221245324,24.302830431772037,19.0,True,162.4,min_sum,0.032849353999949926,6580,,3.699074074074074,0.0,9,choice
44.64,28.6,34.0,143.0,15.0,0.9482494783213541,0.11748251748251759,0.028663548530093598,28.96299235936796,1.7894736842105263,True,44.64,min_max,0.031510823999951754,6580,,0.2916666666666666,0.19175387577504185,9,choice
34.56,28.8,35.0,144.0,14.0,0.96,0.11111111111111116,0.021302556696196545,29.08584540215632,1.6666666666666667,True,34.56,min_range,0.03129102299999431,6580,,0.0,0.19680896773781795,9,choice
36.160000000000004,29.2,36.0,146.0,14.0,0.9593159315931593,0.1095890410958904,0.021806334963617325,29.493886063298085,1.6363636363636365,True,36.160000000000004,random,0.006160911999927521,700,,0.046296296296296335,0.21359880883419977,9,choice
34.56,28.8,35.0,144.0,14.0,0.96,0.11111111111111116,0.021302556696196545,29.08584540215632,1.6666666666666667,True,34.56,exhaustive,0.031898742000066704,6580,,0.0,0.19680896773781795,9,choice
162.4,23.0,38.0,115.0,36.0,0.7651142609198727,0.30608695652173923,0.2006265221245324,24.302830431772037,19.0,True,162.4,exhaustive_ede,0.032466025000076115,6580,,3.699074074074074,0.0,9,choice
18.24,37.4,43.0,187.0,12.0,0.9871277346506704,0.06417112299465244,0.006579605572589309,37.520003112466945,1.3870967741935485,True,18.24,ours,0.012452269000050364,1358,204.0,0.0,0.3755699322618708,10,choice
192.56,25.8,45.0,129.0,34.0,0.7756233978093684,0.28527131782945747,0.1430974817917777,27.275969205558475,4.090909090909091,True,192.56,ours_ede,0.01222994199997629,1365,205.0,9.557017543859649,0.0,10,choice
69.2,30.0,42.0,150.0,25.0,0.9286009079653322,0.15466666666666673,0.040183431547209256,30.531096818304675,2.4705882352941178,True,69.2,centroid,4.71900000320602e-06,7,,2.793859649122808,0.11934049302573817,10,choice
101.35999999999999,28.8,43.0,144.0,29.0,0.891104426299957,0.1972222222222222,0.06395226997707834,29.580559599952327,3.0714285714285716,True,101.35999999999999,weighted_centroid,1.1661000030471769e-05,7,,4.557017543859649,0.08449160420390149,10,choice
416.23999999999995,27.4,56.0,137.0,56.0,0.643324764353042,0.4204379562043796,0.3574551109774391,29.836746801578794,inf,True,416.23999999999995,geometric_median,0.00023425899996709632,7,,21.82017543859649,0.09388401844574848,10,choice
192.56,25.8,45.0,129.0,34.0,0.7756233978093684,0.28527131782945747,0.1430974817917777,27.275969205558475,4.090909090909091,True,192.56,min_sum,0.021538536999969438,4410,,9.557017543859649,0.0,10,choice
24.24,34.4,38.0,172.0,13.0,0.9799271281881418,0.06976744186046524,0.01094729821190393,34.567751309199316,1.52,True,24.24,min_max,0.021392844000047262,4410,,0.32894736842105265,0.26733356562651034,10,choice
22.56,37.8,42.0,189.0,10.0,0.9844563869367507,0.06349206349206349,0.008049629913410714,37.94562061732686,1.3125,True,22.56,min_range,0.0215074980000054,4410,,0.23684210526315794,0.3911740525647042,10,choice
18.639999999999997,34.6,41.0,173.0,13.0,0.9846685310083896,0.06936416184971095,0.00784083327136165,34.73247206872718,1.4642857142857142,True,18.639999999999997,random,0.005221150000011221,700,,0.02192982456140343,0.2733726089428629,10,choice
18.24,37.4,43.0,187.0,12.0,0.9871277346506704,0.06417112299465244,0.006579605572589309,37.520003112466945,1.3870967741935485,True,18.24,exhaustive,0.02193607099991368,4410,,0.0,0.3755699322618708,10,choice
192.56,25.8,45.0,129.0,34.0,0.7756233978093684,0.28527131782945747,0.1430974817917777,27.275969205558475,4.090909090909091,True,192.56,exhaustive_ede,0.02265567100005228,4410,,9.557017543859649,0.0,10,choice
30.160000000000004,38.8,45.0,194.0,15.0,0.9803594686116176,0.07835051546391747,0.010268739790404848,38.98869902766357,1.5,True,30.160000000000004,ours,0.012114698000004864,1288,194.0,0.0,0.22928691802247247,11,choice
100.8,31.0,40.0,155.0,24.0,0.905066867583349,0.17032258064516137,0.056842941493374134,31.716516669992597,2.5,True,100.8,ours_ede,0.01190437299999303,1295,195.0,2.3421750663129965,0.0,11,choice
209.04000000000002,31.6,48.0,158.0,35.0,0.8268963232858563,0.25063291139240507,0.10988022591463056,32.96288368352109,3.6923076923076925,True,209.04000000000002,centroid,5.069000053481432e-06,7,,5.931034482758621,0.03929709641499499,11,choice
182.95999999999998,33.2,49.0,166.0,33.0,0.8576408341114223,0.2240963855421687,0.08610544196080464,34.37808169448285,3.0625,True,182.95999999999998,weighted_centroid,1.5157999996517901e-05,7,,5.066312997347479,0.08391731829139974,11,choice
309.04,32.6,54.0,163.0,41.0,0.7747193468435633,0.28957055214723937,0.14789684302149414,34.455283987657374,4.153846153846154,True,309.04,geometric_median,3.898300008131628e-05,7,,9.246684350132625,0.08635145360259439,11,choice
134.8,31.0,43.0,155.0,28.0,0.8769848512502282,0.20387096774193547,0.07501193276781393,31.936992681812992,2.8666666666666667,True,134.8,min_sum,0.02269757400006256,4249,,3.4694960212201593,0.006951457315266597,11,choice
81.84,31.4,39.0,157.0,21.0,0.923356433789099,0.14777070063694264,0.044460521583986466,31.987081689929607,2.1666666666666665,True,81.84,min_max,0.021354022999958033,4249,,1.7135278514588856,0.00853072935947581,11,choice
30.160000000000004,38.8,45.0,194.0,15.0,0.9803594686116176,0.07835051546391747,0.010268739790404848,38.98869902766357,1.5,True,30.160000000000004,min_range,0.021516117000032864,4249,,0.0,0.22928691802247247,11,choice
39.44,35.4,43.0,177.0,18.0,0.9694878539377998,0.0971751412429378,0.01641941011325612,35.66574093510015,1.72,True,39.44,random,0.005585865000057311,700,,0.30769230769230743,0.12451633028301523,11,choice
30.160000000000004,38.8,45.0,194.0,15.0,0.9803594686116176,0.07835051546391747,0.010268739790404848,38.98869902766357,1.5,True,30.160000000000004,exhaustive,0.02268573000003471,4249,,0.0,0.22928691802247247,11,choice
100.8,31.0,40.0,155.0,24.0,0.905066867583349,0.17032258064516137,0.056842941493374134,31.716516669992597,2.5,True,100.8,exhaustive_ede,0.022733960000095976,4249,,2.3421750663129965,0.0,11,choice
42.64,23.6,31.0,118.0,18.0,0.9288859239492996,0.14915254237288145,0.040784935287673414,24.012107261080917,2.3846153846153846,True,42.64,ours,0.0103967750000038,959,147.0,0.0,0.14633708686168723,12,choice
51.04,20.4,29.0,102.0,20.0,0.8907534246575343,0.19215686274509802,0.06667321575810328,20.946811837710463,3.2222222222222223,True,51.04,ours_ede,0.010501410999950167,1022,156.0,0.1969981238273921,0.0,12,choice
407.84000000000003,24.4,61.0,122.0,58.0,0.5934609250398724,0.43934426229508206,0.33094359961147585,27.050384136656845,20.333333333333332,True,407.84000000000003,centroid,4.499000056057412e-06,7,,8.564727954971858,0.29138430927985637,12,choice
100.56,21.2,37.0,106.0,30.0,0.8171636363636363,0.26415094339622636,0.11780927895126303,22.179058637082573,5.285714285714286,True,100.56,weighted_centroid,1.2272999924789474e-05,7,,1.3583489681050658,0.0588274153087918,12,choice
559.7599999999999,26.2,69.0,131.0,67.0,0.5508265125982988,0.47633587786259546,0.3957876141439657,29.349683431916514,34.5,True,559.7599999999999,geometric_median,5.781900006240903e-05,7,,12.127579737335832,0.40115277013556755,12,choice
51.04,20.4,29.0,102.0,20.0,0.8907534246575343,0.19215686274509802,0.06667321575810328,20.946811837710463,3.2222222222222223,True,51.04,min_sum,0.011939537999978711,2366,,0.1969981238273921,0.0,12,choice
51.04,20.4,29.0,102.0,20.0,0.8907534246575343,0.19215686274509802,0.06667321575810328,20.946811837710463,3.2222222222222223,True,51.04,min_max,0.011600322000049346,2366,,0.1969981238273921,0.0,12,choice
42.64,23.6,31.0,118.0,18.0,0.9288859239492996,0.14915254237288145,0.040784935287673414,24.012107261080917,2.3846153846153846,True,42.64,min_range,0.011665914000104749,2366,,0.0,0.14633708686168723,12,choice
42.64,23.6,31.0,118.0,18.0,0.9288859239492996,0.14915254237288145,0.040784935287673414,24.012107261080917,2.3846153846153846,True,42.64,random,0.004516046999924583,700,,0.0,0.14633708686168723,12,choice
42.64,23.6,31.0,118.0,18.0,0.9288859239492996,0.14915254237288145,0.040784935287673414,24.012107261080917,2.3846153846153846,True,42.64,exhaustive,0.012131977999956689,2366,,0.0,0.14633708686168723,12,choice
51.04,20.4,29.0,102.0,20.0,0.8907534246575343,0.19215686274509802,0.06667321575810328,20.946811837710463,3.2222222222222223,True,51.04,exhaustive_ede,0.01262223800006268,2366,,0.1969981238273921,0.0,12,choice
27.439999999999998,20.4,29.0,102.0,15.0,0.9381424706943192,0.14117647058823524,0.03248182862171858,20.720235731132032,2.0714285714285716,True,27.439999999999998,ours,0.011207463000005191,1190,180.0,0.0,0.2031991507893319,13,choice
65.84,16.4,28.0,82.0,20.0,0.8033452807646356,0.2682926829268293,0.12137614553229914,17.22095275544284,3.5,True,65.84,ours_ede,0.011465227000030609,1253,189.0,1.3994169096209916,0.0,13,choice
586.0,25.0,72.0,125.0,67.0,0.5161023947151114,0.46720000000000006,0.3923815168365402,28.34313951691826,14.4,True,586.0,centroid,4.499000056057412e-06,7,,20.355685131195337,0.6458519989818885,13,choice
116.55999999999999,20.8,38.0,104.0,27.0,0.7877640203932993,0.2730769230769232,0.12872377821640177,21.94195681937071,3.4545454545454546,True,116.55999999999999,weighted_centroid,1.2032999961775204e-05,7,,3.247813411078717,0.27414302396455686,13,choice
225.84,17.4,42.0,87.0,41.0,0.5727582292849035,0.46896551724137936,0.3920003837030342,19.334337104315267,42.0,True,225.84,geometric_median,0.00023267699998541502,7,,7.2303206997084555,0.12272168554695508,13,choice
65.84,16.4,28.0,82.0,20.0,0.8033452807646356,0.2682926829268293,0.12137614553229914,17.22095275544284,3.5,True,65.84,min_sum,0.019287931999997454,3850,,1.3994169096209916,0.0,13,choice
78.4,17.0,28.0,85.0,22.0,0.7866086009798585,0.27764705882352936,0.1394647509708772,17.914781869428424,4.666666666666667,True,78.4,min_max,0.01876372000003812,3850,,1.8571428571428577,0.040289821581810666,13,choice
27.439999999999998,20.4,29.0,102.0,15.0,0.9381424706943192,0.14117647058823524,0.03248182862171858,20.720235731132032,2.0714285714285716,True,27.439999999999998,min_range,0.01839879600004224,3850,,0.0,0.2031991507893319,13,choice
27.439999999999998,20.4,29.0,102.0,15.0,0.9381424706943192,0.14117647058823524,0.03248182862171858,20.720235731132032,2.0714285714285716,True,27.439999999999998,random,0.005110941999987517,700,,0.0,0.2031991507893319,13,choice
27.439999999999998,20.4,29.0,102.0,15.0,0.9381424706943192,0.14117647058823524,0.03248182862171858,20.720235731132032,2.0714285714285716,True,27.439999999999998,exhaustive,0.018895547000056467,3850,,0.0,0.2031991507893319,13,choice
65.84,16.4,28.0,82.0,20.0,0.8033452807646356,0.2682926829268293,0.12137614553229914,17.22095275544284,3.5,True,65.84,exhaustive_ede,0.019522443000028034,3850,,1.3994169096209916,0.0,13,choice
510.16,34.8,65.0,174.0,55.0,0.7036021380432257,0.342528735632184,0.21339999026413442,37.42617867941291,6.5,True,510.16,ours,0.011175081999908798,1204,182.0,0.3354973821989529,0.13829281343606042,14,choice
671.4399999999999,29.6,64.0,148.0,61.0,0.5661411217368829,0.45945945945945943,0.4050651075190128,32.879218982713176,21.333333333333332,True,671.4399999999999,ours_ede,0.011678805999963515,1267,191.0,0.7576963350785338,0.0,14,choice
715.8399999999999,32.4,72.0,162.0,65.0,0.5945627548708654,0.434567901234568,0.3427851259450976,35.782718932954914,10.285714285714286,True,715.8399999999999,centroid,4.729000011138851e-06,7,,0.8739267015706804,0.08830805718859391,14,choice
574.64,33.6,67.0,168.0,56.0,0.6626907724818032,0.3761904761904762,0.2552981793415851,36.498742405201796,6.090909090909091,True,574.64,weighted_centroid,1.201300005959638e-05,7,,0.5042931937172774,0.11008544407309817,14,choice
776.1600000000001,29.8,73.0,149.0,73.0,0.5336137483475544,0.4993288590604028,0.4867397418240692,33.389776705874255,inf,True,776.1600000000001,geometric_median,3.516599997510639e-05,7,,1.0318324607329845,0.01552828014039849,14,choice
725.8399999999999,29.6,78.0,148.0,72.0,0.546916354556804,0.4675675675675677,0.3814838353557691,33.19240175989752,13.0,True,725.8399999999999,min_sum,0.018431085999964125,3703,,0.9001047120418846,0.00952524989565616,14,choice
591.6,30.0,62.0,150.0,57.0,0.6033789219629928,0.42400000000000015,0.33979679242854577,33.037268044808634,12.4,True,591.6,min_max,0.0181141220000427,3703,,0.5486910994764399,0.0048069591366679005,14,choice
543.76,34.2,63.0,171.0,51.0,0.6826426987276759,0.353216374269006,0.2338446031367626,36.96500267040401,5.25,True,543.76,min_range,0.018042938999997205,3703,,0.42345549738219895,0.1242664459225448,14,choice
454.64,70.6,105.0,353.0,62.0,0.9164111049825335,0.16883852691218126,0.04521926599081588,72.09760648203101,2.441860465116279,True,454.64,random,0.004944109999996726,700,,0.1901570680628272,1.1928016757313362,14,choice
382.0,69.0,102.0,345.0,57.0,0.9257242854365156,0.15420289855072467,0.039244185208238566,70.30777166720608,2.2666666666666666,True,382.0,exhaustive,0.01802238999994188,3703,,0.0,1.1383650172521318,14,choice
671.4399999999999,29.6,64.0,148.0,61.0,0.5661411217368829,0.45945945945945943,0.4050651075190128,32.879218982713176,21.333333333333332,True,671.4399999999999,exhaustive_ede,0.018668781999963358,3703,,0.7576963350785338,0.0,14,choice
76.56,20.2,32.0,101.0,25.0,0.8420140321914982,0.24158415841584158,0.10382219891628183,20.984203568788864,4.571428571428571,True,76.56,ours,0.009749100000021826,903,139.0,0.0,0.16110196858406725,15,choice
169.83999999999997,16.4,39.0,82.0,36.0,0.6129443938012762,0.42926829268292677,0.3093907584840891,18.07266212318849,13.0,True,169.83999999999997,ours_ede,0.01002454599995417,973,149.0,1.2183908045977008,0.0,15,choice
180.56,22.2,39.0,111.0,37.0,0.7318681318681318,0.33513513513513526,0.2243053766380226,23.665198731404267,19.5,True,180.56,centroid,4.88900002437731e-06,7,,1.3584117032392895,0.309447306107724,15,choice
149.04,20.6,35.0,103.0,33.0,0.7400767352633415,0.32621359223300983,0.21602611546958425,21.91317639233035,17.5,True,149.04,weighted_centroid,1.1251000046286208e-05,7,,0.9467084639498431,0.21250407067668306,15,choice
204.16,19.8,40.0,99.0,38.0,0.6575645756457564,0.404040404040404,0.29356231076075245,21.50792679771857,20.0,True,204.16,geometric_median,5.130599993208307e-05,7,,1.6666666666666665,0.19008072253629954,15,choice
169.83999999999997,16.4,39.0,82.0,36.0,0.6129443938012762,0.42926829268292677,0.3093907584840891,18.07266212318849,13.0,True,169.83999999999997,min_sum,0.009705107999934626,2009,,1.2183908045977008,0.0,15,choice
87.2,20.0,31.0,100.0,24.0,0.8210180623973727,0.26,0.1190717708628326,20.881618805221578,4.428571428571429,True,87.2,min_max,0.009589982000079544,2009,,0.13897596656217345,0.1554257288099798,15,choice
87.2,20.0,31.0,100.0,24.0,0.8210180623973727,0.26,0.1190717708628326,20.881618805221578,4.428571428571429,True,87.2,min_range,0.009734422000065024,2009,,0.13897596656217345,0.1554257288099798,15,choice
87.44000000000001,18.6,32.0,93.0,26.0,0.7982464236271343,0.28387096774193554,0.1354103540293287,19.537368541018402,5.333333333333333,True,87.44000000000001,random,0.004364764000001742,700,,0.1421107628004181,0.08104541587985489,15,choice
76.56,20.2,32.0,101.0,25.0,0.8420140321914982,0.24158415841584158,0.10382219891628183,20.984203568788864,4.571428571428571,True,76.56,exhaustive,0.009852805000036824,2009,,0.0,0.16110196858406725,15,choice
169.83999999999997,16.4,39.0,82.0,36.0,0.6129443938012762,0.42926829268292677,0.3093907584840891,18.07266212318849,13.0,True,169.83999999999997,exhaustive_ede,0.010363652000023649,2009,,1.2183908045977008,0.0,15,choice
78.64,24.6,39.0,123.0,26.0,0.8849956127522668,0.1983739837398375,0.06512382420690696,25.318198515783532,3.0,True,78.64,ours,0.012227988000063306,1253,189.0,0.0,0.1938423437312212,16,choice
229.35999999999999,19.2,48.0,96.0,43.0,0.6164548494983277,0.3958333333333335,0.27454774679691735,21.207321593782915,9.6,True,229.35999999999999,ours_ede,0.01174364999997124,1260,190.0,1.9165818921668358,0.0,16,choice
105.44000000000001,23.6,42.0,118.0,29.0,0.8408212560386473,0.23050847457627133,0.08905397626936824,24.58367810009377,3.230769230769231,True,105.44000000000001,centroid,6.020999990141718e-06,7,,0.3407934893184132,0.15920711587174968,16,choice
127.35999999999999,22.2,44.0,111.0,32.0,0.7946468881006127,0.24864864864864877,0.11293749562644048,23.434184696977457,3.6666666666666665,True,127.35999999999999,weighted_centroid,1.2794000099347613e-05,7,,0.6195320447609357,0.10500444826787388,16,choice
283.2,18.0,49.0,90.0,49.0,0.5335968379446641,0.48888888888888893,0.45280223400942887,20.2568054067813,inf,True,283.2,geometric_median,0.0002342889999908948,7,,2.6012207527975586,-0.044820190178106484,16,choice
288.8,19.0,51.0,95.0,47.0,0.5555555555555556,0.4547368421052631,0.35745880624915893,21.29705368085418,12.75,True,288.8,min_sum,0.020503845999996884,3906,,2.6724313326551377,0.004231184342372169,16,choice
87.04,24.6,36.0,123.0,23.0,0.8742559953770587,0.20162601626016263,0.0766817598727632,25.36039462375314,2.769230769230769,True,87.04,min_max,0.019603136999990056,3906,,0.10681586978636833,0.19583203902503798,16,choice
87.04,24.6,36.0,123.0,23.0,0.8742559953770587,0.20162601626016263,0.0766817598727632,25.36039462375314,2.769230769230769,True,87.04,min_range,0.0196850300000051,3906,,0.10681586978636833,0.19583203902503798,16,choice
79.2,24.0,41.0,120.0,26.0,0.8791208791208791,0.18333333333333335,0.06230609782748697,24.77046591632098,2.7333333333333334,True,79.2,random,0.005349660999968364,700,,0.007121057985757913,0.16801482010734572,16,choice
78.64,24.6,39.0,123.0,26.0,0.8849956127522668,0.1983739837398375,0.06512382420690696,25.318198515783532,3.0,True,78.64,exhaustive,0.02038350000009359,3906,,0.0,0.1938423437312212,16,choice
229.35999999999999,19.2,48.0,96.0,43.0,0.6164548494983277,0.3958333333333335,0.27454774679691735,21.207321593782915,9.6,True,229.35999999999999,exhaustive_ede,0.020685094999976172,3906,,1.9165818921668358,0.0,16,choice
267.76000000000005,32.2,50.0,161.0,41.0,0.7947570136440288,0.27826086956521734,0.14744975655749046,33.80852952425133,5.555555555555555,True,267.76000000000005,ours,0.012369904999900427,1344,202.0,0.0,0.009014251112482417,17,choice
317.44,31.6,58.0,158.0,50.0,0.7587841945288754,0.3139240506329115,0.17383342655868367,33.50649357724724,7.25,True,317.44,ours_ede,0.012117841999952361,1337,201.0,0.18553928891544644,0.0,17,choice
1025.2,34.0,96.0,170.0,83.0,0.5299834953236751,0.43999999999999995,0.3660463584807525,38.4137299900843,7.384615384615385,True,1025.2,centroid,4.928999942421797e-06,7,,2.8288019121601433,0.14645628022889695,17,choice
525.6,34.0,77.0,170.0,66.0,0.6874405328258801,0.34588235294117653,0.20506325770286998,36.86720153551798,7.0,True,525.6,weighted_centroid,1.1652000011963537e-05,7,,0.9629518972213921,0.10030019854279361,17,choice
1244.0,31.0,98.0,155.0,98.0,0.435827664399093,0.5651612903225807,0.600972786127135,35.78065758155712,inf,True,1244.0,geometric_median,1.9837999957417196e-05,7,,3.645951598446369,0.06787233641941466,17,choice
914.96,31.2,89.0,156.0,79.0,0.5154840076255031,0.46410256410256423,0.39680288897487415,35.35020959660686,8.9,True,914.96,min_sum,0.021606422999980168,4361,,2.4170899312817444,0.05502563301973214,17,choice
267.76000000000005,32.2,50.0,161.0,41.0,0.7947570136440288,0.27826086956521734,0.14744975655749046,33.80852952425133,5.555555555555555,True,267.76000000000005,min_max,0.02131637000002229,4361,,0.0,0.009014251112482417,17,choice
267.76000000000005,32.2,50.0,161.0,41.0,0.7947570136440288,0.27826086956521734,0.14744975655749046,33.80852952425133,5.555555555555555,True,267.76000000000005,min_range,0.020940254000038294,4361,,0.0,0.009014251112482417,17,choice
366.15999999999997,34.2,63.0,171.0,54.0,0.7615835395233754,0.31345029239766076,0.16910480775052403,36.24764796136905,7.0,True,366.15999999999997,random,0.005178440000008777,700,,0.36749327756199546,0.08180964617506863,17,choice
267.76000000000005,32.2,50.0,161.0,41.0,0.7947570136440288,0.27826086956521734,0.14744975655749046,33.80852952425133,5.555555555555555,True,267.76000000000005,exhaustive,0.021150208999983988,4361,,0.0,0.009014251112482417,17,choice
317.44,31.6,58.0,158.0,50.0,0.7587841945288754,0.3139240506329115,0.17383342655868367,33.50649357724724,7.25,True,317.44,exhaustive_ede,0.021768427999973028,4361,,0.18553928891544644,0.0,17,choice
47.36,16.8,25.0,84.0,18.0,0.8563106796116505,0.22857142857142865,0.09068270019049743,17.39373786308959,3.5714285714285716,True,47.36,ours,0.015103189999990718,1715,255.0,0.0,0.07399877814130615,18,choice
65.84,15.4,23.0,77.0,21.0,0.7827062706270627,0.2753246753246754,0.1798981352793068,16.19530507585093,11.5,True,65.84,ours_ede,0.014053281000087736,1631,243.0,0.3902027027027028,0.0,18,choice
65.35999999999999,16.2,25.0,81.0,22.0,0.8006101281269067,0.27160493827160503,0.15402776928578749,16.97399662420572,8.333333333333334,True,65.35999999999999,centroid,4.3779999714388396e-06,7,,0.38006756756756727,0.048081313980056606,18,choice
63.760000000000005,16.2,24.0,81.0,21.0,0.8045370938074801,0.2617283950617284,0.15182680666551268,16.95481466554469,8.0,True,63.760000000000005,weighted_centroid,1.1652000011963537e-05,7,,0.3462837837837839,0.046896899202366775,18,choice
63.760000000000005,16.8,26.0,84.0,21.0,0.8157225433526012,0.26190476190476186,0.12879448166364096,17.552733024886603,5.2,True,63.760000000000005,geometric_median,6.53129999363955e-05,7,,0.3462837837837839,0.08381613947240527,18,choice
65.84,15.4,23.0,77.0,21.0,0.7827062706270627,0.2753246753246754,0.1798981352793068,16.19530507585093,11.5,True,65.84,min_sum,0.030815803999985292,6237,,0.3902027027027028,0.0,18,choice
74.16,15.8,23.0,79.0,22.0,0.7709697344039531,0.278481012658228,0.20833288167490688,16.652273127648748,23.0,True,74.16,min_max,0.030060217000027478,6237,,0.5658783783783783,0.02821608173835585,18,choice
51.839999999999996,18.4,28.0,92.0,18.0,0.8672131147540983,0.20869565217391317,0.0806851624780224,19.004703471599797,2.8,True,51.839999999999996,min_range,0.03022038800008886,6237,,0.09459459459459453,0.17346992740124456,18,choice
47.36,16.8,25.0,84.0,18.0,0.8563106796116505,0.22857142857142865,0.09068270019049743,17.39373786308959,3.5714285714285716,True,47.36,random,0.00607775700007096,700,,0.0,0.07399877814130615,18,choice
47.36,16.8,25.0,84.0,18.0,0.8563106796116505,0.22857142857142865,0.09068270019049743,17.39373786308959,3.5714285714285716,True,47.36,exhaustive,0.03100062999999409,6237,,0.0,0.07399877814130615,18,choice
65.84,15.4,23.0,77.0,21.0,0.7827062706270627,0.2753246753246754,0.1798981352793068,16.19530507585093,11.5,True,65.84,exhaustive_ede,0.03223292100005892,6237,,0.3902027027027028,0.0,18,choice
10.239999999999998,31.6,37.0,158.0,9.0,0.9898493259318002,0.055696202531645644,0.005043012253862321,31.680956575372154,1.3214285714285714,True,10.239999999999998,ours,0.012425528999983726,1386,208.0,0.0,0.243010776757794,19,choice
30.160000000000004,25.2,33.0,126.0,15.0,0.9546602525556224,0.12063492063492065,0.02368508136074034,25.487274260008547,1.8333333333333333,True,30.160000000000004,ours_ede,0.012800382000023092,1442,216.0,1.9453125000000009,0.0,19,choice
47.6,32.0,39.0,160.0,20.0,0.9555804404628593,0.1100000000000001,0.025699930413893922,32.34207727257792,2.0526315789473686,True,47.6,centroid,4.908999926556135e-06,7,,3.6484375000000004,0.2689500235545027,19,choice
26.560000000000002,31.2,38.0,156.0,15.0,0.97344,0.09230769230769242,0.013985787215011203,31.40549090687282,1.6521739130434783,True,26.560000000000002,weighted_centroid,1.1151000080644735e-05,7,,1.5937500000000007,0.23220280782046596,19,choice
84.4,36.0,46.0,180.0,25.0,0.9388583019414662,0.13777777777777778,0.03496425922907333,36.536788954036496,2.1904761904761907,True,84.4,geometric_median,5.272900000363734e-05,7,,7.242187500000002,0.43353065460457924,19,choice
30.160000000000004,25.2,33.0,126.0,15.0,0.9546602525556224,0.12063492063492065,0.02368508136074034,25.487274260008547,1.8333333333333333,True,30.160000000000004,min_sum,0.023016148000010617,4662,,1.9453125000000009,0.0,19,choice
16.560000000000002,27.8,33.0,139.0,12.0,0.9790220420572586,0.0805755395683454,0.011062765120794705,27.944015716621113,1.5714285714285714,True,16.560000000000002,min_max,0.022386848999985887,4662,,0.6171875000000004,0.09639090596939108,19,choice
10.959999999999999,32.2,37.0,161.0,9.0,0.9895399885474327,0.05714285714285716,0.005289916938414277,32.284256901908904,1.3214285714285714,True,10.959999999999999,min_range,0.022469753999985187,4662,,0.07031250000000007,0.26668142589752464,19,choice
13.36,31.2,37.0,156.0,11.0,0.986461289014998,0.0641025641025641,0.006832323034037757,31.30604895525958,1.4230769230769231,True,13.36,random,0.005398432999982106,700,,0.30468750000000017,0.22830117633964211,19,choice
10.239999999999998,31.6,37.0,158.0,9.0,0.9898493259318002,0.055696202531645644,0.005043012253862321,31.680956575372154,1.3214285714285714,True,10.239999999999998,exhaustive,0.023192600000015773,4662,,0.0,0.243010776757794,19,choice
30.160000000000004,25.2,33.0,126.0,15.0,0.9546602525556224,0.12063492063492065,0.02368508136074034,25.487274260008547,1.8333333333333333,True,30.160000000000004,exhaustive_ede,0.024179508999964128,4662,,1.9453125000000009,0.0,19,choice
68.96000000000001,20.2,36.0,101.0,22.0,0.8554297693920335,0.20198019801980194,0.07547262095596556,20.97985976714171,2.5714285714285716,True,68.96000000000001,ours,0.010024993000001814,980,150.0,0.0,0.26041760810649606,20,choice
97.84000000000002,15.4,35.0,77.0,26.0,0.7079402985074627,0.2857142857142858,0.16985306381539614,16.64516556433974,3.888888888888889,True,97.84000000000002,ours_ede,0.010706010000035349,1071,163.0,0.4187935034802785,0.0,20,choice
473.44000000000005,21.4,64.0,107.0,58.0,0.4916899291389306,0.47476635514018706,0.4181492463640527,24.420633429079224,10.666666666666666,True,473.44000000000005,centroid,4.658999955609033e-06,7,,5.865429234338746,0.46713070138500057,20,choice
216.24,20.6,47.0,103.0,40.0,0.6624414611301904,0.37281553398058254,0.23353427264387153,22.454748976316978,6.714285714285714,True,216.24,weighted_centroid,1.2083000001439359e-05,7,,2.135730858468677,0.3490252704018498,20,choice
460.64000000000004,20.6,63.0,103.0,59.0,0.47950282485875706,0.47378640776699044,0.43445842468170925,23.590121670301425,15.75,True,460.64000000000004,geometric_median,3.926400006548647e-05,7,,5.679814385150812,0.41723562791351343,20,choice
97.84000000000002,15.4,35.0,77.0,26.0,0.7079402985074627,0.2857142857142858,0.16985306381539614,16.64516556433974,3.888888888888889,True,97.84000000000002,min_sum,0.012751826999988225,2548,,0.4187935034802785,0.0,20,choice
69.2,19.0,31.0,95.0,20.0,0.8391445839144583,0.2315789473684211,0.09328448540206603,19.78073898962409,2.8181818181818183,True,69.2,min_max,0.01223544899994522,2548,,0.003480278422273707,0.18837742485433348,20,choice
69.2,19.0,31.0,95.0,20.0,0.8391445839144583,0.2315789473684211,0.09328448540206603,19.78073898962409,2.8181818181818183,True,69.2,min_range,0.012287486999980501,2548,,0.003480278422273707,0.18837742485433348,20,choice
68.96000000000001,20.2,36.0,101.0,22.0,0.8554297693920335,0.20198019801980194,0.07547262095596556,20.97985976714171,2.5714285714285716,True,68.96000000000001,random,0.004471958000067389,700,,0.0,0.26041760810649606,20,choice
68.96000000000001,20.2,36.0,101.0,22.0,0.8554297693920335,0.20198019801980194,0.07547262095596556,20.97985976714171,2.5714285714285716,True,68.96000000000001,exhaustive,0.012503090999985034,2548,,0.0,0.26041760810649606,20,choice
97.84000000000002,15.4,35.0,77.0,26.0,0.7079402985074627,0.2857142857142858,0.16985306381539614,16.64516556433974,3.888888888888889,True,97.84000000000002,exhaustive_ede,0.0131723869999405,2548,,0.4187935034802785,0.0,20,choice
6.959999999999999,21.2,24.0,106.0,6.0,0.9847502191060473,0.0641509433962264,0.007880036674424879,21.280205439660413,1.3333333333333333,True,6.959999999999999,ours,0.011159305999967728,1204,182.0,0.0,0.10230144817117535,21,choice
39.760000000000005,18.8,31.0,94.0,17.0,0.8988809766022381,0.16170212765957448,0.050595545689132694,19.305250369548485,2.2142857142857144,True,39.760000000000005,ours_ede,0.011039341000014247,1183,179.0,4.712643678160921,0.0,21,choice
71.44,19.6,35.0,98.0,23.0,0.8431957857769974,0.22448979591836737,0.08533530239929274,20.41126746966448,2.9166666666666665,True,71.44,centroid,5.521000048247515e-06,7,,9.264367816091957,0.05729100006185845,21,choice
49.040000000000006,20.6,34.0,103.0,19.0,0.8964089564850021,0.16699029126213594,0.05216551110219948,21.165990863604875,2.2666666666666666,True,49.040000000000006,weighted_centroid,1.1300999972263526e-05,7,,6.045977011494254,0.09638520394386937,21,choice
122.16,21.2,39.0,106.0,31.0,0.7862841147655704,0.290566037735849,0.13690030118191637,22.359390798821504,4.875,True,122.16,geometric_median,0.00010223199990377907,7,,16.551724137931036,0.15820258068709264,21,choice
39.760000000000005,18.8,31.0,94.0,17.0,0.8988809766022381,0.16170212765957448,0.050595545689132694,19.305250369548485,2.2142857142857144,True,39.760000000000005,min_sum,0.018817767999962598,3605,,4.712643678160921,0.0,21,choice
6.959999999999999,21.2,24.0,106.0,6.0,0.9847502191060473,0.0641509433962264,0.007880036674424879,21.280205439660413,1.3333333333333333,True,6.959999999999999,min_max,0.019765335000101913,3605,,0.0,0.10230144817117535,21,choice
6.959999999999999,21.2,24.0,106.0,6.0,0.9847502191060473,0.0641509433962264,0.007880036674424879,21.280205439660413,1.3333333333333333,True,6.959999999999999,min_range,0.01817993099996329,3605,,0.0,0.10230144817117535,21,choice
11.36,20.8,25.0,104.0,8.0,0.9744144144144145,0.08846153846153859,0.013214440601948263,20.932874651074005,1.4705882352941178,True,11.36,random,0.005265695000048254,700,,0.6321839080459771,0.08430992866546218,21,choice
6.959999999999999,21.2,24.0,106.0,6.0,0.9847502191060473,0.0641509433962264,0.007880036674424879,21.280205439660413,1.3333333333333333,True,6.959999999999999,exhaustive,0.08091511699990406,3605,,0.0,0.10230144817117535,21,choice
39.760000000000005,18.8,31.0,94.0,17.0,0.8988809766022381,0.16170212765957448,0.050595545689132694,19.305250369548485,2.2142857142857144,True,39.760000000000005,exhaustive_ede,0.028008311999997204,3605,,4.712643678160921,0.0,21,choice
30.8,18.0,26.0,90.0,16.0,0.9131905298759865,0.17333333333333334,0.04879129496906605,18.390635261850626,2.6,True,30.8,ours,0.012302014999931998,1386,208.0,0.0,0.1646145107358146,22,choice
204.95999999999998,13.8,42.0,69.0,40.0,0.48163884673748103,0.4695652173913043,0.43930972945893815,15.791178190138853,21.0,True,204.95999999999998,ours_ede,0.013436854000019594,1512,226.0,5.654545454545453,0.0,22,choice
176.95999999999998,15.2,41.0,76.0,38.0,0.5662745098039216,0.42105263157894735,0.32735595864576095,17.017767593114446,13.666666666666666,True,176.95999999999998,centroid,4.949000071974297e-06,7,,4.745454545454544,0.07767561028103423,22,choice
125.04,15.4,37.0,77.0,32.0,0.6547763666482607,0.35324675324675336,0.22667994350694842,16.85762086967343,7.4,True,125.04,weighted_centroid,1.1642000004030706e-05,7,,3.05974025974026,0.06753407926208697,22,choice
215.76,14.8,43.0,74.0,42.0,0.503771849126035,0.4864864864864866,0.43982514701795994,16.816402713488596,43.0,True,215.76,geometric_median,1.7874000036499638e-05,7,,6.0051948051948045,0.0649238778136243,22,choice
204.95999999999998,13.8,42.0,69.0,40.0,0.48163884673748103,0.4695652173913043,0.43930972945893815,15.791178190138853,21.0,True,204.95999999999998,min_sum,0.0239652230000047,4865,,5.654545454545453,0.0,22,choice
39.36,17.2,25.0,86.0,16.0,0.8825775656324583,0.19999999999999996,0.0677104232691371,17.706476709102056,2.7777777777777777,True,39.36,min_max,0.02335226299999249,4865,,0.27792207792207785,0.1212891461233243,22,choice
39.36,17.2,25.0,86.0,16.0,0.8825775656324583,0.19999999999999996,0.0677104232691371,17.706476709102056,2.7777777777777777,True,39.36,min_range,0.023495572999991055,4865,,0.27792207792207785,0.1212891461233243,22,choice
34.160000000000004,21.8,32.0,109.0,17.0,0.9329407145661562,0.143119266055046,0.03447787463431292,22.17595188347271,2.1333333333333333,True,34.160000000000004,random,0.005647353000085786,700,,0.10909090909090918,0.4043253528302891,22,choice
30.8,18.0,26.0,90.0,16.0,0.9131905298759865,0.17333333333333334,0.04879129496906605,18.390635261850626,2.6,True,30.8,exhaustive,0.024159436999980244,4865,,0.0,0.1646145107358146,22,choice
204.95999999999998,13.8,42.0,69.0,40.0,0.48163884673748103,0.4695652173913043,0.43930972945893815,15.791178190138853,21.0,True,204.95999999999998,exhaustive_ede,0.02509284900008879,4865,,5.654545454545453,0.0,22,choice
49.440000000000005,28.4,38.0,142.0,21.0,0.9422429906542056,0.13521126760563384,0.03215199012288158,28.805049157483403,2.235294117647059,True,49.440000000000005,ours,0.00947033400007058,882,136.0,0.0,0.18153704765285356,23,choice
145.35999999999999,23.2,39.0,116.0,37.0,0.7873610298420128,0.27586206896551735,0.18379388029902693,24.379302548917273,19.5,True,145.35999999999999,ours_ede,0.009444937000012033,931,143.0,1.9401294498381874,0.0,23,choice
186.16,25.2,47.0,126.0,43.0,0.7733073550901121,0.28253968253968265,0.17029490761230356,26.63176144645682,11.75,True,186.16,centroid,4.818999968847493e-06,7,,2.7653721682847894,0.09239226155137005,23,choice
114.96,23.8,31.0,119.0,28.0,0.831288523627825,0.21176470588235308,0.14554346908978738,24.72293168649289,10.333333333333334,True,114.96,weighted_centroid,1.1822000033134827e-05,7,,1.3252427184466014,0.014095117646869517,23,choice
147.44,22.6,36.0,113.0,36.0,0.7759951382558493,0.2761061946902654,0.23821401798815947,23.778269700809854,inf,True,147.44,geometric_median,0.00023275699993519083,7,,1.9822006472491907,-0.024653406179337638,23,choice
145.35999999999999,23.2,39.0,116.0,37.0,0.7873610298420128,0.27586206896551735,0.18379388029902693,24.379302548917273,19.5,True,145.35999999999999,min_sum,0.00837284500005353,1694,,1.9401294498381874,0.0,23,choice
95.36000000000001,24.8,33.0,124.0,27.0,0.8657657657657658,0.19354838709677424,0.10135299500740606,25.573772493658524,5.5,True,95.36000000000001,min_max,0.008266505999927176,1694,,0.9288025889967638,0.04899524678134399,23,choice
71.76,28.8,41.0,144.0,21.0,0.9203728362183755,0.1611111111111112,0.042958104827357416,29.37888535598244,2.05,True,71.76,min_range,0.008165596000026198,1694,,0.4514563106796116,0.20507489076168042,23,choice
57.04,28.4,35.0,142.0,21.0,0.933950903195924,0.13239436619718314,0.04075176659082495,28.845903116604237,2.5,True,57.04,random,0.004219194000029347,700,,0.1537216828478963,0.18321281171701662,23,choice
49.440000000000005,28.4,38.0,142.0,21.0,0.9422429906542056,0.13521126760563384,0.03215199012288158,28.805049157483403,2.235294117647059,True,49.440000000000005,exhaustive,0.008373757000072146,1694,,0.0,0.18153704765285356,23,choice
145.35999999999999,23.2,39.0,116.0,37.0,0.7873610298420128,0.27586206896551735,0.18379388029902693,24.379302548917273,19.5,True,145.35999999999999,exhaustive_ede,0.008752157000003535,1694,,1.9401294498381874,0.0,23,choice
1.04,13.6,15.0,68.0,3.0,0.9944086021505376,0.04117647058823537,0.0028357909376462973,13.618944327069153,1.25,True,1.04,ours,0.011733259000038743,1267,191.0,0.0,0.33631911127205394,24,choice
8.0,10.0,15.0,50.0,8.0,0.9259259259259259,0.15200000000000014,0.03800541880929598,10.191386332943454,2.142857142857143,True,8.0,ours_ede,0.011278365999942253,1225,185.0,6.692307692307692,0.0,24,choice
20.240000000000002,12.4,18.0,62.0,12.0,0.8836781609195402,0.19999999999999996,0.06850633766606525,12.759224074695963,3.0,True,20.240000000000002,centroid,4.4779999370803125e-06,7,,18.461538461538463,0.25196157400608243,24,choice
9.04,17.4,21.0,87.0,7.0,0.9710070558050032,0.09195402298850586,0.014781719887183863,17.526958210321755,1.5,True,9.04,weighted_centroid,1.1672000027829199e-05,7,,7.692307692307692,0.7197815525515122,24,choice
17.36,12.8,20.0,64.0,13.0,0.9041942604856512,0.16874999999999996,0.052400419017850364,13.113638545916524,2.857142857142857,True,17.36,geometric_median,5.2799000059167156e-05,7,,15.692307692307692,0.2867374582324436,24,choice
8.0,10.0,15.0,50.0,8.0,0.9259259259259259,0.15200000000000014,0.03800541880929598,10.191386332943454,2.142857142857143,True,8.0,min_sum,0.017198651999933645,3535,,6.692307692307692,0.0,24,choice
5.84,10.6,14.0,53.0,6.0,0.9505922165820643,0.12075471698113205,0.025499187317907533,10.732541880614082,1.75,True,5.84,min_max,0.017018323000002056,3535,,4.615384615384615,0.05309930660967627,24,choice
1.04,13.6,15.0,68.0,3.0,0.9944086021505376,0.04117647058823537,0.0028357909376462973,13.618944327069153,1.25,True,1.04,min_range,0.017120434999924328,3535,,0.0,0.33631911127205394,24,choice
4.24,11.4,15.0,57.0,6.0,0.9684053651266766,0.0982456140350878,0.015813889173895125,11.491817803061938,1.6666666666666667,True,4.24,random,0.004946907999965333,700,,3.076923076923077,0.12760103754627233,24,choice
1.04,13.6,15.0,68.0,3.0,0.9944086021505376,0.04117647058823537,0.0028357909376462973,13.618944327069153,1.25,True,1.04,exhaustive,0.017574827999965237,3535,,0.0,0.33631911127205394,24,choice
8.0,10.0,15.0,50.0,8.0,0.9259259259259259,0.15200000000000014,0.03800541880929598,10.191386332943454,2.142857142857143,True,8.0,exhaustive_ede,0.018144127000027765,3535,,6.692307692307692,0.0,24,choice
181.84,53.6,67.0,268.0,35.0,0.9404740081183711,0.13582089552238807,0.03381714295955679,54.37902104554105,2.09375,True,181.84,ours,0.0128953299999921,1477,221.0,0.0,0.14912341183726113,25,choice
830.8,44.0,85.0,220.0,75.0,0.6997253144426775,0.3654545454545455,0.2326701695115118,47.32217661338729,8.5,True,830.8,ours_ede,0.012846328000023277,1491,223.0,3.5688517377914644,0.0,25,choice
649.0400000000002,54.4,84.0,272.0,77.0,0.8201308058973507,0.23382352941176476,0.1507996996615819,56.69505688611061,12.0,True,649.0400000000002,centroid,5.259999966256146e-06,7,,2.569291684997801,0.1980652823579498,25,choice
636.24,46.6,81.0,233.0,74.0,0.773402664007408,0.3038626609442061,0.1768678996196854,49.18685183108695,11.571428571428571,True,636.24,weighted_centroid,1.1672000027829199e-05,7,,2.4989001319841617,0.03940383454746131,25,choice
707.6,57.0,84.0,285.0,77.0,0.8211595814588283,0.2371929824561403,0.15220772847542718,59.37465737400298,12.0,True,707.6,geometric_median,3.8382999946406926e-05,7,,2.8913330400351955,0.25468990699819327,25,choice
1191.3600000000001,43.8,94.0,219.0,90.0,0.6169014084507042,0.4383561643835616,0.34802686806192934,48.05052755536359,23.5,True,1191.3600000000001,min_sum,0.026093939000020328,5369,,5.551693796744391,0.0153913237746179,25,choice
181.84,53.6,67.0,268.0,35.0,0.9404740081183711,0.13582089552238807,0.03381714295955679,54.37902104554105,2.09375,True,181.84,min_max,0.025670515000001615,5369,,0.0,0.14912341183726113,25,choice
181.84,53.6,67.0,268.0,35.0,0.9404740081183711,0.13582089552238807,0.03381714295955679,54.37902104554105,2.09375,True,181.84,min_range,0.025739073000067947,5369,,0.0,0.14912341183726113,25,choice
181.84,53.6,67.0,268.0,35.0,0.9404740081183711,0.13582089552238807,0.03381714295955679,54.37902104554105,2.09375,True,181.84,random,0.005794519000005494,700,,0.0,0.14912341183726113,25,choice
181.84,53.6,67.0,268.0,35.0,0.9404740081183711,0.13582089552238807,0.03381714295955679,54.37902104554105,2.09375,True,181.84,exhaustive,0.026085123000029853,5369,,0.0,0.14912341183726113,25,choice
830.8,44.0,85.0,220.0,75.0,0.6997253144426775,0.3654545454545455,0.2326701695115118,47.32217661338729,8.5,True,830.8,exhaustive_ede,0.02693462600007024,5369,,3.5688517377914644,0.0,25,choice
52.56,20.8,34.0,104.0,21.0,0.8916735366859028,0.18461538461538463,0.05686714423341309,21.388742978743373,2.6153846153846154,True,52.56,ours,0.01063095400002112,1099,167.0,0.0,0.23591851832777125,26,choice
74.64000000000001,16.4,29.0,82.0,23.0,0.7827706635622818,0.2878048780487805,0.14017178238405287,17.30594910713279,4.833333333333333,True,74.64000000000001,ours_ede,0.011667388000091705,1232,186.0,0.42009132420091344,0.0,26,choice
146.95999999999998,17.8,40.0,89.0,34.0,0.683139284174213,0.35056179775280905,0.21062628622647522,19.3116583779645,6.666666666666667,True,146.95999999999998,centroid,4.760000024361943e-06,7,,1.7960426179604256,0.11589709749030978,26,choice
124.8,17.0,38.0,85.0,32.0,0.6984050265828903,0.33411764705882363,0.19268371859484318,18.385136130485225,6.333333333333333,True,124.8,weighted_centroid,1.1621999988165044e-05,7,,1.374429223744292,0.062359308736649396,26,choice
297.04,17.4,51.0,87.0,46.0,0.5047682560853618,0.46896551724137936,0.4016596144501136,19.787492004733515,10.2,True,297.04,geometric_median,0.0001356750000240936,7,,4.651445966514459,0.14339247632352836,26,choice
338.8,15.0,51.0,75.0,49.0,0.39907768712309327,0.5760000000000001,0.6159516250102318,17.49667884355894,25.5,True,338.8,min_sum,0.017905191000068044,3668,,5.445966514459665,0.011021050347798532,26,choice
57.35999999999999,17.2,26.0,86.0,19.0,0.837599093997735,0.23720930232558146,0.10082939853080031,17.89898907515486,3.7142857142857144,True,57.35999999999999,min_max,0.017822424999963005,3668,,0.09132420091324181,0.034267982897143875,26,choice
57.35999999999999,17.2,26.0,86.0,19.0,0.837599093997735,0.23720930232558146,0.10082939853080031,17.89898907515486,3.7142857142857144,True,57.35999999999999,min_range,0.01781275700000151,3668,,0.09132420091324181,0.034267982897143875,26,choice
78.8,18.0,32.0,90.0,25.0,0.8043694141012909,0.2711111111111111,0.12173219902542123,18.900488229423335,4.571428571428571,True,78.8,random,0.004958983000051376,700,,0.4992389649923895,0.09213820706506888,26,choice
52.56,20.8,34.0,104.0,21.0,0.8916735366859028,0.18461538461538463,0.05686714423341309,21.388742978743373,2.6153846153846154,True,52.56,exhaustive,0.018415117000017744,3668,,0.0,0.23591851832777125,26,choice
74.64000000000001,16.4,29.0,82.0,23.0,0.7827706635622818,0.2878048780487805,0.14017178238405287,17.30594910713279,4.833333333333333,True,74.64000000000001,exhaustive_ede,0.019051450999995723,3668,,0.42009132420091344,0.0,26,choice
15.439999999999998,27.4,31.0,137.0,11.0,0.9798486034977812,0.07299270072992714,0.01094125457465176,27.53443414592501,1.55,True,15.439999999999998,ours,0.012606009000023732,1386,208.0,0.0,0.043050937036556845,27,choice
65.76,25.8,40.0,129.0,24.0,0.9100902378999179,0.1705426356589148,0.0475060284277944,26.397976520834078,2.5,True,65.76,ours_ede,0.01220656999998937,1372,206.0,3.2590673575129543,0.0,27,choice
492.0,32.0,69.0,160.0,66.0,0.6754617414248021,0.37749999999999995,0.2658745751297756,34.67054203149329,23.0,True,492.0,centroid,4.979999971510551e-06,7,,30.865284974093267,0.31337877371510864,27,choice
91.2,30.0,43.0,150.0,24.0,0.9079903147699758,0.17599999999999993,0.050746266705440336,30.69460610179444,2.263157894736842,True,91.2,weighted_centroid,1.2113000025237852e-05,7,,4.906735751295338,0.16276359582217728,27,choice
525.2,31.0,69.0,155.0,69.0,0.6466155295384202,0.40258064516129033,0.3379574126454701,33.808445671930166,inf,True,525.2,geometric_median,1.9908000012947014e-05,7,,33.01554404145079,0.2807211054698652,27,choice
105.84,25.6,45.0,128.0,29.0,0.8609563846558066,0.203125,0.07329132654329232,26.545085670502075,2.8125,True,105.84,min_sum,0.024451501000044118,4991,,5.854922279792747,0.005572743409022071,27,choice
15.439999999999998,27.4,31.0,137.0,11.0,0.9798486034977812,0.07299270072992714,0.01094125457465176,27.53443414592501,1.55,True,15.439999999999998,min_max,0.02421796299995549,4991,,0.0,0.043050937036556845,27,choice
20.240000000000002,31.4,37.0,157.0,11.0,0.9798847147684357,0.0789808917197452,0.010277159709812805,31.558039620924447,1.4230769230769231,True,20.240000000000002,min_range,0.024090303999969365,4991,,0.31088082901554437,0.19547191793347843,27,choice
21.36,30.8,38.0,154.0,14.0,0.977979381443299,0.08311688311688314,0.01127632330501414,30.970022056014926,1.5833333333333333,True,21.36,random,0.005594034999944597,700,,0.3834196891191711,0.17319681800506384,27,choice
15.439999999999998,27.4,31.0,137.0,11.0,0.9798486034977812,0.07299270072992714,0.01094125457465176,27.53443414592501,1.55,True,15.439999999999998,exhaustive,0.02454131900003631,4991,,0.0,0.043050937036556845,27,choice
65.76,25.8,40.0,129.0,24.0,0.9100902378999179,0.1705426356589148,0.0475060284277944,26.397976520834078,2.5,True,65.76,exhaustive_ede,0.025308009000013953,4991,,3.2590673575129543,0.0,27,choice
47.6,24.0,33.0,120.0,20.0,0.9236690186016677,0.16000000000000014,0.04407927731820345,24.44996897705064,2.5384615384615383,True,47.6,ours,0.011601003999999193,1274,192.0,0.0,0.09056004977822593,28,choice
127.35999999999999,21.2,41.0,106.0,34.0,0.7791955617198336,0.2867924528301886,0.1396742073054977,22.419644825631323,5.857142857142857,True,127.35999999999999,ours_ede,0.012696709000010742,1407,211.0,1.6756302521008402,0.0,28,choice
375.04,24.6,56.0,123.0,51.0,0.6173842073046317,0.4227642276422765,0.3067479624071755,27.049225933051616,11.2,True,375.04,centroid,4.859999990003416e-06,7,,6.878991596638655,0.2064966302288389,28,choice
287.76,23.8,51.0,119.0,45.0,0.6631233903067197,0.3798319327731092,0.2502222274127294,25.87973815661736,8.5,True,287.76,weighted_centroid,1.1592000078053388e-05,7,,5.045378151260504,0.15433310196913894,28,choice
489.03999999999996,21.4,62.0,107.0,62.0,0.48359028511087643,0.5308411214953273,0.5293190746727972,24.378579484428457,inf,True,489.03999999999996,geometric_median,6.332899999961228e-05,7,,9.273949579831932,0.08737581143826043,28,choice
127.35999999999999,21.2,41.0,106.0,34.0,0.7791955617198336,0.2867924528301886,0.1396742073054977,22.419644825631323,5.857142857142857,True,127.35999999999999,min_sum,0.020477626999991116,4193,,1.6756302521008402,0.0,28,choice
61.6,24.0,31.0,120.0,20.0,0.903387703889586,0.17333333333333334,0.05969718271813129,24.559986218518727,2.8181818181818183,True,61.6,min_max,0.020372870000073817,4193,,0.29411764705882354,0.09546723016951866,28,choice
51.760000000000005,25.8,33.0,129.0,19.0,0.9278505715082241,0.14883720930232558,0.04230805167013017,26.25206899306695,2.357142857142857,True,51.760000000000005,min_range,0.02044469499992374,4193,,0.08739495798319336,0.17094044964772126,28,choice
51.760000000000005,25.8,33.0,129.0,19.0,0.9278505715082241,0.14883720930232558,0.04230805167013017,26.25206899306695,2.357142857142857,True,51.760000000000005,random,0.005204002999903423,700,,0.08739495798319336,0.17094044964772126,28,choice
47.6,24.0,33.0,120.0,20.0,0.9236690186016677,0.16000000000000014,0.04407927731820345,24.44996897705064,2.5384615384615383,True,47.6,exhaustive,0.020901601999980812,4193,,0.0,0.09056004977822593,28,choice
127.35999999999999,21.2,41.0,106.0,34.0,0.7791955617198336,0.2867924528301886,0.1396742073054977,22.419644825631323,5.857142857142857,True,127.35999999999999,exhaustive_ede,0.021917187999974885,4193,,1.6756302521008402,0.0,28,choice
1680.64,63.4,118.0,317.0,99.0,0.7051612224132486,0.3507886435331231,0.2156396993742558,68.13641671630447,6.2105263157894735,True,1680.64,ours,0.01059395400000085,1533,222.0,0.0,0.010423682359613556,29,choice
1728.64,62.6,116.0,313.0,100.0,0.6939051598965896,0.3616613418530352,0.23270759477368114,67.43351121500581,7.25,True,1728.64,ours_ede,0.009791608999989876,1533,222.0,0.028560548362528557,0.0,29,choice
540.6875,37.25,69.0,149.0,55.0,0.7195967846492934,0.33389261744966436,0.20156094953059472,39.888534490384025,4.928571428571429,False,inf,centroid,4.658999955609033e-06,7,,-0.678284760567403,-0.40847608597448015,29,choice
828.1875,39.75,84.0,159.0,74.0,0.6561040174400499,0.39150943396226423,0.26252416440556814,43.291334826229516,8.4,False,inf,weighted_centroid,1.2122999919483846e-05,7,,-0.5072189761043412,-0.3580145235475147,29,choice
402.5,28.0,54.0,112.0,47.0,0.6607669616519174,0.3839285714285714,0.27769562574153794,30.381719927891947,7.714285714285714,False,inf,geometric_median,0.00010114999997767882,7,,-0.7605079017517137,-0.5494566517377019,29,choice
1728.64,62.6,116.0,313.0,100.0,0.6939051598965896,0.3616613418530352,0.23270759477368114,67.43351121500581,7.25,True,1728.64,min_sum,0.04253544499999862,8701,,0.028560548362528557,0.0,29,choice
1702.8,65.0,113.0,325.0,96.0,0.71274334491717,0.3433846153846154,0.21541112563565984,69.68328212899767,6.647058823529412,True,1702.8,min_max,0.04085857899997336,8701,,0.013185453160700598,0.03336280246209738,29,choice
1702.8,65.0,113.0,325.0,96.0,0.71274334491717,0.3433846153846154,0.21541112563565984,69.68328212899767,6.647058823529412,True,1702.8,min_range,0.04115481400003773,8701,,0.013185453160700598,0.03336280246209738,29,choice
1704.2400000000002,63.6,118.0,318.0,102.0,0.7035691922354415,0.35723270440251587,0.22425783828757365,68.34480027763254,7.375,True,1704.2400000000002,random,0.0068077310000944635,700,,0.014042269611576622,0.013513890144637003,29,choice
1680.64,63.4,118.0,317.0,99.0,0.7051612224132486,0.3507886435331231,0.2156396993742558,68.13641671630447,6.2105263157894735,True,1680.64,exhaustive,0.041189129000031244,8701,,0.0,0.010423682359613556,29,choice
1728.64,62.6,116.0,313.0,100.0,0.6939051598965896,0.3616613418530352,0.23270759477368114,67.43351121500581,7.25,True,1728.64,exhaustive_ede,0.0411065939999844,8701,,0.028560548362528557,0.0,29,choice
1113.0399999999997,56.4,110.0,282.0,83.0,0.7407918025151374,0.31063829787234054,0.1671734841097311,60.193705397271735,4.074074074074074,True,1113.0399999999997,ours,0.013889906999906998,1575,235.0,0.0,0.09054199395035625,30,choice
1321.8400000000001,50.6,116.0,253.0,97.0,0.6595126474679306,0.374703557312253,0.23703703302822654,55.19613708705277,6.105263157894737,True,1321.8400000000001,ours_ede,0.013479557000096065,1631,243.0,0.18759433623230115,0.0,30,choice
737.1875,23.25,69.0,93.0,68.0,0.42305810995891213,0.5833333333333333,0.6410844380904235,26.85465591771377,69.0,False,inf,centroid,5.3099998922334635e-06,7,,-0.3376810357219865,-0.5134685625669807,30,choice
1907.44,53.4,115.0,267.0,104.0,0.5991931077957554,0.43745318352059925,0.34962407976163357,58.865879690661316,10.454545454545455,True,1907.44,weighted_centroid,1.2623999964489485e-05,7,,0.7137209803780641,0.06648549694375896,30,choice
737.1875,23.25,69.0,93.0,68.0,0.42305810995891213,0.5833333333333333,0.6410844380904235,26.85465591771377,69.0,False,inf,geometric_median,5.7256999980381806e-05,7,,-0.3376810357219865,-0.5134685625669807,30,choice
1321.8400000000001,50.6,116.0,253.0,97.0,0.6595126474679306,0.374703557312253,0.23703703302822654,55.19613708705277,6.105263157894737,True,1321.8400000000001,min_sum,0.030769863000045916,6307,,0.18759433623230115,0.0,30,choice
1490.2400000000002,53.6,102.0,268.0,85.0,0.6584525119178585,0.3731343283582089,0.2618340024847273,58.26758727372063,6.0,True,1490.2400000000002,min_max,0.030445593999957055,6307,,0.33889168403651315,0.05564610765828979,30,choice
1113.0399999999997,56.4,110.0,282.0,83.0,0.7407918025151374,0.31063829787234054,0.1671734841097311,60.193705397271735,4.074074074074074,True,1113.0399999999997,min_range,0.030029442999989442,6307,,0.0,0.09054199395035625,30,choice
1353.0400000000002,51.4,112.0,257.0,95.0,0.6613166458072591,0.3828793774319066,0.2482556306141391,55.93860179686251,6.588235294117647,True,1353.0400000000002,random,0.006112105999932282,700,,0.21562567383023118,0.01345138897381093,30,choice
1113.0399999999997,56.4,110.0,282.0,83.0,0.7407918025151374,0.31063829787234054,0.1671734841097311,60.193705397271735,4.074074074074074,True,1113.0399999999997,exhaustive,0.030073715999947126,6307,,0.0,0.09054199395035625,30,choice
1321.8400000000001,50.6,116.0,253.0,97.0,0.6595126474679306,0.374703557312253,0.23703703302822654,55.19613708705277,6.105263157894737,True,1321.8400000000001,exhaustive_ede,0.030692426999962663,6307,,0.18759433623230115,0.0,30,choice
43.84000000000001,19.6,31.0,98.0,18.0,0.8975700934579439,0.17959183673469403,0.05402639830209577,20.119877690083005,2.3846153846153846,True,43.84000000000001,ours,0.009103557999992518,819,127.0,0.0,0.10769746170523366,31,choice
62.24000000000001,17.4,30.0,87.0,20.0,0.8294794520547946,0.2436781609195402,0.09928603390284593,18.16369395584753,3.0,True,62.24000000000001,ours_ede,0.009548783000013827,889,137.0,0.41970802919708017,0.0,31,choice
146.8,21.0,43.0,105.0,33.0,0.7502551888397414,0.3009523809523811,0.1539919851835952,22.39205312682018,4.3,True,146.8,centroid,4.899000032310141e-06,7,,2.348540145985401,0.23279180882759762,31,choice
112.8,20.0,40.0,100.0,29.0,0.7800312012480499,0.264,0.1262432801904724,21.18054663013192,3.6363636363636362,True,112.8,weighted_centroid,1.1772999982895271e-05,7,,1.5729927007299263,0.16609246343930825,31,choice
347.75999999999993,21.2,54.0,106.0,52.0,0.5637732062217762,0.4679245283018869,0.3803093177435467,23.653272046635976,27.0,True,347.75999999999993,geometric_median,2.137000001312117e-05,7,,6.932481751824813,0.3022280657300525,31,choice
116.56000000000002,17.2,35.0,86.0,33.0,0.7173617846750727,0.3395348837209302,0.2208121619325519,18.441825805297626,17.5,True,116.56000000000002,min_sum,0.007112943000038285,1414,,1.6587591240875907,0.015312515731997014,31,choice
52.56,17.8,28.0,89.0,17.0,0.857715213860314,0.21573033707865163,0.08118491936250541,18.444815269985156,2.5454545454545454,True,52.56,min_max,0.0070237259999430535,1414,,0.19890510948905085,0.015477100353098724,31,choice
58.56,18.2,29.0,91.0,17.0,0.8497691123653155,0.21098901098901113,0.08559739987916566,18.898720075454797,2.4166666666666665,True,58.56,min_range,0.007052770999962377,1414,,0.335766423357664,0.04046677517216343,31,choice
52.64000000000001,20.4,34.0,102.0,21.0,0.8877133105802048,0.18039215686274512,0.05804180869936557,21.00412745107482,2.6153846153846154,True,52.64000000000001,random,0.004222131000005902,700,,0.20072992700729916,0.15637972662013788,31,choice
43.84000000000001,19.6,31.0,98.0,18.0,0.8975700934579439,0.17959183673469403,0.05402639830209577,20.119877690083005,2.3846153846153846,True,43.84000000000001,exhaustive,0.007203192999895691,1414,,0.0,0.10769746170523366,31,choice
62.24000000000001,17.4,30.0,87.0,20.0,0.8294794520547946,0.2436781609195402,0.09928603390284593,18.16369395584753,3.0,True,62.24000000000001,exhaustive_ede,0.0075106689999984155,1414,,0.41970802919708017,0.0,31,choice
0.8,8.0,9.0,40.0,2.0,0.9876543209876543,0.06000000000000005,0.006266378626789632,8.024680389737657,1.2857142857142858,True,0.8,ours,0.010172814000043218,896,138.0,0.0,0.34363472761315583,32,choice
11.84,5.6,9.0,28.0,8.0,0.725925925925926,0.3285714285714285,0.22572296642171907,5.972367507940769,9.0,True,11.84,ours_ede,0.009110251999913999,840,130.0,13.799999999999999,0.0,32,choice
15.36,6.8,11.0,34.0,10.0,0.7506493506493507,0.3176470588235294,0.1983786963306128,7.214608030768458,11.0,True,15.36,centroid,4.779000050803006e-06,7,,18.199999999999996,0.20799800433848475,32,choice
15.36,6.8,11.0,34.0,10.0,0.7506493506493507,0.3176470588235294,0.1983786963306128,7.214608030768458,11.0,True,15.36,weighted_centroid,1.1951999908887956e-05,7,,18.199999999999996,0.20799800433848475,32,choice
15.36,5.8,10.0,29.0,10.0,0.686530612244898,0.37241379310344835,0.3144902045598187,6.243673699886326,inf,True,15.36,geometric_median,2.840299998752016e-05,7,,18.199999999999996,0.045426908438710896,32,choice
12.639999999999999,5.6,9.0,28.0,9.0,0.7127272727272728,0.34285714285714297,0.2939209130247348,5.985002922608161,inf,True,12.639999999999999,min_sum,0.007203516000004129,1442,,14.799999999999997,0.0021156458725275227,32,choice
12.639999999999999,5.6,9.0,28.0,9.0,0.7127272727272728,0.34285714285714297,0.2939209130247348,5.985002922608161,inf,True,12.639999999999999,min_max,0.007109269000011409,1442,,14.799999999999997,0.0021156458725275227,32,choice
0.8,8.0,9.0,40.0,2.0,0.9876543209876543,0.06000000000000005,0.006266378626789632,8.024680389737657,1.2857142857142858,True,0.8,min_range,0.0070939920000228085,1442,,0.0,0.34363472761315583,32,choice
0.8,8.0,9.0,40.0,2.0,0.9876543209876543,0.06000000000000005,0.006266378626789632,8.024680389737657,1.2857142857142858,True,0.8,random,0.004157364999969104,700,,0.0,0.34363472761315583,32,choice
0.8,8.0,9.0,40.0,2.0,0.9876543209876543,0.06000000000000005,0.006266378626789632,8.024680389737657,1.2857142857142858,True,0.8,exhaustive,0.007263649000037731,1442,,0.0,0.34363472761315583,32,choice
11.84,5.6,9.0,28.0,8.0,0.725925925925926,0.3285714285714285,0.22572296642171907,5.972367507940769,9.0,True,11.84,exhaustive_ede,0.007651006000060079,1442,,13.799999999999999,0.0,32,choice
23.439999999999998,23.4,28.0,117.0,13.0,0.9589492119089317,0.10940170940170946,0.022952489297080724,23.633754704880346,1.8666666666666667,True,23.439999999999998,ours,0.014004702999955043,1617,241.0,0.0,0.6249134514975232,33,choice
53.36,13.8,23.0,69.0,19.0,0.7811320754716982,0.29565217391304355,0.1553069722114811,14.544623704788359,5.75,True,53.36,ours_ede,0.013410417000045527,1561,233.0,1.2764505119453926,0.0,33,choice
74.8,20.0,29.0,100.0,24.0,0.8424599831508003,0.23199999999999998,0.11470762749124877,20.7501907533771,5.8,True,74.8,centroid,4.959000079907128e-06,7,,2.1911262798634814,0.4266571053705401,33,choice
50.239999999999995,18.6,26.0,93.0,19.0,0.8731953558808683,0.2064516129032259,0.08280518862270445,19.168769393046798,3.7142857142857144,True,50.239999999999995,weighted_centroid,1.19229999882009e-05,7,,1.1433447098976108,0.3179281762192366,33,choice
85.2,16.0,27.0,80.0,27.0,0.7502930832356389,0.31499999999999995,0.25693081082435343,16.94947552227691,inf,True,85.2,geometric_median,7.459999994807731e-05,7,,2.6348122866894204,0.16534300689380013,33,choice
53.36,13.8,23.0,69.0,19.0,0.7811320754716982,0.29565217391304355,0.1553069722114811,14.544623704788359,5.75,True,53.36,min_sum,0.030528288999903452,6104,,1.2764505119453926,0.0,33,choice
36.64,14.4,21.0,72.0,16.0,0.8498360655737704,0.22777777777777786,0.09777670162652066,14.930945992480195,4.2,True,36.64,min_max,0.029489619999935712,6104,,0.5631399317406145,0.026561174460955767,33,choice
23.439999999999998,23.4,28.0,117.0,13.0,0.9589492119089317,0.10940170940170946,0.022952489297080724,23.633754704880346,1.8666666666666667,True,23.439999999999998,min_range,0.030140200999994704,6104,,0.0,0.6249134514975232,33,choice
23.439999999999998,23.4,28.0,117.0,13.0,0.9589492119089317,0.10940170940170946,0.022952489297080724,23.633754704880346,1.8666666666666667,True,23.439999999999998,random,0.006094331999975111,700,,0.0,0.6249134514975232,33,choice
23.439999999999998,23.4,28.0,117.0,13.0,0.9589492119089317,0.10940170940170946,0.022952489297080724,23.633754704880346,1.8666666666666667,True,23.439999999999998,exhaustive,0.030188952000003155,6104,,0.0,0.6249134514975232,33,choice
53.36,13.8,23.0,69.0,19.0,0.7811320754716982,0.29565217391304355,0.1553069722114811,14.544623704788359,5.75,True,53.36,exhaustive_ede,0.03132796900001722,6104,,1.2764505119453926,0.0,33,choice
2.5599999999999996,28.8,31.0,144.0,4.0,0.9969230769230769,0.03055555555555567,0.0015433255160560836,28.822158797192436,1.1481481481481481,True,2.5599999999999996,ours,0.013873473999979069,1442,216.0,0.0,0.11514568793580508,34,choice
25.839999999999996,25.6,34.0,128.0,15.0,0.9620669406928949,0.109375,0.019376270551504326,25.846092675607085,1.7894736842105263,True,25.839999999999996,ours_ede,0.0133401440000398,1484,222.0,9.09375,0.0,34,choice
57.2,26.0,35.0,130.0,23.0,0.9219858156028369,0.1446153846153846,0.048419691990162494,26.486070198801794,2.9166666666666665,True,57.2,centroid,5.119999968883349e-06,7,,21.343750000000004,0.024761093726120707,34,choice
23.839999999999996,27.4,33.0,137.0,13.0,0.9692228246837077,0.09927007299270074,0.01630342530905084,27.608858665687713,1.65,True,23.839999999999996,weighted_centroid,1.1973000027865055e-05,7,,8.3125,0.06820241698445517,34,choice
178.64000000000001,25.6,39.0,128.0,39.0,0.7858033573141486,0.2562500000000001,0.23190576135167787,26.861263780263712,inf,True,178.64000000000001,geometric_median,4.0606999959891255e-05,7,,68.78125000000001,0.03927754641283635,34,choice
96.24,25.6,38.0,128.0,30.0,0.871953166577967,0.19999999999999996,0.08779051866495055,26.385210824787567,4.75,True,96.24,min_sum,0.022905817000037132,4648,,36.59375,0.02085878728157963,34,choice
13.36,26.8,30.0,134.0,9.0,0.9817386550027337,0.07164179104477619,0.009595762407663916,26.920713992303988,1.4285714285714286,True,13.36,min_max,0.02227492400004394,4648,,4.218750000000001,0.04157770887013431,34,choice
2.5599999999999996,28.8,31.0,144.0,4.0,0.9969230769230769,0.03055555555555567,0.0015433255160560836,28.822158797192436,1.1481481481481481,True,2.5599999999999996,min_range,0.02239811499998723,4648,,0.0,0.11514568793580508,34,choice
6.640000000000001,29.4,32.0,147.0,7.0,0.9923765786452353,0.04625850340136051,0.003917921166269001,29.455548341524405,1.28,True,6.640000000000001,random,0.005319499000052019,700,,1.5937500000000007,0.1396518890193347,34,choice
2.5599999999999996,28.8,31.0,144.0,4.0,0.9969230769230769,0.03055555555555567,0.0015433255160560836,28.822158797192436,1.1481481481481481,True,2.5599999999999996,exhaustive,0.02298812200001521,4648,,0.0,0.11514568793580508,34,choice
25.839999999999996,25.6,34.0,128.0,15.0,0.9620669406928949,0.109375,0.019376270551504326,25.846092675607085,1.7894736842105263,True,25.839999999999996,exhaustive_ede,0.023965165000049637,4648,,9.09375,0.0,34,choice
42.8,27.0,35.0,135.0,16.0,0.9445452189686447,0.1333333333333333,0.02996049725990223,27.37234873773604,1.8421052631578947,True,42.8,ours,0.01459493000004386,1617,241.0,0.0,0.0,35,choice
42.8,27.0,35.0,135.0,16.0,0.9445452189686447,0.1333333333333333,0.02996049725990223,27.37234873773604,1.8421052631578947,True,42.8,ours_ede,0.013359689000026265,1624,242.0,0.0,0.0,35,choice
150.22222222222223,20.666666666666668,38.0,62.0,26.0,0.7397998460354118,0.27956989247311825,0.1628655433732547,22.071271721854647,3.1666666666666665,False,inf,centroid,5.210000040278828e-06,7,,2.5098650051921085,-0.19366540543059893,35,choice
205.84,38.6,61.0,193.0,37.0,0.8786177615284821,0.20310880829015554,0.06749355621832298,39.79618326480869,2.5416666666666665,True,205.84,weighted_centroid,1.1611999980232213e-05,7,,3.809345794392524,0.45388266261363663,35,choice
1413.04,50.4,113.0,252.0,97.0,0.6425579277547303,0.39841269841269855,0.27055429979152434,55.106620444667335,7.0625,True,1413.04,geometric_median,5.1616999940051755e-05,7,,32.01495327102804,1.0132222109495594,35,choice
42.8,27.0,35.0,135.0,16.0,0.9445452189686447,0.1333333333333333,0.02996049725990223,27.37234873773604,1.8421052631578947,True,42.8,min_sum,0.03159870900003625,6482,,0.0,0.0,35,choice
42.8,27.0,35.0,135.0,16.0,0.9445452189686447,0.1333333333333333,0.02996049725990223,27.37234873773604,1.8421052631578947,True,42.8,min_max,0.03112701999998535,6482,,0.0,0.0,35,choice
42.8,27.0,35.0,135.0,16.0,0.9445452189686447,0.1333333333333333,0.02996049725990223,27.37234873773604,1.8421052631578947,True,42.8,min_range,0.03132420800000091,6482,,0.0,0.0,35,choice
91.43999999999998,32.4,48.0,162.0,24.0,0.9198738170347003,0.15555555555555567,0.041784367087230254,33.06604998061857,2.0,True,91.43999999999998,random,0.006204579000041122,700,,1.136448598130841,0.20800923214284084,35,choice
42.8,27.0,35.0,135.0,16.0,0.9445452189686447,0.1333333333333333,0.02996049725990223,27.37234873773604,1.8421052631578947,True,42.8,exhaustive,0.031428550999976324,6482,,0.0,0.0,35,choice
42.8,27.0,35.0,135.0,16.0,0.9445452189686447,0.1333333333333333,0.02996049725990223,27.37234873773604,1.8421052631578947,True,42.8,exhaustive_ede,0.03205655099998239,6482,,0.0,0.0,35,choice
1.3599999999999999,39.2,41.0,196.0,3.0,0.9991157347204161,0.01632653061224487,0.00044103502856068197,39.208681170703805,1.0789473684210527,True,1.3599999999999999,ours,0.009487797000019782,882,136.0,0.0,0.17242565645389302,36,choice
548.24,30.4,74.0,152.0,71.0,0.6276555283890247,0.3789473684210527,0.29116496594129193,33.44236025104909,24.666666666666668,True,548.24,ours_ede,0.009717777999981081,959,147.0,402.11764705882354,0.0,36,choice
535.2,36.0,81.0,180.0,61.0,0.7077326343381389,0.30222222222222217,0.1740007688229965,38.88803311671665,4.05,True,535.2,centroid,5.3099998922334635e-06,7,,392.52941176470597,0.1628375756013432,36,choice
124.16,34.8,56.0,174.0,30.0,0.9070101857399641,0.1563218390804597,0.046591458184848805,35.654888145938635,2.1538461538461537,True,124.16,weighted_centroid,1.1812000025201996e-05,7,,90.29411764705883,0.0661594420453664,36,choice
1098.96,33.2,98.0,166.0,89.0,0.5007450481555515,0.4674698795180723,0.40531344447968626,37.79893569968978,10.88888888888889,True,1098.96,geometric_median,0.00013758900001903385,7,,807.0588235294119,0.1302711715302458,36,choice
548.24,30.4,74.0,152.0,71.0,0.6276555283890247,0.3789473684210527,0.29116496594129193,33.44236025104909,24.666666666666668,True,548.24,min_sum,0.01002809999999954,2072,,402.11764705882354,0.0,36,choice
1.3599999999999999,39.2,41.0,196.0,3.0,0.9991157347204161,0.01632653061224487,0.00044103502856068197,39.208681170703805,1.0789473684210527,True,1.3599999999999999,min_max,0.009901893000005657,2072,,0.0,0.17242565645389302,36,choice
1.3599999999999999,39.2,41.0,196.0,3.0,0.9991157347204161,0.01632653061224487,0.00044103502856068197,39.208681170703805,1.0789473684210527,True,1.3599999999999999,min_range,0.00992786199992679,2072,,0.0,0.17242565645389302,36,choice
6.640000000000001,41.4,46.0,207.0,7.0,0.9961408810879926,0.03285024154589378,0.0019070000353443133,41.440276599072995,1.1794871794871795,True,6.640000000000001,random,0.004365819999975429,700,,3.882352941176472,0.23915525961637268,36,choice
1.3599999999999999,39.2,41.0,196.0,3.0,0.9991157347204161,0.01632653061224487,0.00044103502856068197,39.208681170703805,1.0789473684210527,True,1.3599999999999999,exhaustive,0.010104103000003306,2072,,0.0,0.17242565645389302,36,choice
548.24,30.4,74.0,152.0,71.0,0.6276555283890247,0.3789473684210527,0.29116496594129193,33.44236025104909,24.666666666666668,True,548.24,exhaustive_ede,0.010578523000049245,2072,,402.11764705882354,0.0,36,choice
35.36,29.8,38.0,149.0,18.0,0.9617067359757419,0.11006711409395975,0.020695074970833803,30.081972552932722,1.9,True,35.36,ours,0.015418808000049467,1806,268.0,0.0,0.15208881901124555,37,choice
188.64000000000001,24.6,48.0,123.0,41.0,0.7623582766439909,0.3056910569105691,0.15802963296460046,26.110810257450378,6.857142857142857,True,188.64000000000001,ours_ede,0.01684666500000276,2002,296.0,4.334841628959277,0.0,37,choice
151.04000000000002,37.6,53.0,188.0,32.0,0.903476482617587,0.18297872340425547,0.05531247444242025,38.501708621334735,2.5238095238095237,True,151.04000000000002,centroid,4.5689999979003915e-06,7,,3.271493212669684,0.4745505115203683,37,choice
77.36,35.2,48.0,176.0,25.0,0.9412336675782437,0.13863636363636367,0.03141580197822954,35.71928206275182,2.0869565217391304,True,77.36,weighted_centroid,1.1520999919412134e-05,7,,1.1877828054298643,0.3679882665670933,37,choice
133.44,25.4,42.0,127.0,34.0,0.82861546365271,0.25196850393700787,0.11432049891207238,26.476481809911956,5.25,True,133.44,geometric_median,5.364999992707453e-05,7,,2.773755656108597,0.014004603796515204,37,choice
188.64000000000001,24.6,48.0,123.0,41.0,0.7623582766439909,0.3056910569105691,0.15802963296460046,26.110810257450378,6.857142857142857,True,188.64000000000001,min_sum,0.036086308999983885,7399,,4.334841628959277,0.0,37,choice
36.64,29.6,37.0,148.0,17.0,0.9598597721297107,0.11351351351351346,0.021651076796811226,29.89379283856354,1.85,True,36.64,min_max,0.035482455999954254,7399,,0.036199095022624465,0.14488185329422087,37,choice
36.64,29.6,37.0,148.0,17.0,0.9598597721297107,0.11351351351351346,0.021651076796811226,29.89379283856354,1.85,True,36.64,min_range,0.03601373300000432,7399,,0.036199095022624465,0.14488185329422087,37,choice
36.64,29.6,37.0,148.0,17.0,0.9598597721297107,0.11351351351351346,0.021651076796811226,29.89379283856354,1.85,True,36.64,random,0.006665099999963786,700,,0.036199095022624465,0.14488185329422087,37,choice
35.36,29.8,38.0,149.0,18.0,0.9617067359757419,0.11006711409395975,0.020695074970833803,30.081972552932722,1.9,True,35.36,exhaustive,0.03706396199993378,7399,,0.0,0.15208881901124555,37,choice
188.64000000000001,24.6,48.0,123.0,41.0,0.7623582766439909,0.3056910569105691,0.15802963296460046,26.110810257450378,6.857142857142857,True,188.64000000000001,exhaustive_ede,0.03819031500006531,7399,,4.334841628959277,0.0,37,choice
1.04,33.6,35.0,168.0,3.0,0.9990796460176992,0.016666666666666607,0.0004620059118744229,33.60772020988971,1.09375,True,1.04,ours,0.01375403899999128,1533,229.0,0.0,0.2943562987579887,38,choice
68.24000000000001,25.4,31.0,127.0,22.0,0.904345388281469,0.14488188976377958,0.06617878927821487,25.964813739569472,3.4444444444444446,True,68.24000000000001,ours_ede,0.013407859999915672,1540,230.0,64.61538461538461,0.0,38,choice
36.56,33.8,42.0,169.0,15.0,0.9689906700593723,0.09704142011834316,0.015811859778619215,34.06409198296188,1.5555555555555556,True,36.56,centroid,5.079999937152024e-06,7,,34.15384615384615,0.31193284591329024,38,choice
48.239999999999995,27.6,33.0,138.0,19.0,0.9404444444444444,0.11884057971014506,0.03669583272668645,27.989209953628464,2.357142857142857,True,48.239999999999995,weighted_centroid,1.158199995643372e-05,7,,45.38461538461538,0.07796690684416052,38,choice
82.0,26.0,32.0,130.0,24.0,0.8918205804749341,0.15384615384615397,0.07790488568268623,26.65082657665012,4.0,True,82.0,geometric_median,5.004400009056553e-05,7,,77.84615384615384,0.026420864942897193,38,choice
102.16,25.2,31.0,126.0,26.0,0.8614215952251764,0.16507936507936516,0.11131915826678127,25.999023679047685,6.2,True,102.16,min_sum,0.029432154999994964,5873,,97.23076923076921,0.0013175499667104642,38,choice
102.16,25.2,31.0,126.0,26.0,0.8614215952251764,0.16507936507936516,0.11131915826678127,25.999023679047685,6.2,True,102.16,min_max,0.02835352200008856,5873,,97.23076923076921,0.0013175499667104642,38,choice
1.2,35.0,36.0,175.0,3.0,0.9990213668243354,0.016000000000000014,0.0004946665191161353,35.00852221949512,1.0909090909090908,True,1.2,min_range,0.02835113799994815,5873,,0.15384615384615377,0.34830631063389267,38,choice
1.2,35.0,36.0,175.0,3.0,0.9990213668243354,0.016000000000000014,0.0004946665191161353,35.00852221949512,1.0909090909090908,True,1.2,random,0.005927044000031856,700,,0.15384615384615377,0.34830631063389267,38,choice
1.04,33.6,35.0,168.0,3.0,0.9990796460176992,0.016666666666666607,0.0004620059118744229,33.60772020988971,1.09375,True,1.04,exhaustive,0.028860101999953258,5873,,0.0,0.2943562987579887,38,choice
68.24000000000001,25.4,31.0,127.0,22.0,0.904345388281469,0.14488188976377958,0.06617878927821487,25.964813739569472,3.4444444444444446,True,68.24000000000001,exhaustive_ede,0.029915532000018175,5873,,64.61538461538461,0.0,38,choice
237.84,28.4,50.0,142.0,37.0,0.7722711604749138,0.2873239436619719,0.14484744617656956,30.052202483987376,3.8461538461538463,True,237.84,ours,0.013533285999983491,1547,231.0,0.0,0.2663789556851137,39,choice
296.64,21.6,45.0,108.0,42.0,0.6113207547169811,0.43333333333333335,0.3425461569453102,23.73081323649213,15.0,True,296.64,ours_ede,0.0126724080000713,1435,215.0,0.24722502522704332,0.0,39,choice
368.24,22.6,53.0,113.0,50.0,0.5810693970420933,0.463716814159292,0.37883415732081943,25.044198676903033,17.666666666666668,True,368.24,centroid,4.519000071923074e-06,7,,0.5482677430205181,0.05534515093613573,39,choice
350.4,24.0,51.0,120.0,46.0,0.6217616580310881,0.42333333333333334,0.3197956299046522,26.315064125840653,10.2,True,350.4,weighted_centroid,1.1782000001403503e-05,7,,0.47325933400605436,0.10889853894153889,39,choice
400.4,23.0,57.0,115.0,55.0,0.56918442005595,0.4730434782608697,0.38805149498656144,25.59787399847593,28.5,True,400.4,geometric_median,1.7923999962476955e-05,7,,0.6834846955936763,0.07867664472251304,39,choice
377.04,21.4,55.0,107.0,52.0,0.5484550898203593,0.485981308411215,0.4123194888569383,23.948446032852846,18.333333333333332,True,377.04,min_sum,0.022940458000107355,4725,,0.5852674066599395,0.009170894995964672,39,choice
306.24000000000007,22.4,43.0,112.0,41.0,0.620990099009901,0.4214285714285715,0.3430417393810516,24.537016567098767,21.5,True,306.24000000000007,min_max,0.022783881999998812,4725,,0.2875882946518671,0.03397284882622132,39,choice
251.2,25.0,44.0,125.0,36.0,0.7133074640493038,0.3360000000000001,0.20550625322106897,26.81642199852526,5.5,True,251.2,min_range,0.023219781999955558,4725,,0.056172216616212516,0.1300254117413991,39,choice
241.83999999999997,29.6,56.0,148.0,45.0,0.7836851520572451,0.28918918918918934,0.136294170839692,31.256746496557053,5.090909090909091,True,241.83999999999997,random,0.005417963000013515,700,,0.016818028927009634,0.31713760439072936,39,choice
237.84,28.4,50.0,142.0,37.0,0.7722711604749138,0.2873239436619719,0.14484744617656956,30.052202483987376,3.8461538461538463,True,237.84,exhaustive,0.023291947999950935,4725,,0.0,0.2663789556851137,39,choice
296.64,21.6,45.0,108.0,42.0,0.6113207547169811,0.43333333333333335,0.3425461569453102,23.73081323649213,15.0,True,296.64,exhaustive_ede,0.02440623300003608,4725,,0.24722502522704332,0.0,39,choice
126.96,26.2,47.0,131.0,31.0,0.8439144332431768,0.21984732824427478,0.08407968832500372,27.283863256497057,2.9375,True,126.96,ours,0.010569502999942415,1057,161.0,0.0,0.3614058469164591,40,choice
361.04,17.4,55.0,87.0,52.0,0.45610123531184094,0.49195402298850577,0.47384465950309684,20.040947611833854,18.333333333333332,True,361.04,ours_ede,0.010178600000017468,1008,154.0,1.8437303087586645,0.0,40,choice
205.83999999999997,23.4,52.0,117.0,37.0,0.7267852402442262,0.2632478632478632,0.15408019892170466,25.172117573138667,3.466666666666667,True,205.83999999999997,centroid,4.47800005076715e-06,7,,0.6212980466288593,0.25603429841186454,40,choice
273.6,19.0,52.0,95.0,43.0,0.5688622754491018,0.3705263157894738,0.29664844280316643,21.295714273770667,5.777777777777778,True,273.6,weighted_centroid,1.151100002516614e-05,7,,1.1550094517958416,0.06261014629846613,40,choice
353.04,17.6,55.0,88.0,50.0,0.4673506336753168,0.4636363636363636,0.44048460867493916,20.22568617044146,11.0,True,353.04,geometric_median,0.00013842999999269523,7,,1.7807183364839323,0.009218055063350432,40,choice
361.04,17.4,55.0,87.0,52.0,0.45610123531184094,0.49195402298850577,0.47384465950309684,20.040947611833854,18.333333333333332,True,361.04,min_sum,0.010106145000008837,2107,,1.8437303087586645,0.0,40,choice
179.2,22.0,41.0,110.0,33.0,0.729794933655006,0.3272727272727274,0.18465545789404786,23.517832851433365,5.125,True,179.2,min_max,0.010202785999922526,2107,,0.41146817895400123,0.1734890638378031,40,choice
126.96,26.2,47.0,131.0,31.0,0.8439144332431768,0.21984732824427478,0.08407968832500372,27.283863256497057,2.9375,True,126.96,min_range,0.011104896999995617,2107,,0.0,0.3614058469164591,40,choice
153.76,21.2,43.0,106.0,33.0,0.7450928381962865,0.30188679245283034,0.15763782380203775,22.62796361111068,4.3,True,153.76,random,0.006047375999969518,700,,0.21109010712035287,0.12908651074708838,40,choice
126.96,26.2,47.0,131.0,31.0,0.8439144332431768,0.21984732824427478,0.08407968832500372,27.283863256497057,2.9375,True,126.96,exhaustive,0.010246427000083713,2107,,0.0,0.3614058469164591,40,choice
361.04,17.4,55.0,87.0,52.0,0.45610123531184094,0.49195402298850577,0.47384465950309684,20.040947611833854,18.333333333333332,True,361.04,exhaustive_ede,0.010616361000074903,2107,,1.8437303087586645,0.0,40,choice
77.04,27.6,36.0,138.0,23.0,0.9081545064377683,0.1681159420289855,0.05635063865839003,28.212042063631987,2.769230769230769,True,77.04,ours,0.011419868999951177,1085,165.0,0.0,0.11856379782071769,41,choice
154.0,24.0,38.0,120.0,33.0,0.7890410958904109,0.28,0.16010799027720077,25.221665602442272,7.6,True,154.0,ours_ede,0.010706830999993144,1099,167.0,0.9989615784008306,0.0,41,choice
408.23999999999995,26.6,65.0,133.0,55.0,0.6341279799247177,0.37593984962406024,0.25273643076251795,29.251101849012308,6.5,True,408.23999999999995,centroid,4.397999987304502e-06,7,,4.299065420560747,0.15976090992895634,41,choice
180.8,26.0,48.0,130.0,38.0,0.7889822595704948,0.2830769230769232,0.13519538353931188,27.40383763877384,4.8,True,180.8,weighted_centroid,1.150100001723331e-05,7,,1.3468328141225336,0.08651974341140514,41,choice
749.4399999999999,26.4,81.0,132.0,72.0,0.481858407079646,0.4424242424242424,0.41328220198894366,30.236375723415765,9.0,True,749.4399999999999,geometric_median,5.644600003051892e-05,7,,8.727933541017652,0.19882549392328425,41,choice
154.0,24.0,38.0,120.0,33.0,0.7890410958904109,0.28,0.16010799027720077,25.221665602442272,7.6,True,154.0,min_sum,0.013208774000077028,2646,,0.9989615784008306,0.0,41,choice
137.35999999999999,24.2,34.0,121.0,29.0,0.8100138312586446,0.24793388429752072,0.14484047437243525,25.295605228143813,6.8,True,137.35999999999999,min_max,0.012855020000074546,2646,,0.7829698857736238,0.0029315917063931613,41,choice
77.04,27.6,36.0,138.0,23.0,0.9081545064377683,0.1681159420289855,0.05635063865839003,28.212042063631987,2.769230769230769,True,77.04,min_range,0.012876079000079699,2646,,0.0,0.11856379782071769,41,choice
77.04,27.6,36.0,138.0,23.0,0.9081545064377683,0.1681159420289855,0.05635063865839003,28.212042063631987,2.769230769230769,True,77.04,random,0.004609585000025618,700,,0.0,0.11856379782071769,41,choice
77.04,27.6,36.0,138.0,23.0,0.9081545064377683,0.1681159420289855,0.05635063865839003,28.212042063631987,2.769230769230769,True,77.04,exhaustive,0.013223862000018016,2646,,0.0,0.11856379782071769,41,choice
154.0,24.0,38.0,120.0,33.0,0.7890410958904109,0.28,0.16010799027720077,25.221665602442272,7.6,True,154.0,exhaustive_ede,0.013594498000088606,2646,,0.9989615784008306,0.0,41,choice
4.16,9.2,13.0,46.0,6.0,0.9531531531531532,0.11304347826086958,0.02321580759452301,9.311505097655017,1.8571428571428572,True,4.16,ours,0.009608822000018336,903,139.0,0.0,0.32846210918093177,42,choice
15.040000000000001,6.6,12.0,33.0,12.0,0.7433447098976109,0.3151515151515152,0.2591830779267176,7.009236494818855,inf,True,15.040000000000001,ours_ede,0.010159014000009847,987,151.0,2.6153846153846154,0.0,42,choice
35.76,12.8,24.0,64.0,16.0,0.8208416833667335,0.23124999999999996,0.09751841139403711,13.412808454121057,3.0,True,35.76,centroid,4.968999974153121e-06,7,,7.596153846153846,0.913590512181412,42,choice
10.16,10.2,15.0,51.0,8.0,0.9110332749562171,0.16470588235294126,0.04736777723521972,10.431450213777099,2.142857142857143,True,10.16,weighted_centroid,1.19219999987763e-05,7,,1.4423076923076923,0.4882434372827774,42,choice
11.2,11.0,16.0,55.0,8.0,0.9152798789712556,0.16000000000000014,0.04491032780805619,11.237540629267569,2.0,True,11.2,geometric_median,3.3822999967014766e-05,7,,1.692307692307692,0.6032474631972008,42,choice
15.040000000000001,6.6,12.0,33.0,12.0,0.7433447098976109,0.3151515151515152,0.2591830779267176,7.009236494818855,inf,True,15.040000000000001,min_sum,0.010364900000013222,2121,,2.6153846153846154,0.0,42,choice
5.76,8.2,12.0,41.0,6.0,0.9210958904109589,0.1560975609756099,0.04140768479126378,8.365353008095523,2.0,True,5.76,min_max,0.010234486000058496,2121,,0.3846153846153845,0.1934756395049723,42,choice
4.4,10.0,13.0,50.0,5.0,0.9578544061302682,0.1120000000000001,0.021601053153140943,10.106588604431769,1.625,True,4.4,min_range,0.010300438999934158,2121,,0.057692307692307744,0.4418957916318618,42,choice
6.640000000000001,9.4,13.0,47.0,6.0,0.9301052631578948,0.14468085106382977,0.03676894614253225,9.56661722321209,1.8571428571428572,True,6.640000000000001,random,0.004479401000025973,700,,0.5961538461538463,0.36485867330680316,42,choice
4.16,9.2,13.0,46.0,6.0,0.9531531531531532,0.11304347826086958,0.02321580759452301,9.311505097655017,1.8571428571428572,True,4.16,exhaustive,0.010510493000083443,2121,,0.0,0.32846210918093177,42,choice
15.040000000000001,6.6,12.0,33.0,12.0,0.7433447098976109,0.3151515151515152,0.2591830779267176,7.009236494818855,inf,True,15.040000000000001,exhaustive_ede,0.010908298999993349,2121,,2.6153846153846154,0.0,42,choice
235.76000000000005,21.2,46.0,106.0,40.0,0.6559252772913018,0.388679245283019,0.2562910144209381,23.095778593692643,7.666666666666667,True,235.76000000000005,ours,0.009246572000051856,875,135.0,0.0,0.04019269826899909,43,choice
258.56000000000006,20.2,44.0,101.0,41.0,0.6121212121212121,0.4356435643564356,0.33485004930907125,22.20336542654711,14.666666666666666,True,258.56000000000006,ours_ede,0.009403467000083765,924,142.0,0.09670851713607061,0.0,43,choice
242.16000000000003,20.2,39.0,101.0,35.0,0.627560750538296,0.4039603960396041,0.3086068677060606,22.113241421934717,9.75,True,242.16000000000003,centroid,4.708000005848589e-06,7,,0.02714625042416006,-0.004059024516375176,43,choice
262.0,21.0,41.0,105.0,37.0,0.6273115220483642,0.40761904761904777,0.31093016260325135,22.988436804252174,10.25,True,262.0,weighted_centroid,1.144100008332316e-05,7,,0.11129962673905644,0.035358215415686824,43,choice
390.8,21.0,58.0,105.0,54.0,0.5301755229622506,0.48,0.401526910859872,23.67790437624451,14.5,True,390.8,geometric_median,4.799999999249849e-05,7,,0.6576179165252797,0.06641060584150865,43,choice
258.56000000000006,20.2,44.0,101.0,41.0,0.6121212121212121,0.4356435643564356,0.33485004930907125,22.20336542654711,14.666666666666666,True,258.56000000000006,min_sum,0.007687787999998363,1554,,0.09670851713607061,0.0,43,choice
277.84000000000003,21.4,42.0,107.0,38.0,0.6223973905952704,0.4112149532710281,0.3174452353333609,23.45386172175577,10.5,True,277.84000000000003,min_max,0.007524562999947193,1554,,0.17848659653885296,0.056320124052614405,43,choice
277.84000000000003,21.4,42.0,107.0,38.0,0.6223973905952704,0.4112149532710281,0.3174452353333609,23.45386172175577,10.5,True,277.84000000000003,min_range,0.007575809000059053,1554,,0.17848659653885296,0.056320124052614405,43,choice
258.56000000000006,20.2,44.0,101.0,41.0,0.6121212121212121,0.4356435643564356,0.33485004930907125,22.20336542654711,14.666666666666666,True,258.56000000000006,random,0.0041714540000157285,700,,0.09670851713607061,0.0,43,choice
235.76000000000005,21.2,46.0,106.0,40.0,0.6559252772913018,0.388679245283019,0.2562910144209381,23.095778593692643,7.666666666666667,True,235.76000000000005,exhaustive,0.007726141000034659,1554,,0.0,0.04019269826899909,43,choice
258.56000000000006,20.2,44.0,101.0,41.0,0.6121212121212121,0.4356435643564356,0.33485004930907125,22.20336542654711,14.666666666666666,True,258.56000000000006,exhaustive_ede,0.008034228000042276,1554,,0.09670851713607061,0.0,43,choice
50.24,19.4,26.0,97.0,20.0,0.8822315986872948,0.18556701030927836,0.08299119486188133,19.936574175203774,4.333333333333333,True,50.24,ours,0.012254963999907886,1106,168.0,0.0,0.0,44,choice
50.24,19.4,26.0,97.0,20.0,0.8822315986872948,0.18556701030927836,0.08299119486188133,19.936574175203774,4.333333333333333,True,50.24,ours_ede,0.010796649999974761,1113,169.0,0.0,0.0,44,choice
86.64,21.4,32.0,107.0,25.0,0.8409107601909659,0.2392523364485981,0.10537352275774073,22.235374936143195,4.571428571428571,True,86.64,centroid,4.928999942421797e-06,7,,0.7245222929936305,0.11530570602238012,44,choice
88.64000000000001,20.4,31.0,102.0,26.0,0.824405705229794,0.2549019607843137,0.12611963560910552,21.26685769076502,6.2,True,88.64000000000001,weighted_centroid,1.2212000001454726e-05,7,,0.7643312101910831,0.06672578266810716,44,choice
122.56000000000002,19.8,32.0,99.0,32.0,0.7618344345122425,0.29898989898989914,0.2483275371360741,20.910484671404948,inf,True,122.56000000000002,geometric_median,2.4285999984385853e-05,7,,1.439490445859873,0.048850443794525196,44,choice
71.36,19.2,28.0,96.0,24.0,0.8378181818181818,0.2333333333333334,0.12320170879079118,19.937624491527085,7.0,True,71.36,min_sum,0.012890727000012703,2646,,0.42038216560509545,5.268288894980255e-05,44,choice
54.96,20.8,26.0,104.0,19.0,0.887284659557014,0.17307692307692313,0.07752049034296965,21.352260323519207,3.7142857142857144,True,54.96,min_max,0.01276390900000024,2646,,0.09394904458598724,0.07100949921858699,44,choice
60.64,23.4,32.0,117.0,18.0,0.9002959552778691,0.1743589743589744,0.05880636629730107,23.97214620041429,2.2857142857142856,True,60.64,min_range,0.012766413999997894,2646,,0.20700636942675155,0.20242053573225144,44,choice
59.760000000000005,21.8,34.0,109.0,21.0,0.8882990654205607,0.19449541284403682,0.06282089888971396,22.416795797753366,2.6153846153846154,True,59.760000000000005,random,0.004633550999983527,700,,0.18949044585987265,0.12440560754085736,44,choice
50.24,19.4,26.0,97.0,20.0,0.8822315986872948,0.18556701030927836,0.08299119486188133,19.936574175203774,4.333333333333333,True,50.24,exhaustive,0.013183595999976205,2646,,0.0,0.0,44,choice
50.24,19.4,26.0,97.0,20.0,0.8822315986872948,0.18556701030927836,0.08299119486188133,19.936574175203774,4.333333333333333,True,50.24,exhaustive_ede,0.01372315800006163,2646,,0.0,0.0,44,choice
8.559999999999999,20.2,25.0,101.0,8.0,0.9794527124339895,0.07920792079207928,0.010262828175385263,20.305107349595914,1.4705882352941178,True,8.559999999999999,ours,0.010481619000074716,1001,153.0,0.0,0.1289820906017212,45,choice
30.24,17.6,24.0,88.0,15.0,0.9110588235294118,0.17272727272727284,0.05198814291312037,17.985322813025107,2.6666666666666665,True,30.24,ours_ede,0.010495263999928284,1057,161.0,2.532710280373832,0.0,45,choice
305.76,26.2,59.0,131.0,49.0,0.6918363233219109,0.34198473282442743,0.19808589069078889,28.381173682267622,5.9,True,305.76,centroid,4.729000011138851e-06,7,,34.7196261682243,0.5780185864506008,45,choice
80.16,17.8,32.0,89.0,27.0,0.7980856423173803,0.2786516853932586,0.134980133669318,18.70876383843676,6.4,True,80.16,weighted_centroid,1.1662000019896368e-05,7,,8.364485981308412,0.040223966671742536,45,choice
120.96000000000001,19.8,41.0,99.0,29.0,0.7642105263157895,0.2666666666666666,0.13306212710235957,21.069221123396648,3.4166666666666665,True,120.96000000000001,geometric_median,8.380799999940791e-05,7,,13.13084112149533,0.1714674983836353,45,choice
30.24,17.6,24.0,88.0,15.0,0.9110588235294118,0.17272727272727284,0.05198814291312037,17.985322813025107,2.6666666666666665,True,30.24,min_sum,0.01486312600002293,2961,,2.532710280373832,0.0,45,choice
30.24,17.6,24.0,88.0,15.0,0.9110588235294118,0.17272727272727284,0.05198814291312037,17.985322813025107,2.6666666666666665,True,30.24,min_max,0.014323865000051228,2961,,2.532710280373832,0.0,45,choice
8.559999999999999,20.2,25.0,101.0,8.0,0.9794527124339895,0.07920792079207928,0.010262828175385263,20.305107349595914,1.4705882352941178,True,8.559999999999999,min_range,0.014322121999953197,2961,,0.0,0.1289820906017212,45,choice
14.8,23.0,29.0,115.0,10.0,0.9727841118058109,0.09043478260869575,0.013688795597809866,23.158510672479956,1.5263157894736843,True,14.8,random,0.004720804000044154,700,,0.7289719626168227,0.28763386196818147,45,choice
8.559999999999999,20.2,25.0,101.0,8.0,0.9794527124339895,0.07920792079207928,0.010262828175385263,20.305107349595914,1.4705882352941178,True,8.559999999999999,exhaustive,0.014875399000061407,2961,,0.0,0.1289820906017212,45,choice
30.24,17.6,24.0,88.0,15.0,0.9110588235294118,0.17272727272727284,0.05198814291312037,17.985322813025107,2.6666666666666665,True,30.24,exhaustive_ede,0.015364758000032452,2961,,2.532710280373832,0.0,45,choice
22.96,20.8,29.0,104.0,15.0,0.9496049165935031,0.11923076923076925,0.026226280779005445,21.066013929075087,2.0714285714285716,True,22.96,ours,0.012616142999945623,1400,210.0,0.0,0.22068498816699722,46,choice
96.56,16.2,27.0,81.0,26.0,0.7310306406685236,0.3358024691358026,0.23830459911439678,17.257535017865827,27.0,True,96.56,ours_ede,0.012385059000052934,1400,210.0,3.2055749128919855,0.0,46,choice
209.35999999999999,24.8,44.0,124.0,35.0,0.746045608927705,0.3193548387096774,0.1777616225654271,26.384380732079666,4.888888888888889,True,209.35999999999999,centroid,2.4134999989655626e-05,7,,8.118466898954702,0.5288614917927323,46,choice
143.6,24.0,38.0,120.0,30.0,0.8004446914952752,0.2766666666666666,0.13600221512010693,25.182100736997803,4.75,True,143.6,weighted_centroid,1.2062999985573697e-05,7,,5.254355400696864,0.45919453218133915,46,choice
134.56,23.2,41.0,116.0,34.0,0.8,0.2793103448275862,0.134056348064009,24.365223246000884,5.857142857142857,True,134.56,geometric_median,6.044400004157069e-05,7,,4.860627177700348,0.41185999163709286,46,choice
96.56,16.2,27.0,81.0,26.0,0.7310306406685236,0.3358024691358026,0.23830459911439678,17.257535017865827,27.0,True,96.56,min_sum,0.025118090999967535,5152,,3.2055749128919855,0.0,46,choice
45.84,17.4,26.0,87.0,17.0,0.8685025817555938,0.21609195402298864,0.07801597725851618,17.971172097616524,2.888888888888889,True,45.84,min_max,0.025017150999929072,5152,,0.9965156794425087,0.041352202328542614,46,choice
22.96,20.8,29.0,104.0,15.0,0.9496049165935031,0.11923076923076925,0.026226280779005445,21.066013929075087,2.0714285714285716,True,22.96,min_range,0.024909318999903007,5152,,0.0,0.22068498816699722,46,choice
26.96,20.2,29.0,101.0,16.0,0.9380229885057472,0.13861386138613874,0.03265629680086461,20.518088467854923,2.230769230769231,True,26.96,random,0.0057613559999936115,700,,0.17421602787456444,0.18893506208236666,46,choice
22.96,20.8,29.0,104.0,15.0,0.9496049165935031,0.11923076923076925,0.026226280779005445,21.066013929075087,2.0714285714285716,True,22.96,exhaustive,0.025673342000004595,5152,,0.0,0.22068498816699722,46,choice
96.56,16.2,27.0,81.0,26.0,0.7310306406685236,0.3358024691358026,0.23830459911439678,17.257535017865827,27.0,True,96.56,exhaustive_ede,0.02646715100001984,5152,,3.2055749128919855,0.0,46,choice
16.4,23.0,28.0,115.0,11.0,0.9699303263659699,0.09739130434782606,0.015739294349572948,23.172224287331336,1.6470588235294117,True,16.4,ours,0.012158895999959896,1372,206.0,0.0,0.2134651563226549,47,choice
61.040000000000006,18.4,30.0,92.0,24.0,0.8472472472472472,0.23043478260869565,0.09980874774405246,19.095912368471787,5.0,True,61.040000000000006,ours_ede,0.012374270000009346,1393,209.0,2.7219512195121958,0.0,47,choice
69.76,22.2,38.0,111.0,25.0,0.876004265908283,0.18018018018018012,0.06492169427349688,22.92827767327749,2.923076923076923,True,69.76,centroid,4.429000000527594e-06,7,,3.2536585365853665,0.2006903483246556,47,choice
55.44000000000001,20.4,32.0,102.0,23.0,0.8824427480916031,0.19999999999999996,0.07011484586746126,20.999897936864738,3.5555555555555554,True,55.44000000000001,weighted_centroid,1.1221000022487715e-05,7,,2.38048780487805,0.09970644668104557,47,choice
51.2,20.0,31.0,100.0,22.0,0.8865248226950354,0.19599999999999995,0.06742796392330185,20.566766747740584,3.4444444444444446,True,51.2,geometric_median,4.594600000018545e-05,7,,2.1219512195121957,0.0770245668752253,47,choice
61.040000000000006,18.4,30.0,92.0,24.0,0.8472472472472472,0.23043478260869565,0.09980874774405246,19.095912368471787,5.0,True,61.040000000000006,min_sum,0.02354951099994196,4844,,2.7219512195121958,0.0,47,choice
16.4,23.0,28.0,115.0,11.0,0.9699303263659699,0.09739130434782606,0.015739294349572948,23.172224287331336,1.6470588235294117,True,16.4,min_max,0.02328417299997909,4844,,0.0,0.2134651563226549,47,choice
16.4,23.0,28.0,115.0,11.0,0.9699303263659699,0.09739130434782606,0.015739294349572948,23.172224287331336,1.6470588235294117,True,16.4,min_range,0.023425126999995882,4844,,0.0,0.2134651563226549,47,choice
35.839999999999996,25.6,35.0,128.0,18.0,0.9481481481481482,0.12812500000000004,0.02756338085199784,25.93329195732442,2.0588235294117645,True,35.839999999999996,random,0.005640148999987105,700,,1.1853658536585365,0.3580546169734973,47,choice
16.4,23.0,28.0,115.0,11.0,0.9699303263659699,0.09739130434782606,0.015739294349572948,23.172224287331336,1.6470588235294117,True,16.4,exhaustive,0.023956253999926957,4844,,0.0,0.2134651563226549,47,choice
61.040000000000006,18.4,30.0,92.0,24.0,0.8472472472472472,0.23043478260869565,0.09980874774405246,19.095912368471787,5.0,True,61.040000000000006,exhaustive_ede,0.024653080999996746,4844,,2.7219512195121958,0.0,47,choice
216.56,28.2,46.0,141.0,36.0,0.7859656058509586,0.2836879432624113,0.14099122080365795,29.71792615998979,4.6,True,216.56,ours,0.011926879999919038,1309,197.0,0.00519866320089122,0.05397575265479246,48,choice
252.24,26.4,51.0,132.0,43.0,0.7342604298356511,0.3333333333333335,0.1832169555961194,28.1960245149238,6.375,True,252.24,ours_ede,0.012314215999936096,1400,210.0,0.17081321945785374,0.0,48,choice
945.8399999999999,36.4,81.0,182.0,72.0,0.5834771886559803,0.43956043956043955,0.35944158900573664,40.29941057323074,9.0,True,945.8399999999999,centroid,4.96999996357772e-06,7,,3.390271073152617,0.4292586017543278,48,choice
462.55999999999995,31.8,62.0,159.0,56.0,0.6861446600624237,0.37232704402515737,0.24226546226798934,34.3307552296257,10.333333333333334,True,462.55999999999995,weighted_centroid,1.183199992738082e-05,7,,1.147047901968065,0.21757431482778244,48,choice
463.03999999999996,28.6,64.0,143.0,64.0,0.6385323965651835,0.41678321678321684,0.3447381086212421,31.255728881034063,inf,True,463.03999999999996,geometric_median,0.00023479000003590045,7,,1.1492759004827329,0.10851545275436972,48,choice
785.04,25.4,81.0,127.0,73.0,0.45109774856663404,0.4881889763779528,0.4720577133837395,29.297655991719175,10.125,True,785.04,min_sum,0.023076903000060156,4606,,2.6438915707389525,0.03907045392914509,48,choice
216.56,28.2,46.0,141.0,36.0,0.7859656058509586,0.2836879432624113,0.14099122080365795,29.71792615998979,4.6,True,216.56,min_max,0.02196056800005408,4606,,0.00519866320089122,0.05397575265479246,48,choice
216.56,28.2,46.0,141.0,36.0,0.7859656058509586,0.2836879432624113,0.14099122080365795,29.71792615998979,4.6,True,216.56,min_range,0.02193285700002434,4606,,0.00519866320089122,0.05397575265479246,48,choice
216.56,28.2,46.0,141.0,36.0,0.7859656058509586,0.2836879432624113,0.14099122080365795,29.71792615998979,4.6,True,216.56,random,0.005232653999996728,700,,0.00519866320089122,0.05397575265479246,48,choice
215.44,60.4,78.0,302.0,40.0,0.9442385340097319,0.13377483443708615,0.03099708579254652,61.228361892274016,2.0526315789473686,True,215.44,exhaustive,0.02236003799998798,4606,,0.0,1.1715246367397154,48,choice
252.24,26.4,51.0,132.0,43.0,0.7342604298356511,0.3333333333333335,0.1832169555961194,28.1960245149238,6.375,True,252.24,exhaustive_ede,0.022976384000003236,4606,,0.17081321945785374,0.0,48,choice
114.64000000000001,35.6,50.0,178.0,33.0,0.9170477568740956,0.15955056179775284,0.04995331284971929,36.31896659504641,2.9411764705882355,True,114.64000000000001,ours,0.011760266999999658,1274,192.0,0.0,0.18095231265150685,49,choice
130.16,29.8,48.0,149.0,36.0,0.8721665684541348,0.19865771812080535,0.0779297930610559,30.75396542769967,4.0,True,130.16,ours_ede,0.012579163000054905,1400,210.0,0.13538032100488467,0.0,49,choice
588.5600000000001,34.8,76.0,174.0,70.0,0.6729495443431873,0.38390804597701145,0.249284134814561,37.75999448133827,12.666666666666666,True,588.5600000000001,centroid,4.729000011138851e-06,7,,4.133984647592463,0.2278089656473492,49,choice
250.56000000000003,34.8,51.0,174.0,42.0,0.8285714285714286,0.24827586206896557,0.12293661815434025,36.235395218318835,5.666666666666667,True,250.56000000000003,weighted_centroid,1.2754000067616289e-05,7,,1.1856245638520586,0.17823489473270068,49,choice
703.4399999999999,35.4,79.0,177.0,76.0,0.6404783808647654,0.409039548022599,0.3110501063594685,38.66875719564362,26.333333333333332,True,703.4399999999999,geometric_median,6.075399994642794e-05,7,,5.136078157711094,0.2573584140409812,49,choice
130.16,29.8,48.0,149.0,36.0,0.8721665684541348,0.19865771812080535,0.0779297930610559,30.75396542769967,4.0,True,130.16,min_sum,0.021787603999996463,4424,,0.13538032100488467,0.0,49,choice
159.44,31.4,43.0,157.0,34.0,0.8607997206216169,0.20891719745222925,0.09874126965280741,32.436161673582625,4.777777777777778,True,159.44,min_max,0.02136170400001447,4424,,0.39078855547801794,0.054698515215466335,49,choice
120.16,34.8,47.0,174.0,29.0,0.9097355769230769,0.17471264367816097,0.05311249317429151,35.570269523264685,2.611111111111111,True,120.16,min_range,0.02144929400003548,4424,,0.048150732728541354,0.15660757982211418,49,choice
130.8,35.0,52.0,175.0,36.0,0.9035255937453902,0.16914285714285726,0.05782005276296339,35.83268808665701,3.25,True,130.8,random,0.005195139999955245,700,,0.14096301465457078,0.1651404164740006,49,choice
114.64000000000001,35.6,50.0,178.0,33.0,0.9170477568740956,0.15955056179775284,0.04995331284971929,36.31896659504641,2.9411764705882355,True,114.64000000000001,exhaustive,0.021595057000013185,4424,,0.0,0.18095231265150685,49,choice
130.16,29.8,48.0,149.0,36.0,0.8721665684541348,0.19865771812080535,0.0779297930610559,30.75396542769967,4.0,True,130.16,exhaustive_ede,0.022431546000007074,4424,,0.13538032100488467,0.0,49,choice
171.44,35.4,49.0,177.0,34.0,0.8796574477046188,0.19661016949152543,0.07622903313973942,36.43196422169373,3.2666666666666666,True,171.44,ours,0.010950289999982488,1120,170.0,0.0,0.4983808852937294,50,choice
326.0,22.0,52.0,110.0,47.0,0.5975308641975309,0.43999999999999995,0.33253910924877983,24.31422115649315,10.4,True,326.0,ours_ede,0.010993953000024703,1169,177.0,0.9015398973401774,0.0,50,choice
290.56000000000006,26.8,48.0,134.0,41.0,0.7119746233148295,0.34626865671641793,0.23227310266430318,28.69835086949055,6.857142857142857,True,290.56000000000006,centroid,4.840000087824592e-06,7,,0.694820345310313,0.1803113365128955,50,choice
284.96,25.8,52.0,129.0,46.0,0.7002314327792973,0.3627906976744186,0.22018745667153686,27.781093228296278,8.666666666666666,True,284.96,weighted_centroid,1.1551999932635226e-05,7,,0.6621558562762482,0.1425861864745478,50,choice
358.96,26.2,55.0,131.0,54.0,0.6566290415152095,0.4061068702290076,0.3150694537970225,28.463870600632085,55.0,True,358.96,geometric_median,2.4386000063714164e-05,7,,1.0937937470835277,0.17066758657127554,50,choice
326.0,22.0,52.0,110.0,47.0,0.5975308641975309,0.43999999999999995,0.33253910924877983,24.31422115649315,10.4,True,326.0,min_sum,0.016910555000094973,3430,,0.9015398973401774,0.0,50,choice
259.84000000000003,26.4,43.0,132.0,38.0,0.728428093645485,0.3303030303030303,0.21898336697497855,28.14893864575665,8.6,True,259.84000000000003,min_max,0.016601685999944493,3430,,0.5156322911805882,0.1577150040950184,50,choice
175.36,30.2,44.0,151.0,34.0,0.8387345962847158,0.2410596026490066,0.10787369678825276,31.38887837173653,4.4,True,175.36,min_range,0.016658793000033256,3430,,0.02286514232384517,0.290967873069382,50,choice
175.36,30.2,44.0,151.0,34.0,0.8387345962847158,0.2410596026490066,0.10787369678825276,31.38887837173653,4.4,True,175.36,random,0.004948738000052799,700,,0.02286514232384517,0.290967873069382,50,choice
171.44,35.4,49.0,177.0,34.0,0.8796574477046188,0.19661016949152543,0.07622903313973942,36.43196422169373,3.2666666666666666,True,171.44,exhaustive,0.017007035999995423,3430,,0.0,0.4983808852937294,50,choice
326.0,22.0,52.0,110.0,47.0,0.5975308641975309,0.43999999999999995,0.33253910924877983,24.31422115649315,10.4,True,326.0,exhaustive_ede,0.017684786000017994,3430,,0.9015398973401774,0.0,50,choice
14.959999999999999,26.2,32.0,131.0,11.0,0.9786712289706302,0.08244274809160301,0.010845831228724349,26.340370858760622,1.5238095238095237,True,14.959999999999999,ours,0.015078686000038033,1736,258.0,0.0,0.21279607012281765,51,choice
29.439999999999998,21.4,28.0,107.0,15.0,0.93959786622897,0.1420560747663553,0.033676400743018,21.71871389399636,2.1538461538461537,True,29.439999999999998,ours_ede,0.017606777999958467,2058,304.0,0.9679144385026738,0.0,51,choice
125.44000000000001,24.4,44.0,122.0,32.0,0.8259711431742508,0.24918032786885247,0.10041115872120987,25.50699070188888,3.6666666666666665,True,125.44000000000001,centroid,5.058999931861763e-06,7,,7.385026737967916,0.17442454587238265,51,choice
104.64000000000001,23.6,41.0,118.0,29.0,0.8418379685610641,0.23728813559322037,0.09129608370871604,24.563504928375785,3.4166666666666665,True,104.64000000000001,weighted_centroid,1.2703999914265296e-05,7,,5.9946524064171145,0.1309834020681033,51,choice
248.24,22.6,51.0,113.0,45.0,0.6729380764163373,0.3716814159292037,0.2298851616669979,24.564734669145157,8.5,True,248.24,geometric_median,4.473499996038299e-05,7,,15.593582887700535,0.13104002331995887,51,choice
267.76,20.8,48.0,104.0,45.0,0.6177041690462592,0.4307692307692308,0.31510174588330064,22.870857437185645,16.0,True,267.76,min_sum,0.03790219600000455,7623,,16.898395721925134,0.05304842399106191,51,choice
18.639999999999997,22.4,26.0,112.0,11.0,0.9641813989239046,0.10000000000000009,0.019763274053604618,22.59568987912715,1.7333333333333334,True,18.639999999999997,min_max,0.03679754400002366,7623,,0.2459893048128341,0.04037881752165864,51,choice
17.04,24.4,28.0,122.0,11.0,0.9721750489875898,0.08852459016393444,0.015211592075401879,24.5655654723528,1.6470588235294117,True,17.04,min_range,0.037421634999986964,7623,,0.13903743315508021,0.1310782761931124,51,choice
21.360000000000003,22.2,29.0,111.0,14.0,0.9584597432905484,0.11531531531531547,0.02221975122935053,22.429404958313253,1.9333333333333333,True,21.360000000000003,random,0.0066746670000839,700,,0.4278074866310163,0.03272252066975973,51,choice
14.959999999999999,26.2,32.0,131.0,11.0,0.9786712289706302,0.08244274809160301,0.010845831228724349,26.340370858760622,1.5238095238095237,True,14.959999999999999,exhaustive,0.037572286999989046,7623,,0.0,0.21279607012281765,51,choice
29.439999999999998,21.4,28.0,107.0,15.0,0.93959786622897,0.1420560747663553,0.033676400743018,21.71871389399636,2.1538461538461537,True,29.439999999999998,exhaustive_ede,0.03914771200004452,7623,,0.9679144385026738,0.0,51,choice
10.16,13.2,16.0,66.0,9.0,0.9449023861171366,0.11515151515151523,0.033376334725615533,13.372907907102293,2.2857142857142856,True,10.16,ours,0.008033586999999898,612,112.0,0.0,0.16717380502306836,52,choice
24.4,11.0,18.0,55.0,14.0,0.8321870701513068,0.2472727272727273,0.10904878945613268,11.457512025672978,4.5,True,24.4,ours_ede,0.008266453000032925,666,121.0,1.401574803149606,0.0,52,choice
22.640000000000004,12.4,20.0,62.0,15.0,0.871655328798186,0.19999999999999996,0.07817346731098145,12.798760029528312,4.0,True,22.640000000000004,centroid,4.418999992594763e-06,6,,1.2283464566929139,0.11706276204205454,52,choice
23.44,11.6,18.0,58.0,13.0,0.8516455696202532,0.22758620689655173,0.09363037562761031,12.024314548240447,3.6,True,23.44,weighted_centroid,1.118099999075639e-05,6,,1.3070866141732285,0.04946994786454759,52,choice
46.96,12.2,22.0,61.0,19.0,0.7601634320735444,0.30819672131147535,0.16865429209800537,12.936953812930495,7.333333333333333,True,46.96,geometric_median,3.782999999657477e-05,6,,3.622047244094488,0.12912417494675243,52,choice
28.4,11.0,16.0,55.0,12.0,0.8099062918340026,0.2472727272727273,0.13292822893895423,11.506142924277054,4.0,True,28.4,min_sum,0.004908043999989786,882,,1.795275590551181,0.004244455383953162,52,choice
11.2,12.0,15.0,60.0,9.0,0.9278350515463918,0.14666666666666672,0.04364755848227776,12.208260446554034,2.5,True,11.2,min_max,0.004939853999985644,882,,0.10236220472440936,0.06552455883954958,52,choice
10.16,13.2,16.0,66.0,9.0,0.9449023861171366,0.11515151515151523,0.033376334725615533,13.372907907102293,2.2857142857142856,True,10.16,min_range,0.005035404000068411,882,,0.0,0.16717380502306836,52,choice
10.16,13.2,16.0,66.0,9.0,0.9449023861171366,0.11515151515151523,0.033376334725615533,13.372907907102293,2.2857142857142856,True,10.16,random,0.0037863509999169764,600,,0.0,0.16717380502306836,52,choice
10.16,13.2,16.0,66.0,9.0,0.9449023861171366,0.11515151515151523,0.033376334725615533,13.372907907102293,2.2857142857142856,True,10.16,exhaustive,0.005013863000044694,882,,0.0,0.16717380502306836,52,choice
24.4,11.0,18.0,55.0,14.0,0.8321870701513068,0.2472727272727273,0.10904878945613268,11.457512025672978,4.5,True,24.4,exhaustive_ede,0.0052795620000551935,882,,1.401574803149606,0.0,52,choice
90.56,45.2,61.0,226.0,28.0,0.9575553055868017,0.11681415929203554,0.021781222639010216,45.68650603409373,1.8484848484848484,True,90.56,ours,0.014790659000027517,1715,255.0,0.0,0.3191513376890416,53,choice
403.84000000000003,32.4,60.0,162.0,56.0,0.7221794166208035,0.3506172839506174,0.22525972678879405,34.63325604030372,15.0,True,403.84000000000003,ours_ede,0.013675868000063929,1652,246.0,3.4593639575971733,0.0,53,choice
165.84,39.6,58.0,198.0,33.0,0.9043598615916955,0.17979797979797985,0.05253000078837128,40.55705536543141,2.32,True,165.84,centroid,4.817999979422893e-06,7,,0.8312720848056537,0.17104367311678673,53,choice
256.24,36.4,55.0,182.0,39.0,0.8379458639008348,0.2417582417582418,0.10109056263261076,37.86948679723016,3.4375,True,256.24,weighted_centroid,1.1712000059560523e-05,7,,1.829505300353357,0.0934428675478951,53,choice
482.15999999999997,31.8,61.0,159.0,61.0,0.6771394134190438,0.38993710691823913,0.3217203102530074,34.32823971416447,inf,True,482.15999999999997,geometric_median,2.6609999963511655e-05,7,,4.324204946996466,-0.008807035809289671,53,choice
403.84000000000003,32.4,60.0,162.0,56.0,0.7221794166208035,0.3506172839506174,0.22525972678879405,34.63325604030372,15.0,True,403.84000000000003,min_sum,0.032862232000070435,6699,,3.4593639575971733,0.0,53,choice
173.84,36.6,53.0,183.0,30.0,0.8851328135324436,0.19016393442622959,0.06396448539834505,37.66492384070487,2.3043478260869565,True,173.84,min_max,0.031678151000051,6699,,0.9196113074204947,0.08753632049129637,53,choice
137.04000000000002,40.4,56.0,202.0,28.0,0.922541261587158,0.1544554455445546,0.041253153450348884,41.19237784803364,2.0,True,137.04000000000002,min_range,0.03227675400000862,6699,,0.5132508833922264,0.1893879628325121,53,choice
137.04000000000002,40.4,56.0,202.0,28.0,0.922541261587158,0.1544554455445546,0.041253153450348884,41.19237784803364,2.0,True,137.04000000000002,random,0.0062292619999197996,700,,0.5132508833922264,0.1893879628325121,53,choice
90.56,45.2,61.0,226.0,28.0,0.9575553055868017,0.11681415929203554,0.021781222639010216,45.68650603409373,1.8484848484848484,True,90.56,exhaustive,0.032724934000043504,6699,,0.0,0.3191513376890416,53,choice
403.84000000000003,32.4,60.0,162.0,56.0,0.7221794166208035,0.3506172839506174,0.22525972678879405,34.63325604030372,15.0,True,403.84000000000003,exhaustive_ede,0.03385619600010159,6699,,3.4593639575971733,0.0,53,choice
111.03999999999999,28.4,40.0,142.0,31.0,0.8789886660854402,0.19154929577464785,0.083803064688389,29.21446621564035,4.444444444444445,True,111.03999999999999,ours,0.01456991600002766,1659,247.0,0.0,0.06989932289235198,54,choice
146.56,26.2,42.0,131.0,37.0,0.8240576230492197,0.2442748091603053,0.13404553853181903,27.30580867801873,8.4,True,146.56,ours_ede,0.012827476999973442,1519,227.0,0.319884726224784,0.0,54,choice
1034.0,36.0,97.0,180.0,89.0,0.5562231759656653,0.44666666666666677,0.3472447641785531,40.36515915163651,12.125,True,1034.0,centroid,4.509000063990243e-06,7,,8.311959654178676,0.4782627252541545,54,choice
384.4,28.0,64.0,140.0,59.0,0.671003081136597,0.362857142857143,0.23733167350056944,30.457899454952045,12.8,True,384.4,weighted_centroid,1.1221000022487715e-05,7,,2.4618155619596545,0.11543663892550296,54,choice
704.96,30.2,81.0,151.0,77.0,0.5640321583178726,0.43443708609271536,0.34539398536131916,33.80374186074863,20.25,True,704.96,geometric_median,9.135100003732077e-05,7,,5.34870317002882,0.2379688973636132,54,choice
240.95999999999998,25.8,43.0,129.0,37.0,0.7342157511581734,0.3286821705426357,0.20537638383164641,27.486864563926275,7.166666666666667,True,240.95999999999998,min_sum,0.02965105999987827,6090,,1.170028818443804,0.006630672910753019,54,choice
122.16,26.8,36.0,134.0,30.0,0.8546406473108044,0.20597014925373136,0.11092752731032804,27.70907717996057,6.0,True,122.16,min_max,0.02886971399993854,6090,,0.10014409221902022,0.014768597652501336,54,choice
122.16,26.8,36.0,134.0,30.0,0.8546406473108044,0.20597014925373136,0.11092752731032804,27.70907717996057,6.0,True,122.16,min_range,0.029152364000083253,6090,,0.10014409221902022,0.014768597652501336,54,choice
113.04,28.6,40.0,143.0,31.0,0.8785821697099893,0.1930069930069931,0.08434714306960314,29.422007380683564,4.444444444444445,True,113.04,random,0.005914302000064708,700,,0.018011527377521742,0.07749994616963603,54,choice
111.03999999999999,28.4,40.0,142.0,31.0,0.8789886660854402,0.19154929577464785,0.083803064688389,29.21446621564035,4.444444444444445,True,111.03999999999999,exhaustive,0.029226693000055093,6090,,0.0,0.06989932289235198,54,choice
146.56,26.2,42.0,131.0,37.0,0.8240576230492197,0.2442748091603053,0.13404553853181903,27.30580867801873,8.4,True,146.56,exhaustive_ede,0.03008049499999288,6090,,0.319884726224784,0.0,54,choice
256.24000000000007,34.4,49.0,172.0,45.0,0.8220061128091136,0.23488372093023258,0.15377843616176132,35.81846354771007,12.25,True,256.24000000000007,ours,0.01197395700000925,1295,195.0,0.0,0.07482669144843797,55,choice
287.44,31.6,55.0,158.0,51.0,0.7764852255054432,0.2936708860759494,0.17901966393042712,33.32487351932157,13.75,True,287.44,ours_ede,0.011630752999963079,1295,195.0,0.12176084920387108,0.0,55,choice
355.36,41.8,62.0,209.0,54.0,0.830990202606297,0.2392344497607657,0.13098484554261045,43.469591629308695,7.75,True,355.36,centroid,5.069000053481432e-06,7,,0.3868248517015295,0.30441880309328934,55,choice
306.16,37.2,58.0,186.0,53.0,0.8188402366863905,0.24086021505376354,0.15004584555286463,38.78721561134439,11.6,True,306.16,weighted_centroid,1.1771999879783834e-05,7,,0.194817358726194,0.16391186267686172,55,choice
312.56,39.2,58.0,196.0,52.0,0.8309755569976206,0.22857142857142865,0.1384356243120497,40.74778756745627,9.666666666666666,True,312.56,geometric_median,4.2519000089669134e-05,7,,0.21979394317827006,0.22274395261638238,55,choice
287.44,31.6,55.0,158.0,51.0,0.7764852255054432,0.2936708860759494,0.17901966393042712,33.32487351932157,13.75,True,287.44,min_sum,0.021102817999917534,4144,,0.12176084920387108,0.0,55,choice
256.24000000000007,34.4,49.0,172.0,45.0,0.8220061128091136,0.23488372093023258,0.15377843616176132,35.81846354771007,12.25,True,256.24000000000007,min_max,0.019986994999953822,4144,,0.0,0.07482669144843797,55,choice
256.24000000000007,34.4,49.0,172.0,45.0,0.8220061128091136,0.23488372093023258,0.15377843616176132,35.81846354771007,12.25,True,256.24000000000007,min_range,0.019941599000048882,4144,,0.0,0.07482669144843797,55,choice
309.44,39.6,56.0,198.0,49.0,0.8351938645078824,0.23030303030303045,0.13112195219572015,41.127951237520485,8.0,True,309.44,random,0.005168542999854253,700,,0.20761785825788293,0.23415175795565238,55,choice
256.24000000000007,34.4,49.0,172.0,45.0,0.8220061128091136,0.23488372093023258,0.15377843616176132,35.81846354771007,12.25,True,256.24000000000007,exhaustive,0.020402975000024526,4144,,0.0,0.07482669144843797,55,choice
287.44,31.6,55.0,158.0,51.0,0.7764852255054432,0.2936708860759494,0.17901966393042712,33.32487351932157,13.75,True,287.44,exhaustive_ede,0.020843571000114025,4144,,0.12176084920387108,0.0,55,choice
2.16,9.8,12.0,49.0,4.0,0.9780040733197556,0.08163265306122458,0.011113584195488269,9.85431297017578,1.5,True,2.16,ours,0.009871867000128987,917,141.0,0.0,0.2550907813909957,56,choice
8.24,7.6,13.0,38.0,8.0,0.8751515151515151,0.18947368421052646,0.06469852042734162,7.85147426487701,2.6,True,8.24,ours_ede,0.009219604000008985,875,135.0,2.814814814814815,0.0,56,choice
15.040000000000001,8.6,15.0,43.0,10.0,0.8310112359550562,0.241860465116279,0.097385498718292,8.975809640626297,3.0,True,15.040000000000001,centroid,4.86899989482481e-06,7,,5.962962962962963,0.14320054270303328,56,choice
13.36,8.2,15.0,41.0,10.0,0.8342431761786601,0.224390243902439,0.0896238312289704,8.56163597661788,3.0,True,13.36,weighted_centroid,1.1400999937904999e-05,7,,5.185185185185184,0.09044947328143543,56,choice
44.96,8.2,18.0,41.0,18.0,0.5992869875222816,0.448780487804878,0.397472218007711,9.036247351650362,inf,True,44.96,geometric_median,0.0002344099998481397,7,,19.814814814814813,0.15089816852273805,56,choice
16.64,7.6,15.0,38.0,11.0,0.7763440860215054,0.27368421052631575,0.13067624695454869,8.051932521468162,3.75,True,16.64,min_sum,0.007152558999905523,1463,,6.703703703703703,0.025531288752723463,56,choice
12.16,7.8,12.0,39.0,8.0,0.8334246575342465,0.23589743589743595,0.09922712314882329,8.129312680447901,3.0,True,12.16,min_max,0.007090251999898101,1463,,4.62962962962963,0.03538678294008823,56,choice
2.16,9.8,12.0,49.0,4.0,0.9780040733197556,0.08163265306122458,0.011113584195488269,9.85431297017578,1.5,True,2.16,min_range,0.0071272519999183714,1463,,0.0,0.2550907813909957,56,choice
2.16,9.8,12.0,49.0,4.0,0.9780040733197556,0.08163265306122458,0.011113584195488269,9.85431297017578,1.5,True,2.16,random,0.004129852000005485,700,,0.0,0.2550907813909957,56,choice
2.16,9.8,12.0,49.0,4.0,0.9780040733197556,0.08163265306122458,0.011113584195488269,9.85431297017578,1.5,True,2.16,exhaustive,0.007342594999954599,1463,,0.0,0.2550907813909957,56,choice
8.24,7.6,13.0,38.0,8.0,0.8751515151515151,0.18947368421052646,0.06469852042734162,7.85147426487701,2.6,True,8.24,exhaustive_ede,0.007614185000193174,1463,,2.814814814814815,0.0,56,choice
515.36,60.8,91.0,304.0,66.0,0.8776448243114909,0.2065789473684212,0.07658901820379327,62.62253993270054,3.64,True,515.36,ours,0.012552131000120426,1407,211.0,0.0,0.583099896406702,57,choice
809.2,36.0,78.0,180.0,71.0,0.6156184685540567,0.42000000000000015,0.31633903963630744,39.556909879686245,11.142857142857142,True,809.2,ours_ede,0.01271830299992871,1456,218.0,0.5701645451723067,0.0,57,choice
910.96,37.8,75.0,189.0,68.0,0.6106675784255065,0.4126984126984128,0.3284382048579668,41.55316023758679,10.714285714285714,True,910.96,centroid,5.119999968883349e-06,7,,0.7676187519403912,0.050465275573147894,57,choice
739.6,39.0,73.0,195.0,66.0,0.6728302220649385,0.3733333333333333,0.2574953707086085,42.22976926093337,10.428571428571429,True,739.6,weighted_centroid,1.232299996445363e-05,7,,0.4351133188450792,0.06756997423147357,57,choice
1207.7600000000002,36.8,88.0,184.0,88.0,0.5285870413739266,0.5108695652173914,0.5067387060547115,41.249198357911936,inf,True,1207.7600000000002,geometric_median,3.5727000067709014e-05,7,,1.3435268550139712,0.0427811091253803,57,choice
809.2,36.0,78.0,180.0,71.0,0.6156184685540567,0.42000000000000015,0.31633903963630744,39.556909879686245,11.142857142857142,True,809.2,min_sum,0.02307545899998331,4746,,0.5701645451723067,0.0,57,choice
663.6,41.0,70.0,205.0,65.0,0.716966646762774,0.34536585365853667,0.2306077049214849,43.87275310026179,14.0,True,663.6,min_max,0.022463011000127153,4746,,0.28764358894753184,0.10910466044244446,57,choice
638.0,41.0,70.0,205.0,64.0,0.7248814144027598,0.3395121951219513,0.21822745676028293,43.79553529284843,11.666666666666666,True,638.0,min_range,0.022495361999972374,4746,,0.23796957466625268,0.10715259169773658,57,choice
692.24,40.4,80.0,202.0,73.0,0.7021855102392015,0.36435643564356446,0.22806060638388845,43.45413911177759,11.428571428571429,True,692.24,random,0.005247337000128027,700,,0.3432163924247128,0.09852208486317335,57,choice
515.36,60.8,91.0,304.0,66.0,0.8776448243114909,0.2065789473684212,0.07658901820379327,62.62253993270054,3.64,True,515.36,exhaustive,0.02264582399993742,4746,,0.0,0.583099896406702,57,choice
809.2,36.0,78.0,180.0,71.0,0.6156184685540567,0.42000000000000015,0.31633903963630744,39.556909879686245,11.142857142857142,True,809.2,exhaustive_ede,0.02311561399983475,4746,,0.5701645451723067,0.0,57,choice
1.3599999999999999,25.8,27.0,129.0,3.0,0.9979610194902548,0.024806201550387597,0.0010277429782267673,25.813114756628373,1.125,True,1.3599999999999999,ours,0.012550787999998647,1337,201.0,0.0,0.512794466678557,58,choice
4.4,17.0,19.0,85.0,5.0,0.9850034083162917,0.0658823529411765,0.007762285139107139,17.063200140666048,1.3571428571428572,True,4.4,ours_ede,0.012097537999807173,1337,201.0,2.2352941176470593,0.0,58,choice
416.23999999999995,24.6,59.0,123.0,53.0,0.5924809085568827,0.4325203252032521,0.3284074408370049,27.236944761847322,9.833333333333334,True,416.23999999999995,centroid,5.098999963593087e-06,7,,305.05882352941177,0.5962389550207873,58,choice
281.44,22.4,51.0,112.0,44.0,0.6406537282941778,0.38928571428571423,0.2641687125986774,24.520326017200755,7.285714285714286,True,281.44,weighted_centroid,1.1932000006709131e-05,7,,205.94117647058823,0.437029737391548,58,choice
573.2,23.0,60.0,115.0,59.0,0.47994919252404283,0.5426086956521741,0.5705060022072683,26.099459476688963,60.0,True,573.2,geometric_median,0.00015054200002850848,7,,420.4705882352942,0.529575886207134,58,choice
36.160000000000004,16.8,27.0,84.0,18.0,0.8864321608040201,0.1952380952380952,0.06312440783161374,17.288526036104006,3.0,True,36.160000000000004,min_sum,0.021242478999965897,4347,,25.588235294117652,0.013205371418046487,58,choice
4.4,17.0,19.0,85.0,5.0,0.9850034083162917,0.0658823529411765,0.007762285139107139,17.063200140666048,1.3571428571428572,True,4.4,min_max,0.020935461999897598,4347,,2.2352941176470593,0.0,58,choice
1.3599999999999999,25.8,27.0,129.0,3.0,0.9979610194902548,0.024806201550387597,0.0010277429782267673,25.813114756628373,1.125,True,1.3599999999999999,min_range,0.021181494000074963,4347,,0.0,0.512794466678557,58,choice
4.64,19.4,22.0,97.0,6.0,0.9878215223097113,0.061855670103092786,0.006280148725791029,19.45861217169004,1.375,True,4.64,random,0.005291695000096297,700,,2.411764705882353,0.1403846881755258,58,choice
1.3599999999999999,25.8,27.0,129.0,3.0,0.9979610194902548,0.024806201550387597,0.0010277429782267673,25.813114756628373,1.125,True,1.3599999999999999,exhaustive,0.02147639699978754,4347,,0.0,0.512794466678557,58,choice
4.4,17.0,19.0,85.0,5.0,0.9850034083162917,0.0658823529411765,0.007762285139107139,17.063200140666048,1.3571428571428572,True,4.4,exhaustive_ede,0.02264288499986833,4347,,2.2352941176470593,0.0,58,choice
31.839999999999996,19.4,26.0,97.0,14.0,0.921999020088192,0.15670103092783516,0.042623286295307816,19.77956354226965,2.1666666666666665,True,31.839999999999996,ours,0.014876525000090624,1610,240.0,0.0,0.13554329139909277,59,choice
89.44000000000001,16.4,29.0,82.0,26.0,0.7504464285714286,0.3219512195121952,0.18738893556878372,17.418590459813668,9.666666666666666,True,89.44000000000001,ours_ede,0.01390903099991192,1568,234.0,1.809045226130654,0.0,59,choice
82.56,25.2,39.0,126.0,26.0,0.8849498327759198,0.20317460317460312,0.06596935244777151,25.930786631722402,3.0,True,82.56,centroid,5.050000027040369e-06,7,,1.5929648241206034,0.4886845575448354,59,choice
82.56,23.2,37.0,116.0,26.0,0.8670103092783505,0.2206896551724138,0.0782610890955353,23.97795914753674,3.3636363636363638,True,82.56,weighted_centroid,1.1412000048949267e-05,7,,1.5929648241206034,0.3765728749898653,59,choice
80.4,25.0,39.0,125.0,26.0,0.8860221151119932,0.2016,0.06493857375927056,25.720300805105058,3.0,True,80.4,geometric_median,0.000122099000009257,7,,1.525125628140704,0.4766005816856547,59,choice
89.44000000000001,16.4,29.0,82.0,26.0,0.7504464285714286,0.3219512195121952,0.18738893556878372,17.418590459813668,9.666666666666666,True,89.44000000000001,min_sum,0.027011449999918113,5411,,1.809045226130654,0.0,59,choice
39.2,18.0,23.0,90.0,16.0,0.8920704845814978,0.1777777777777778,0.07049259728765948,18.463606591027514,3.2857142857142856,True,39.2,min_max,0.026004440999940925,5411,,0.23115577889447259,0.059994299402399774,59,choice
31.839999999999996,19.4,26.0,97.0,14.0,0.921999020088192,0.15670103092783516,0.042623286295307816,19.77956354226965,2.1666666666666665,True,31.839999999999996,min_range,0.026240613000027224,5411,,0.0,0.13554329139909277,59,choice
43.2,19.0,25.0,95.0,18.0,0.8931222167243938,0.1768421052631579,0.07125183606291505,19.481626886342077,3.5714285714285716,True,43.2,random,0.005830363000086436,700,,0.3567839195979902,0.11843876984696489,59,choice
31.839999999999996,19.4,26.0,97.0,14.0,0.921999020088192,0.15670103092783516,0.042623286295307816,19.77956354226965,2.1666666666666665,True,31.839999999999996,exhaustive,0.026698934000023655,5411,,0.0,0.13554329139909277,59,choice
89.44000000000001,16.4,29.0,82.0,26.0,0.7504464285714286,0.3219512195121952,0.18738893556878372,17.418590459813668,9.666666666666666,True,89.44000000000001,exhaustive_ede,0.028533212999946045,5411,,1.809045226130654,0.0,59,choice
68.0,31.0,42.0,155.0,22.0,0.9339164237123421,0.1496774193548387,0.036025303746945195,31.511146462545064,2.1,True,68.0,ours,0.011576009000009435,1253,189.0,0.0,0.14344058656527994,60,choice
141.44,26.4,47.0,132.0,34.0,0.8312977099236641,0.2454545454545456,0.09707493586980288,27.558184336625406,3.6153846153846154,True,141.44,ours_ede,0.011093664999862085,1211,183.0,1.08,0.0,60,choice
173.2,28.0,50.0,140.0,38.0,0.8190555787714167,0.26,0.10874209076536881,29.305298745437167,4.166666666666667,True,173.2,centroid,4.959000079907128e-06,7,,1.5470588235294116,0.06339729742245064,60,choice
148.23999999999998,26.6,48.0,133.0,35.0,0.8267819584014957,0.2466165413533834,0.0992607247210954,27.80376253063793,3.6923076923076925,True,148.23999999999998,weighted_centroid,1.1502000006657909e-05,7,,1.1799999999999997,0.00891126175123754,60,choice
252.56000000000003,27.2,47.0,136.0,35.0,0.7455058444175735,0.30294117647058827,0.16931504585582827,28.962894185260925,3.9166666666666665,True,252.56000000000003,geometric_median,6.336899991765677e-05,7,,2.714117647058824,0.0509725107966794,60,choice
242.16000000000003,26.2,45.0,131.0,35.0,0.7392203316821021,0.31145038167938943,0.17696202662531663,27.93620771839864,4.5,True,242.16000000000003,min_sum,0.01865983400011828,3822,,2.5611764705882356,0.013717281848312297,60,choice
90.23999999999998,31.4,39.0,157.0,22.0,0.9161494146069504,0.15286624203821653,0.04948323073225565,32.040636978420714,2.2941176470588234,True,90.23999999999998,min_max,0.01884655400021984,3822,,0.32705882352941146,0.16265413523045621,60,choice
68.0,31.0,42.0,155.0,22.0,0.9339164237123421,0.1496774193548387,0.036025303746945195,31.511146462545064,2.1,True,68.0,min_range,0.018569553999896016,3822,,0.0,0.14344058656527994,60,choice
111.75999999999999,26.8,45.0,134.0,31.0,0.8653493975903614,0.21194029850746277,0.07573548433581426,27.73031723183164,3.2142857142857144,True,111.75999999999999,random,0.004998232999923857,700,,0.6435294117647058,0.0062461624141713695,60,choice
68.0,31.0,42.0,155.0,22.0,0.9339164237123421,0.1496774193548387,0.036025303746945195,31.511146462545064,2.1,True,68.0,exhaustive,0.018983912000066994,3822,,0.0,0.14344058656527994,60,choice
141.44,26.4,47.0,132.0,34.0,0.8312977099236641,0.2454545454545456,0.09707493586980288,27.558184336625406,3.6153846153846154,True,141.44,exhaustive_ede,0.019824998999865784,3822,,1.08,0.0,60,choice
67.84,31.6,43.0,158.0,24.0,0.936384096024006,0.1468354430379748,0.03526726306871575,32.09853140217437,2.263157894736842,True,67.84,ours,0.012233139000045412,1372,206.0,0.0,0.09661086454646858,61,choice
116.23999999999998,28.4,42.0,142.0,31.0,0.8740355439965323,0.20845070422535206,0.08067362460685253,29.27066696120099,3.8181818181818183,True,116.23999999999998,ours_ede,0.012942979999934323,1484,222.0,0.7134433962264147,0.0,61,choice
576.5600000000001,39.2,69.0,196.0,63.0,0.727162597009275,0.3326530612244898,0.2249736102082382,41.80617351584974,11.5,True,576.5600000000001,centroid,4.90900015392981e-06,7,,7.498820754716981,0.4282617328557932,61,choice
274.8,32.0,53.0,160.0,44.0,0.7884200800739144,0.29000000000000004,0.14656852256784642,33.68104448940181,5.888888888888889,True,274.8,weighted_centroid,1.2202999869259656e-05,7,,3.0507075471698113,0.1506756758924178,61,choice
668.5600000000001,38.2,75.0,191.0,75.0,0.6857975373625341,0.38115183246073303,0.3108512649821253,41.164790913512874,inf,True,668.5600000000001,geometric_median,9.125099995799246e-05,7,,8.85495283018868,0.4063496048135099,61,choice
491.75999999999993,28.2,66.0,141.0,61.0,0.6179020979020979,0.4283687943262411,0.3109196161546106,31.019720619264046,13.2,True,491.75999999999993,min_sum,0.025317104000123436,5201,,6.24882075471698,0.059754485963079335,61,choice
109.83999999999999,29.6,40.0,148.0,28.0,0.8886004056795132,0.19189189189189193,0.07108377122278402,30.39547235699523,3.3333333333333335,True,109.83999999999999,min_max,0.024951648000069326,5201,,0.6191037735849054,0.038427733720082236,61,choice
67.84,31.6,43.0,158.0,24.0,0.936384096024006,0.1468354430379748,0.03526726306871575,32.09853140217437,2.263157894736842,True,67.84,min_range,0.02518776099987008,5201,,0.0,0.09661086454646858,61,choice
93.04,33.4,45.0,167.0,27.0,0.923018368360086,0.1580838323353293,0.04486492236807051,34.02848365584081,2.5,True,93.04,random,0.005722180000020671,700,,0.3714622641509434,0.16254555118086048,61,choice
67.84,31.6,43.0,158.0,24.0,0.936384096024006,0.1468354430379748,0.03526726306871575,32.09853140217437,2.263157894736842,True,67.84,exhaustive,0.02533627000002525,5201,,0.0,0.09661086454646858,61,choice
116.23999999999998,28.4,42.0,142.0,31.0,0.8740355439965323,0.20845070422535206,0.08067362460685253,29.27066696120099,3.8181818181818183,True,116.23999999999998,exhaustive_ede,0.02640080600008332,5201,,0.7134433962264147,0.0,61,choice
154.16,37.2,49.0,186.0,35.0,0.8997659297789337,0.17204301075268824,0.06663015259094894,38.082592729946946,3.5,True,154.16,ours,0.010219803999916621,1057,161.0,0.0,0.05199406937604322,62,choice
1312.56,31.2,103.0,156.0,97.0,0.4258267716535433,0.5205128205128207,0.5283288653079904,36.20038728215875,17.166666666666668,True,1312.56,ours_ede,0.01135972099996252,1225,185.0,7.514270887389724,0.0,62,choice
1882.64,31.6,118.0,158.0,113.0,0.34657781479938915,0.5949367088607596,0.7196662192529185,37.356919303906174,23.6,True,1882.64,centroid,4.4180001168570016e-06,7,,11.212247016087183,0.03194805659765461,62,choice
596.24,37.4,82.0,187.0,74.0,0.7011328320802005,0.3379679144385028,0.20700746823969815,40.36909471559055,10.25,True,596.24,weighted_centroid,1.2152999943282339e-05,7,,2.867669953295278,0.11515643191713403,62,choice
25.6875,7.25,12.0,29.0,12.0,0.6717252396166135,0.3706896551724137,0.3529622951707445,7.825147185693145,inf,False,inf,geometric_median,5.4963000138741336e-05,7,,-0.8333711728074727,-0.7838380256901355,62,choice
1312.56,31.2,103.0,156.0,97.0,0.4258267716535433,0.5205128205128207,0.5283288653079904,36.20038728215875,17.166666666666668,True,1312.56,min_sum,0.01581306200000654,3255,,7.514270887389724,0.0,62,choice
154.16,37.2,49.0,186.0,35.0,0.8997659297789337,0.17204301075268824,0.06663015259094894,38.082592729946946,3.5,True,154.16,min_max,0.015616041999919617,3255,,0.0,0.05199406937604322,62,choice
154.16,37.2,49.0,186.0,35.0,0.8997659297789337,0.17204301075268824,0.06663015259094894,38.082592729946946,3.5,True,154.16,min_range,0.015689469999870198,3255,,0.0,0.05199406937604322,62,choice
187.44,36.4,50.0,182.0,39.0,0.8760645331922772,0.19560439560439558,0.08723266946375932,37.46481945239691,4.545454545454546,True,187.44,random,0.004834424999899056,700,,0.2158796056045667,0.03492869179499995,62,choice
154.16,37.2,49.0,186.0,35.0,0.8997659297789337,0.17204301075268824,0.06663015259094894,38.082592729946946,3.5,True,154.16,exhaustive,0.01632724599994617,3255,,0.0,0.05199406937604322,62,choice
1312.56,31.2,103.0,156.0,97.0,0.4258267716535433,0.5205128205128207,0.5283288653079904,36.20038728215875,17.166666666666668,True,1312.56,exhaustive_ede,0.016254460000027393,3255,,7.514270887389724,0.0,62,choice
16.16,21.8,26.0,109.0,10.0,0.9671143671143672,0.09908256880733957,0.01757451402680723,21.976866186036624,1.625,True,16.16,ours,0.010721842000066317,980,150.0,0.0,0.16395629145487575,63,choice
22.240000000000002,18.6,24.0,93.0,11.0,0.9395980445410104,0.1376344086021506,0.03236981455445678,18.881178225830848,1.8461538461538463,True,22.240000000000002,ours_ede,0.010629289000007702,1092,166.0,0.37623762376237635,0.0,63,choice
289.44,21.4,55.0,107.0,47.0,0.6127374899652127,0.3588785046728973,0.25711265092816005,23.70485363806997,6.875,True,289.44,centroid,4.708999995273189e-06,7,,16.910891089108908,0.25547533922644605,63,choice
66.16000000000001,20.2,35.0,101.0,24.0,0.8604808097849009,0.20990099009900987,0.07613991154931958,20.938584279481272,3.1818181818181817,True,66.16000000000001,weighted_centroid,1.1932000006709131e-05,7,,3.094059405940595,0.10896597813137218,63,choice
326.64,21.4,57.0,107.0,50.0,0.5836859546265613,0.38878504672897196,0.29059361703557934,23.87702960498053,8.142857142857142,True,326.64,geometric_median,3.874200001519057e-05,7,,19.21287128712871,0.2645942599236201,63,choice
22.240000000000002,18.6,24.0,93.0,11.0,0.9395980445410104,0.1376344086021506,0.03236981455445678,18.881178225830848,1.8461538461538463,True,22.240000000000002,min_sum,0.013387450999971406,2667,,0.37623762376237635,0.0,63,choice
22.240000000000002,18.6,24.0,93.0,11.0,0.9395980445410104,0.1376344086021506,0.03236981455445678,18.881178225830848,1.8461538461538463,True,22.240000000000002,min_max,0.013042404000088936,2667,,0.37623762376237635,0.0,63,choice
16.16,21.8,26.0,109.0,10.0,0.9671143671143672,0.09908256880733957,0.01757451402680723,21.976866186036624,1.625,True,16.16,min_range,0.013136008999936166,2667,,0.0,0.16395629145487575,63,choice
18.8,23.0,30.0,115.0,12.0,0.9656809054399416,0.10434782608695659,0.017507664803315132,23.199554580236864,1.6666666666666667,True,18.8,random,0.004671589000054155,700,,0.1633663366336634,0.228713288056259,63,choice
16.16,21.8,26.0,109.0,10.0,0.9671143671143672,0.09908256880733957,0.01757451402680723,21.976866186036624,1.625,True,16.16,exhaustive,0.013325755000096251,2667,,0.0,0.16395629145487575,63,choice
22.240000000000002,18.6,24.0,93.0,11.0,0.9395980445410104,0.1376344086021506,0.03236981455445678,18.881178225830848,1.8461538461538463,True,22.240000000000002,exhaustive_ede,0.01407579200008513,2667,,0.37623762376237635,0.0,63,choice
82.16,29.8,41.0,149.0,25.0,0.9153164296021439,0.16912751677852356,0.04928806668929473,30.419631615136204,2.5625,True,82.16,ours,0.0131321480000679,1435,215.0,0.0,0.21805330878142118,64,choice
141.76000000000002,23.8,40.0,119.0,34.0,0.799830556340017,0.2823529411764707,0.14159676425583612,24.973973959784207,6.666666666666667,True,141.76000000000002,ours_ede,0.01243276600007448,1379,207.0,0.7254138266796498,0.0,64,choice
341.04,31.6,54.0,158.0,51.0,0.7454165422514183,0.3265822784810126,0.21627010730305657,33.550354011847965,18.0,True,341.04,centroid,4.639000053430209e-06,7,,3.150925024342746,0.3434127090015539,64,choice
217.44,27.4,46.0,137.0,42.0,0.7754183020037182,0.2978102189781022,0.176264938745562,28.902198815082745,11.5,True,217.44,weighted_centroid,1.1471000107121654e-05,7,,1.646543330087634,0.1572927425016215,64,choice
409.04,33.4,56.0,167.0,55.0,0.7317066771612226,0.33532934131736525,0.25255815517844427,35.554934274937246,56.0,True,409.04,geometric_median,2.6820000130101107e-05,7,,3.978578383641675,0.4236794805741227,64,choice
179.44,23.6,44.0,118.0,39.0,0.756328082563824,0.31864406779661025,0.17778848407654818,25.04367835080334,8.8,True,179.44,min_sum,0.022866082999826176,4606,,1.184031158714703,0.00279108127250308,64,choice
116.96000000000001,24.8,37.0,124.0,28.0,0.8402185792349727,0.24193548387096775,0.10385141311086135,25.77522425027958,4.111111111111111,True,116.96000000000001,min_max,0.022173865000013393,4606,,0.4235637779941579,0.03208341178643154,64,choice
82.16,29.8,41.0,149.0,25.0,0.9153164296021439,0.16912751677852356,0.04928806668929473,30.419631615136204,2.5625,True,82.16,min_range,0.02231271599998763,4606,,0.0,0.21805330878142118,64,choice
92.16000000000001,29.8,44.0,149.0,28.0,0.9059783717608652,0.17986577181208063,0.053692526899051726,30.499108859141877,2.75,True,92.16000000000001,random,0.005404336000083276,700,,0.1217137293086662,0.22123571155535118,64,choice
82.16,29.8,41.0,149.0,25.0,0.9153164296021439,0.16912751677852356,0.04928806668929473,30.419631615136204,2.5625,True,82.16,exhaustive,0.022804507000046215,4606,,0.0,0.21805330878142118,64,choice
141.76000000000002,23.8,40.0,119.0,34.0,0.799830556340017,0.2823529411764707,0.14159676425583612,24.973973959784207,6.666666666666667,True,141.76000000000002,exhaustive_ede,0.02378040799999326,4606,,0.7254138266796498,0.0,64,choice
214.16,34.8,54.0,174.0,37.0,0.8497333707549818,0.2321839080459771,0.09325551135572022,36.09647258118405,3.176470588235294,True,214.16,ours,0.011208699999997407,1197,181.0,0.0,0.06743067638854569,65,choice
223.04000000000002,32.4,53.0,162.0,40.0,0.8247642991829038,0.2592592592592593,0.11198507775864316,33.81622186773739,4.076923076923077,True,223.04000000000002,ours_ede,0.01143863200013584,1225,185.0,0.04146432573776627,0.0,65,choice
621.8399999999999,38.4,68.0,192.0,63.0,0.7033772180881511,0.3604166666666666,0.25016609442390253,41.19743879018333,13.6,True,621.8399999999999,centroid,4.818999968847493e-06,7,,1.9036234590960028,0.21827444092706405,65,choice
239.04000000000002,35.4,51.0,177.0,34.0,0.8398069963811822,0.23050847457627133,0.1035250328019052,36.788982278022885,3.0,True,239.04000000000002,weighted_centroid,1.2042999969708035e-05,7,,0.11617482256257015,0.08790930051005133,65,choice
990.1600000000001,40.2,79.0,201.0,79.0,0.6200752052797176,0.43184079601990044,0.3842061376433343,44.01793526501746,inf,True,990.1600000000001,geometric_median,0.00026009800012616324,7,,3.623459096002989,0.3016810522825758,65,choice
223.04000000000002,32.4,53.0,162.0,40.0,0.8247642991829038,0.2592592592592593,0.11198507775864316,33.81622186773739,4.076923076923077,True,223.04000000000002,min_sum,0.017792517000088992,3577,,0.04146432573776627,0.0,65,choice
324.4,34.0,49.0,170.0,39.0,0.7808700351256417,0.26588235294117646,0.16298471822486366,35.79744793384404,4.9,True,324.4,min_max,0.01721405299986145,3577,,0.5147553231228987,0.05858803724010497,65,choice
231.76,35.2,53.0,176.0,35.0,0.8424258906717432,0.23409090909090913,0.09666661550810475,36.58490358376209,2.9444444444444446,True,231.76,min_range,0.01698190699994484,3577,,0.08218154650728425,0.08187436570689709,65,choice
237.83999999999997,34.4,58.0,172.0,45.0,0.8326484660849985,0.24883720930232567,0.10583794410450124,35.844757599544266,4.461538461538462,True,237.83999999999997,random,0.004990459000055125,700,,0.11057153530070965,0.05998706004889965,65,choice
214.16,34.8,54.0,174.0,37.0,0.8497333707549818,0.2321839080459771,0.09325551135572022,36.09647258118405,3.176470588235294,True,214.16,exhaustive,0.017633479000096486,3577,,0.0,0.06743067638854569,65,choice
223.04000000000002,32.4,53.0,162.0,40.0,0.8247642991829038,0.2592592592592593,0.11198507775864316,33.81622186773739,4.076923076923077,True,223.04000000000002,exhaustive_ede,0.018258942000102252,3577,,0.04146432573776627,0.0,65,choice
41.2,20.0,28.0,100.0,17.0,0.9066183136899365,0.17599999999999993,0.05441808439623441,20.459826924242986,2.5454545454545454,True,41.2,ours,0.010173639999948136,1008,154.0,0.0,0.3012514194689866,66,choice
70.96000000000001,14.8,26.0,74.0,19.0,0.7553103448275862,0.29729729729729737,0.16013491292755316,15.723192780525237,3.7142857142857144,True,70.96000000000001,ours_ede,0.010856511000156388,1120,170.0,0.7223300970873787,0.0,66,choice
325.36,19.2,54.0,96.0,51.0,0.5311815561959654,0.4583333333333335,0.38174264061505037,21.676982763788146,18.0,True,325.36,centroid,4.628000169759616e-06,7,,6.8970873786407765,0.3786629132117034,66,choice
96.16000000000001,17.8,30.0,89.0,25.0,0.7671670702179176,0.30561797752808983,0.16960827084928862,18.819794634084836,6.0,True,96.16000000000001,weighted_centroid,1.142099995377066e-05,7,,1.3339805825242719,0.19694485062824224,66,choice
298.64,19.4,51.0,97.0,50.0,0.5575703703703704,0.4659793814432991,0.39643637130740406,21.698908448179765,51.0,True,298.64,geometric_median,9.678199990048597e-05,7,,6.248543689320388,0.3800573936265703,66,choice
70.96000000000001,14.8,26.0,74.0,19.0,0.7553103448275862,0.29729729729729737,0.16013491292755316,15.723192780525237,3.7142857142857144,True,70.96000000000001,min_sum,0.01486081099983494,2989,,0.7223300970873787,0.0,66,choice
57.039999999999985,16.4,26.0,82.0,18.0,0.8250306748466257,0.24390243902439024,0.10532434494960727,17.127859057967864,3.25,True,57.039999999999985,min_max,0.014581547000034334,2989,,0.38446601941747527,0.08933721649603182,66,choice
41.2,20.0,28.0,100.0,17.0,0.9066183136899365,0.17599999999999993,0.05441808439623441,20.459826924242986,2.5454545454545454,True,41.2,min_range,0.014660385000070164,2989,,0.0,0.3012514194689866,66,choice
41.2,20.0,28.0,100.0,17.0,0.9066183136899365,0.17599999999999993,0.05441808439623441,20.459826924242986,2.5454545454545454,True,41.2,random,0.00479732700000568,700,,0.0,0.3012514194689866,66,choice
41.2,20.0,28.0,100.0,17.0,0.9066183136899365,0.17599999999999993,0.05441808439623441,20.459826924242986,2.5454545454545454,True,41.2,exhaustive,0.015001685000015641,2989,,0.0,0.3012514194689866,66,choice
70.96000000000001,14.8,26.0,74.0,19.0,0.7553103448275862,0.29729729729729737,0.16013491292755316,15.723192780525237,3.7142857142857144,True,70.96000000000001,exhaustive_ede,0.015750088000004325,2989,,0.7223300970873787,0.0,66,choice
56.959999999999994,26.8,32.0,134.0,20.0,0.9265221878224974,0.13134328358208958,0.04714755510564319,27.263329622061804,2.6666666666666665,True,56.959999999999994,ours,0.010974727999837341,1162,176.0,0.0,0.12573917491882727,67,choice
89.04,23.4,38.0,117.0,29.0,0.8601319509896325,0.22222222222222232,0.08676742280895781,24.21815837050146,4.222222222222222,True,89.04,ours_ede,0.012403005999885863,1330,200.0,0.5632022471910115,0.0,67,choice
77.44000000000001,25.6,34.0,128.0,25.0,0.8943231441048035,0.17500000000000004,0.07184793807173134,26.23773028452699,3.7777777777777777,True,77.44000000000001,centroid,5.280000095808646e-06,7,,0.3595505617977532,0.08339081292347304,67,choice
78.96000000000001,24.8,33.0,124.0,25.0,0.8862247838616715,0.1806451612903226,0.07932630093918962,25.46299431522115,4.125,True,78.96000000000001,weighted_centroid,1.183199992738082e-05,7,,0.3862359550561801,0.05140093336890313,67,choice
180.4,24.0,42.0,120.0,34.0,0.7615018508725542,0.31000000000000005,0.16340842014225726,25.440119124690654,5.25,True,180.4,geometric_median,7.532099994023156e-05,7,,2.1671348314606744,0.05045638629886836,67,choice
89.04,23.4,38.0,117.0,29.0,0.8601319509896325,0.22222222222222232,0.08676742280895781,24.21815837050146,4.222222222222222,True,89.04,min_sum,0.01666900500003976,3325,,0.5632022471910115,0.0,67,choice
67.44000000000003,26.4,31.0,132.0,21.0,0.911773940345369,0.13030303030303036,0.06000644823976632,26.941757821370114,3.1,True,67.44000000000003,min_max,0.01582326999982797,3325,,0.1839887640449444,0.11246104716971755,67,choice
57.6,26.0,31.0,130.0,20.0,0.9214830970556162,0.13230769230769246,0.05142161608139948,26.478274219531677,2.8181818181818183,True,57.6,min_range,0.016107863000115685,3325,,0.011235955056179912,0.09332319222848569,67,choice
56.959999999999994,26.8,32.0,134.0,20.0,0.9265221878224974,0.13134328358208958,0.04714755510564319,27.263329622061804,2.6666666666666665,True,56.959999999999994,random,0.004794188999994731,700,,0.0,0.12573917491882727,67,choice
56.959999999999994,26.8,32.0,134.0,20.0,0.9265221878224974,0.13134328358208958,0.04714755510564319,27.263329622061804,2.6666666666666665,True,56.959999999999994,exhaustive,0.01657873599992854,3325,,0.0,0.12573917491882727,67,choice
89.04,23.4,38.0,117.0,29.0,0.8601319509896325,0.22222222222222232,0.08676742280895781,24.21815837050146,4.222222222222222,True,89.04,exhaustive_ede,0.017079344999956447,3325,,0.5632022471910115,0.0,67,choice
141.04000000000002,29.4,44.0,147.0,31.0,0.8597175253630396,0.22585034013605454,0.08615746725378357,30.42305413233438,3.3846153846153846,True,141.04000000000002,ours,0.013461672999937946,1421,213.0,0.0,0.05520046521960969,68,choice
235.35999999999999,27.2,47.0,136.0,38.0,0.7586546349466776,0.31176470588235294,0.17227558182277733,28.831539726437377,5.222222222222222,True,235.35999999999999,ours_ede,0.01309307099995749,1463,219.0,0.6687464549064092,0.0,68,choice
157.04,28.4,47.0,142.0,37.0,0.8370278123702781,0.24788732394366209,0.10417423054222703,29.556349052726876,4.7,True,157.04,centroid,5.028999794376432e-06,7,,0.11344299489506501,0.025139459535172784,68,choice
164.24,29.6,48.0,148.0,38.0,0.8421376393694733,0.2432432432432432,0.10276449432938142,30.757002906834277,4.8,True,164.24,weighted_centroid,1.252400011253485e-05,7,,0.16449234259784448,0.06678322415890008,68,choice
227.44,28.4,55.0,142.0,45.0,0.7800386847195357,0.2845070422535212,0.13749229466846716,30.031438178806958,5.5,True,227.44,geometric_median,3.932399999939662e-05,7,,0.612592172433352,0.04161756408969452,68,choice
250.16,27.2,46.0,136.0,39.0,0.7473131313131313,0.3205882352941176,0.19041367890712022,28.89096948029477,6.571428571428571,True,250.16,min_sum,0.022553501000174947,4578,,0.7736812251843446,0.0020612757563863056,68,choice
207.35999999999999,28.2,42.0,141.0,34.0,0.793177737881508,0.27234042553191484,0.14992458259483082,29.613811793937852,5.25,True,207.35999999999999,min_max,0.02228130000003148,4578,,0.47022121384004506,0.027132510955811453,68,choice
150.16,28.2,43.0,141.0,31.0,0.841167759678443,0.23546099290780154,0.09744360289808092,29.322842878950087,3.5833333333333335,True,150.16,min_range,0.022443495000061375,4578,,0.064662507090187,0.017040475714247227,68,choice
157.04,29.4,45.0,147.0,34.0,0.8462502447620912,0.23673469387755097,0.10026745185373816,30.50637922327961,4.090909090909091,True,157.04,random,0.0053893560000233265,700,,0.11344299489506501,0.05809053254642763,68,choice
141.04000000000002,29.4,44.0,147.0,31.0,0.8597175253630396,0.22585034013605454,0.08615746725378357,30.42305413233438,3.3846153846153846,True,141.04000000000002,exhaustive,0.023048739999921963,4578,,0.0,0.05520046521960969,68,choice
235.35999999999999,27.2,47.0,136.0,38.0,0.7586546349466776,0.31176470588235294,0.17227558182277733,28.831539726437377,5.222222222222222,True,235.35999999999999,exhaustive_ede,0.02371286500010683,4578,,0.6687464549064092,0.0,68,choice
196.4,30.0,47.0,150.0,35.0,0.8208682962422473,0.2586666666666666,0.11728522165837592,31.327683855329628,3.9166666666666665,True,196.4,ours,0.01411850400018011,1561,233.0,0.0,0.18800672305190808,69,choice
260.64,24.4,53.0,122.0,43.0,0.6955140186915888,0.3475409836065575,0.2025185114465832,26.36995502420302,5.3,True,260.64,ours_ede,0.013188018999926499,1547,231.0,0.32708757637474534,0.0,69,choice
438.16,35.8,59.0,179.0,49.0,0.7452261890917549,0.31508379888268156,0.196098866819284,38.02656292377677,5.9,True,438.16,centroid,5.359999931897619e-06,7,,1.2309572301425662,0.44204125069136524,69,choice
211.6,28.0,47.0,140.0,37.0,0.7874648453194054,0.2885714285714287,0.14578284319433393,29.475425936977746,4.7,True,211.6,weighted_centroid,1.1751999863918172e-05,7,,0.07739307535641542,0.11776549902813435,69,choice
366.56000000000006,33.8,54.0,169.0,44.0,0.7570841616964877,0.30295857988165675,0.18350959599018749,35.80108909393751,5.4,True,366.56000000000006,geometric_median,8.689300011610612e-05,7,,0.8663951120162935,0.35764695317372963,69,choice
354.24,24.4,59.0,122.0,52.0,0.6269587194608256,0.40000000000000013,0.2692359403242125,26.849504957546202,8.428571428571429,True,354.24,min_sum,0.028436591999934535,5754,,0.8036659877800407,0.018185466486501004,69,choice
244.4,31.0,45.0,155.0,35.0,0.7972457275593164,0.26064516129032267,0.14555300428104392,32.52030444116543,4.5,True,244.4,min_max,0.028806616000110807,5754,,0.24439918533604887,0.23323321603383326,69,choice
196.4,30.0,47.0,150.0,35.0,0.8208682962422473,0.2586666666666666,0.11728522165837592,31.327683855329628,3.9166666666666665,True,196.4,min_range,0.02774867199991604,5754,,0.0,0.18800672305190808,69,choice
252.56,26.2,51.0,131.0,43.0,0.7310330138445155,0.332824427480916,0.1842559120778151,28.010062280345814,6.375,True,252.56,random,0.005929337999987183,700,,0.2859470468431772,0.06219605815169052,69,choice
196.4,30.0,47.0,150.0,35.0,0.8208682962422473,0.2586666666666666,0.11728522165837592,31.327683855329628,3.9166666666666665,True,196.4,exhaustive,0.028119316999891453,5754,,0.0,0.18800672305190808,69,choice
260.64,24.4,53.0,122.0,43.0,0.6955140186915888,0.3475409836065575,0.2025185114465832,26.36995502420302,5.3,True,260.64,exhaustive_ede,0.029066723999903843,5754,,0.32708757637474534,0.0,69,choice
173.84,33.4,50.0,167.0,39.0,0.8651776019854196,0.21317365269461086,0.09047124346170163,34.487677839452054,4.545454545454546,True,173.84,ours,0.010562744000026214,1092,166.0,0.0,0.028450958345158223,70,choice
313.84,31.6,58.0,158.0,46.0,0.7608655897592197,0.30379746835443044,0.15588583046768037,33.53361437374212,4.833333333333333,True,313.84,ours_ede,0.01052588399988963,1120,170.0,0.8053382420616657,0.0,70,choice
356.56000000000006,34.8,68.0,174.0,58.0,0.7725440163306966,0.28735632183908044,0.14757610329829132,36.86034246686494,6.8,True,356.56000000000006,centroid,4.659000069295871e-06,7,,1.051081454210769,0.09920577173833542,70,choice
202.0,35.0,50.0,175.0,39.0,0.8584442887175894,0.22171428571428575,0.09637301641465604,36.19351828128625,4.545454545454546,True,202.0,weighted_centroid,1.1342000107106287e-05,7,,0.16198803497468936,0.0793205253063005,70,choice
449.35999999999996,37.8,75.0,189.0,65.0,0.7607496539239698,0.29841269841269846,0.15859776949857668,40.154122458761044,7.5,True,449.35999999999996,geometric_median,4.229899991514685e-05,7,,1.5849056603773584,0.19742900396096263,70,choice
441.36,31.2,62.0,156.0,50.0,0.6880407124681934,0.35128205128205137,0.22199054879200944,33.702797000196355,5.166666666666667,True,441.36,min_sum,0.01481680899996718,2975,,1.538886332259549,0.005045165265176797,70,choice
190.64000000000001,34.6,48.0,173.0,37.0,0.8626315030984292,0.21502890173410405,0.09353179126223851,35.74189444503016,4.363636363636363,True,190.64000000000001,min_max,0.014355463999891072,2975,,0.09664058904739997,0.06585273053706961,70,choice
190.64000000000001,34.6,48.0,173.0,37.0,0.8626315030984292,0.21502890173410405,0.09353179126223851,35.74189444503016,4.363636363636363,True,190.64000000000001,min_range,0.014424903999952221,2975,,0.09664058904739997,0.06585273053706961,70,choice
225.84,35.4,57.0,177.0,45.0,0.8473022312373225,0.23728813559322037,0.09944691484100894,36.73519453576706,4.75,True,225.84,random,0.004698128999962137,700,,0.2991256327657616,0.09547375735709175,70,choice
173.84,33.4,50.0,167.0,39.0,0.8651776019854196,0.21317365269461086,0.09047124346170163,34.487677839452054,4.545454545454546,True,173.84,exhaustive,0.014653633000079935,2975,,0.0,0.028450958345158223,70,choice
313.84,31.6,58.0,158.0,46.0,0.7608655897592197,0.30379746835443044,0.15588583046768037,33.53361437374212,4.833333333333333,True,313.84,exhaustive_ede,0.015393069000083415,2975,,0.8053382420616657,0.0,70,choice
58.239999999999995,16.4,27.0,82.0,18.0,0.8220048899755501,0.24878048780487805,0.10705124260301209,17.142148266169364,3.0,True,58.239999999999995,ours,0.009964755000055447,1029,157.0,0.0,0.25747097473490427,71,choice
76.23999999999998,12.6,26.0,63.0,23.0,0.6755744680851063,0.3746031746031746,0.26446757164473983,13.63224170624154,8.666666666666666,True,76.23999999999998,ours_ede,0.010022191999951247,1029,157.0,0.30906593406593386,0.0,71,choice
81.76,14.8,27.0,74.0,22.0,0.7281914893617021,0.33513513513513526,0.19922611770887588,15.808535952740884,5.4,True,81.76,centroid,4.699000101027195e-06,7,,0.4038461538461541,0.15964316752856023,71,choice
92.16000000000001,15.2,29.0,76.0,24.0,0.7148514851485148,0.34736842105263155,0.210403621817938,16.294252810785892,5.8,True,92.16000000000001,weighted_centroid,1.2053000091327704e-05,7,,0.5824175824175828,0.19527317384092055,71,choice
141.44,11.6,33.0,58.0,32.0,0.487536231884058,0.5310344827586206,0.498808617618805,13.192885614091336,33.0,True,141.44,geometric_median,0.00015243600000758306,7,,1.4285714285714288,-0.03222918883172708,71,choice
135.76,12.2,33.0,61.0,31.0,0.5229796205200281,0.4918032786885247,0.42525319162340347,13.756063559004575,16.5,True,135.76,min_sum,0.012613600999884511,2569,,1.3310439560439562,0.009083014769782348,71,choice
67.84,15.4,24.0,77.0,20.0,0.7775737704918033,0.2857142857142858,0.16637820306327655,16.229095993560044,6.0,True,67.84,min_max,0.01261180799997419,2569,,0.164835164835165,0.19049356248793112,71,choice
64.96000000000001,18.2,28.0,91.0,18.0,0.8360424028268552,0.22857142857142865,0.09629846024920488,18.958706547255456,2.8,True,64.96000000000001,min_range,0.012668965999864668,2569,,0.11538461538461561,0.3907255281847876,71,choice
58.239999999999995,16.4,27.0,82.0,18.0,0.8220048899755501,0.24878048780487805,0.10705124260301209,17.142148266169364,3.0,True,58.239999999999995,random,0.00463353800000732,700,,0.0,0.25747097473490427,71,choice
58.239999999999995,16.4,27.0,82.0,18.0,0.8220048899755501,0.24878048780487805,0.10705124260301209,17.142148266169364,3.0,True,58.239999999999995,exhaustive,0.01293205900014982,2569,,0.0,0.25747097473490427,71,choice
76.23999999999998,12.6,26.0,63.0,23.0,0.6755744680851063,0.3746031746031746,0.26446757164473983,13.63224170624154,8.666666666666666,True,76.23999999999998,exhaustive_ede,0.013486307999983183,2569,,0.30906593406593386,0.0,71,choice
37.84,53.4,60.0,267.0,18.0,0.9869038554717242,0.05992509363295895,0.006929016482709394,53.57156561829585,1.4285714285714286,True,37.84,ours,0.011305457999924329,1225,185.0,0.0,0.25532481453369876,72,choice
387.84000000000003,40.6,78.0,203.0,54.0,0.8095275513210883,0.24236453201970454,0.10475575595793511,42.67546136112626,3.25,True,387.84000000000003,ours_ede,0.011291010999912032,1218,184.0,9.249471458773783,0.0,72,choice
1005.2,39.0,99.0,195.0,94.0,0.6020900957960573,0.4041025641025642,0.3068781337356903,43.214557210237174,19.8,True,1005.2,centroid,4.747999810206238e-06,7,,25.564482029598306,0.01263245509050279,72,choice
337.36,43.2,78.0,216.0,51.0,0.8469050644400072,0.21296296296296302,0.08138063931461911,44.96335480237887,2.888888888888889,True,337.36,weighted_centroid,1.1571999948500888e-05,7,,7.915433403805496,0.053611451833926536,72,choice
1147.8399999999997,38.4,102.0,192.0,102.0,0.562294081757169,0.43333333333333335,0.40396557988213805,42.946136385824964,inf,True,1147.8399999999997,geometric_median,6.367900004988769e-05,7,,29.33403805496828,0.00634263851088125,72,choice
954.6400000000001,38.6,97.0,193.0,92.0,0.6094903051623988,0.3958549222797927,0.2990428680035271,42.689125059790214,19.4,True,954.6400000000001,min_sum,0.018261961999996856,3752,,24.228329809725157,0.0003201769407559569,72,choice
53.839999999999996,48.4,56.0,242.0,20.0,0.9775329661158404,0.0826446280991735,0.011949210923884773,48.6676025105449,1.5555555555555556,True,53.839999999999996,min_max,0.01812187899986384,3752,,0.42283298097251565,0.14041186570221775,72,choice
56.64,54.4,65.0,272.0,18.0,0.9812201591511936,0.07205882352941173,0.009418312723493683,54.657700587474366,1.3829787234042554,True,56.64,min_range,0.01792193500000394,3752,,0.496828752642706,0.2807758567611624,72,choice
40.239999999999995,52.6,62.0,263.0,19.0,0.985664410402565,0.06692015209125479,0.007327968306891963,52.7882135025577,1.441860465116279,True,40.239999999999995,random,0.004985488000102123,700,,0.06342494714587715,0.23696878297004906,72,choice
37.84,53.4,60.0,267.0,18.0,0.9869038554717242,0.05992509363295895,0.006929016482709394,53.57156561829585,1.4285714285714286,True,37.84,exhaustive,0.01849418799997693,3752,,0.0,0.25532481453369876,72,choice
387.84000000000003,40.6,78.0,203.0,54.0,0.8095275513210883,0.24236453201970454,0.10475575595793511,42.67546136112626,3.25,True,387.84000000000003,exhaustive_ede,0.018673804999934873,3752,,9.249471458773783,0.0,72,choice
33.44,12.4,19.0,62.0,14.0,0.8213675213675213,0.25161290322580654,0.11984331524691241,12.941298127871349,3.8,True,33.44,ours,0.010216389000106574,1015,155.0,0.0,0.10217367189995456,73,choice
60.56,10.8,22.0,54.0,20.0,0.6582392776523702,0.3925925925925926,0.27016646925300175,11.741614282586532,11.0,True,60.56,ours_ede,0.010009810999918045,1015,155.0,0.8110047846889954,0.0,73,choice
38.96,13.8,22.0,69.0,16.0,0.8301656495204882,0.24347826086956537,0.11017366190278036,14.378077771680063,3.6666666666666665,True,38.96,centroid,4.7190001168928575e-06,7,,0.16507177033492834,0.22454012077398533,73,choice
37.839999999999996,13.6,22.0,68.0,16.0,0.8301615798922801,0.24705882352941178,0.10906121074962083,14.172387944977467,3.6666666666666665,True,37.839999999999996,weighted_centroid,1.2123000033170683e-05,7,,0.13157894736842102,0.207022101381401,73,choice
52.0,12.0,21.0,60.0,18.0,0.7346938775510204,0.32666666666666666,0.19079077969015304,12.801585957659276,7.0,True,52.0,geometric_median,4.946300009578408e-05,7,,0.5550239234449762,0.09027478245855346,73,choice
60.56,10.8,22.0,54.0,20.0,0.6582392776523702,0.3925925925925926,0.27016646925300175,11.741614282586532,11.0,True,60.56,min_sum,0.011733403999869552,2366,,0.8110047846889954,0.0,73,choice
41.839999999999996,12.4,18.0,62.0,14.0,0.7860940695296523,0.2645161290322582,0.1566644489997776,13.040834401770418,4.5,True,41.839999999999996,min_max,0.011575947999972414,2366,,0.2511961722488038,0.11065089415436698,73,choice
33.44,12.4,19.0,62.0,14.0,0.8213675213675213,0.25161290322580654,0.11984331524691241,12.941298127871349,3.8,True,33.44,min_range,0.011622035000073083,2366,,0.0,0.10217367189995456,73,choice
33.44,12.4,19.0,62.0,14.0,0.8213675213675213,0.25161290322580654,0.11984331524691241,12.941298127871349,3.8,True,33.44,random,0.004526158000089708,700,,0.0,0.10217367189995456,73,choice
33.44,12.4,19.0,62.0,14.0,0.8213675213675213,0.25161290322580654,0.11984331524691241,12.941298127871349,3.8,True,33.44,exhaustive,0.011836055999992823,2366,,0.0,0.10217367189995456,73,choice
60.56,10.8,22.0,54.0,20.0,0.6582392776523702,0.3925925925925926,0.27016646925300175,11.741614282586532,11.0,True,60.56,exhaustive_ede,0.012413779000098657,2366,,0.8110047846889954,0.0,73,choice
33.44,24.6,32.0,123.0,17.0,0.9476354525524585,0.13008130081300817,0.029281785951695803,24.916132855223452,2.1333333333333333,True,33.44,ours,0.013100036000196269,1449,217.0,0.0,0.14210792524978677,74,choice
177.36,20.2,44.0,101.0,39.0,0.6970276733857191,0.35247524752475257,0.21090804938889432,21.81591800947719,8.8,True,177.36,ours_ede,0.012589688999923965,1477,221.0,4.303827751196173,0.0,74,choice
568.8,33.0,62.0,165.0,53.0,0.6568946796959826,0.3733333333333333,0.26417837306904657,35.886738108452484,6.888888888888889,True,568.8,centroid,4.93899983666779e-06,7,,16.009569377990427,0.6449795095884895,74,choice
218.64000000000001,23.6,48.0,118.0,42.0,0.7181021144920062,0.34237288135593236,0.19686459385002175,25.32216103191159,8.0,True,218.64000000000001,weighted_centroid,1.204300019708171e-05,7,,5.538277511961724,0.16071948111059234,74,choice
368.96000000000004,26.8,52.0,134.0,46.0,0.6606328182487123,0.37611940298507474,0.2632882910981783,29.116467180955357,8.666666666666666,True,368.96000000000004,geometric_median,4.864200013798836e-05,7,,10.033492822966508,0.33464322557073645,74,choice
200.56,20.2,46.0,101.0,41.0,0.6704567860663818,0.3683168316831684,0.23263280675089626,21.974243819354122,9.2,True,200.56,min_sum,0.026087860999950863,5299,,4.997607655502393,0.00725735262701996,74,choice
34.160000000000004,23.8,30.0,119.0,16.0,0.9431235431235431,0.134453781512605,0.032341057540914916,24.13043464495062,2.142857142857143,True,34.160000000000004,min_max,0.02503055800002585,5299,,0.021531100478469078,0.10609302044809502,74,choice
34.160000000000004,23.8,30.0,119.0,16.0,0.9431235431235431,0.134453781512605,0.032341057540914916,24.13043464495062,2.142857142857143,True,34.160000000000004,min_range,0.025168798000095194,5299,,0.021531100478469078,0.10609302044809502,74,choice
33.44,24.6,32.0,123.0,17.0,0.9476354525524585,0.13008130081300817,0.029281785951695803,24.916132855223452,2.1333333333333333,True,33.44,random,0.005675893999978143,700,,0.0,0.14210792524978677,74,choice
33.44,24.6,32.0,123.0,17.0,0.9476354525524585,0.13008130081300817,0.029281785951695803,24.916132855223452,2.1333333333333333,True,33.44,exhaustive,0.02570358999992095,5299,,0.0,0.14210792524978677,74,choice
177.36,20.2,44.0,101.0,39.0,0.6970276733857191,0.35247524752475257,0.21090804938889432,21.81591800947719,8.8,True,177.36,exhaustive_ede,0.026486478999913743,5299,,4.303827751196173,0.0,74,choice
101.44,34.4,45.0,172.0,27.0,0.9210460772104607,0.1581395348837209,0.04604034602118882,35.06556520642934,2.5,True,101.44,ours,0.010842049000075349,1120,170.0,0.0,0.29818837931148934,75,choice
225.04000000000002,25.4,45.0,127.0,40.0,0.7413927832682142,0.32440944881889777,0.20244497029958558,27.011153208001144,9.0,True,225.04000000000002,ours_ede,0.011720476000164126,1267,191.0,1.218454258675079,0.0,75,choice
216.8,27.0,48.0,135.0,41.0,0.7707760625925143,0.30222222222222217,0.16479742220396953,28.536528403135872,6.857142857142857,True,216.8,centroid,4.668999963541864e-06,7,,1.1372239747634072,0.05647205002276198,75,choice
214.0,28.0,49.0,140.0,40.0,0.7855711422845691,0.2857142857142858,0.14789216191021942,29.494326719575945,5.444444444444445,True,214.0,weighted_centroid,1.0991000181093113e-05,7,,1.109621451104101,0.0919314141256007,75,choice
325.36,24.8,43.0,124.0,43.0,0.6540195661420672,0.38387096774193563,0.37276721597154483,26.861928242668494,inf,True,325.36,geometric_median,1.9346000044606626e-05,7,,2.2074132492113567,-0.00552456846931092,75,choice
225.04000000000002,25.4,45.0,127.0,40.0,0.7413927832682142,0.32440944881889777,0.20244497029958558,27.011153208001144,9.0,True,225.04000000000002,min_sum,0.018005899999934627,3654,,1.218454258675079,0.0,75,choice
232.64000000000001,26.6,40.0,133.0,34.0,0.7525632844075728,0.2917293233082707,0.1960719735245654,28.184883880150302,6.666666666666667,True,232.64000000000001,min_max,0.018053548999887425,3654,,1.2933753943217667,0.04345355650352168,75,choice
101.44,34.4,45.0,172.0,27.0,0.9210460772104607,0.1581395348837209,0.04604034602118882,35.06556520642934,2.5,True,101.44,min_range,0.017932041000221943,3654,,0.0,0.29818837931148934,75,choice
101.44,34.4,45.0,172.0,27.0,0.9210460772104607,0.1581395348837209,0.04604034602118882,35.06556520642934,2.5,True,101.44,random,0.005142470999999205,700,,0.0,0.29818837931148934,75,choice
101.44,34.4,45.0,172.0,27.0,0.9210460772104607,0.1581395348837209,0.04604034602118882,35.06556520642934,2.5,True,101.44,exhaustive,0.018391444000144475,3654,,0.0,0.29818837931148934,75,choice
225.04000000000002,25.4,45.0,127.0,40.0,0.7413927832682142,0.32440944881889777,0.20244497029958558,27.011153208001144,9.0,True,225.04000000000002,exhaustive_ede,0.01906401399992319,3654,,1.218454258675079,0.0,75,choice
56.24000000000001,77.4,87.0,387.0,23.0,0.9906995204233504,0.05064599483204146,0.00482213997151921,77.57790351286293,1.359375,True,56.24000000000001,ours,0.009132411000109641,812,126.0,0.0,1.6368637362198728,76,choice
330.15999999999997,27.2,60.0,136.0,55.0,0.6914392523364487,0.3500000000000001,0.2208787753014827,29.420520464237658,12.0,True,330.15999999999997,ours_ede,0.009163139000065712,882,136.0,4.8705547652916055,0.0,76,choice
1029.84,29.6,92.0,148.0,85.0,0.45968520461699897,0.5135135135135136,0.48322239811081824,34.024590229301744,13.142857142857142,True,1029.84,centroid,4.538999974101898e-06,7,,17.31152204836415,0.1564917850675211,76,choice
747.76,32.8,85.0,164.0,75.0,0.5899539372669445,0.41463414634146356,0.2987741637280262,36.48191177178092,8.5,True,747.76,weighted_centroid,1.1351000011927681e-05,7,,12.29587482219061,0.24001585274899515,76,choice
1122.6399999999999,30.4,96.0,152.0,88.0,0.45151455931209694,0.5105263157894737,0.48946828033749384,35.028575886061624,12.0,True,1122.6399999999999,geometric_median,3.683899990392092e-05,7,,18.961593172119482,0.1906171384235327,76,choice
474.64,26.6,67.0,133.0,65.0,0.5985112502114701,0.42105263157894735,0.32937124708803833,29.4723784565407,33.5,True,474.64,min_sum,0.008326940999950239,1701,,7.439544807965859,0.001762647005720988,76,choice
65.36,37.8,47.0,189.0,24.0,0.9562575291125686,0.11216931216931214,0.02491083995138096,38.20057202969229,2.0434782608695654,True,65.36,min_max,0.008189352000044892,1701,,0.16216216216216198,0.29843291100602015,76,choice
63.44,43.6,55.0,218.0,23.0,0.9677051517002647,0.10275229357798166,0.016927293269887296,43.95105716550245,1.71875,True,63.44,min_range,0.0081649969999944,1701,,0.12802275960170675,0.4938912185094583,76,choice
56.24000000000001,77.4,87.0,387.0,23.0,0.9906995204233504,0.05064599483204146,0.00482213997151921,77.57790351286293,1.359375,True,56.24000000000001,random,0.004164857999967353,700,,0.0,1.6368637362198728,76,choice
56.24000000000001,77.4,87.0,387.0,23.0,0.9906995204233504,0.05064599483204146,0.00482213997151921,77.57790351286293,1.359375,True,56.24000000000001,exhaustive,0.008291463999967164,1701,,0.0,1.6368637362198728,76,choice
330.15999999999997,27.2,60.0,136.0,55.0,0.6914392523364487,0.3500000000000001,0.2208787753014827,29.420520464237658,12.0,True,330.15999999999997,exhaustive_ede,0.008596104999924137,1701,,4.8705547652916055,0.0,76,choice
170.16000000000003,32.2,55.0,161.0,39.0,0.8590223695111847,0.21614906832298142,0.07925477286750142,33.376354033920364,3.4375,True,170.16000000000003,ours,0.011806444000058036,1260,190.0,0.0,0.14977723476971191,77,choice
278.0,27.0,59.0,135.0,46.0,0.7239324726911619,0.3051851851851852,0.16529830300613058,29.028539637597966,4.538461538461538,True,278.0,ours_ede,0.011619545000030485,1260,190.0,0.633756464503996,0.0,77,choice
1559.3600000000001,33.2,112.0,166.0,102.0,0.414126840997896,0.5060240963855422,0.5353422841329284,38.64889066516296,11.2,True,1559.3600000000001,centroid,4.73900013275852e-06,7,,8.16408086506817,0.33141009322786075,77,choice
345.44000000000005,35.6,69.0,178.0,52.0,0.785813492063492,0.27191011235955065,0.1256537490941392,37.61681646107969,4.0588235294117645,True,345.44000000000005,weighted_centroid,1.1432000064814929e-05,7,,1.0300893276915843,0.2958563169453459,77,choice
8.1875,9.25,13.0,37.0,7.0,0.9126666666666666,0.16891891891891886,0.048163408111816956,9.452632295615095,2.1666666666666665,False,inf,geometric_median,4.3852000089827925e-05,7,,-0.9518835213916315,-0.6743676253223575,77,choice
278.0,27.0,59.0,135.0,46.0,0.7239324726911619,0.3051851851851852,0.16529830300613058,29.028539637597966,4.538461538461538,True,278.0,min_sum,0.020155064999926253,4032,,0.633756464503996,0.0,77,choice
190.96,30.2,47.0,151.0,36.0,0.8268721668177698,0.2516556291390728,0.11101265365401511,31.50288978931319,4.2727272727272725,True,190.96,min_max,0.019355447999942044,4032,,0.12223789374706147,0.08523853361573963,77,choice
202.4,32.0,49.0,160.0,34.0,0.8349641226353555,0.2350000000000001,0.09931910423837156,33.33434396678862,3.2666666666666666,True,202.4,min_range,0.019541126000149234,4032,,0.18946873530794534,0.1483300359902966,77,choice
171.35999999999996,30.2,50.0,151.0,38.0,0.8418312719217279,0.2410596026490066,0.09734175896241276,31.403836204114537,4.166666666666667,True,171.35999999999996,random,0.005084688999886566,700,,0.0070521861777146895,0.08182625086106883,77,choice
170.16000000000003,32.2,55.0,161.0,39.0,0.8590223695111847,0.21614906832298142,0.07925477286750142,33.376354033920364,3.4375,True,170.16000000000003,exhaustive,0.019632095999895682,4032,,0.0,0.14977723476971191,77,choice
278.0,27.0,59.0,135.0,46.0,0.7239324726911619,0.3051851851851852,0.16529830300613058,29.028539637597966,4.538461538461538,True,278.0,exhaustive_ede,0.020105041000078927,4032,,0.633756464503996,0.0,77,choice
175.35999999999999,26.2,42.0,131.0,33.0,0.7965189139011372,0.2748091603053435,0.1425326169840531,27.50348920724095,4.666666666666667,True,175.35999999999999,ours,0.01088555199999064,1113,169.0,0.0,0.05673775589151815,78,choice
248.95999999999998,24.2,44.0,121.0,37.0,0.7017014138509465,0.35041322314049594,0.2199315112651575,26.026787681147624,6.285714285714286,True,248.95999999999998,ours_ede,0.010203683999861823,1029,157.0,0.4197080291970803,0.0,78,choice
303.03999999999996,27.6,53.0,138.0,46.0,0.7154019534184823,0.3449275362318842,0.20453355768611084,29.601157817700894,7.571428571428571,True,303.03999999999996,centroid,4.45799992121465e-06,7,,0.7281021897810218,0.13733427960233247,78,choice
218.0,25.0,45.0,125.0,37.0,0.741399762752076,0.3264,0.18932288173599038,26.611188740250153,5.625,True,218.0,weighted_centroid,1.1170999869136722e-05,7,,0.24315693430656946,0.022453829733503256,78,choice
496.8,26.0,55.0,130.0,54.0,0.5763983628922238,0.46461538461538465,0.41721479545187246,28.789508062301444,55.0,True,496.8,geometric_median,0.0001076020000709832,7,,1.8330291970802923,0.10614911125413232,78,choice
291.6,24.0,52.0,120.0,48.0,0.6639004149377593,0.3933333333333333,0.2678775636031376,26.075301644511125,13.0,True,291.6,min_sum,0.012655630999915957,2541,,0.6628649635036499,0.0018640011959156076,78,choice
196.4,30.0,42.0,150.0,32.0,0.8208682962422473,0.2373333333333334,0.12468464449405574,31.29738845425104,4.2,True,196.4,min_max,0.012284233999935168,2541,,0.11998175182481764,0.20250677254808314,78,choice
196.4,30.0,42.0,150.0,32.0,0.8208682962422473,0.2373333333333334,0.12468464449405574,31.29738845425104,4.2,True,196.4,min_range,0.01230698799986385,2541,,0.11998175182481764,0.20250677254808314,78,choice
194.24,28.6,43.0,143.0,34.0,0.8081011657775143,0.26293706293706287,0.13485213584124484,29.93264465625616,4.777777777777778,True,194.24,random,0.004517671000030532,700,,0.10766423357664248,0.15007065116751703,78,choice
175.35999999999999,26.2,42.0,131.0,33.0,0.7965189139011372,0.2748091603053435,0.1425326169840531,27.50348920724095,4.666666666666667,True,175.35999999999999,exhaustive,0.012654347999841775,2541,,0.0,0.05673775589151815,78,choice
248.95999999999998,24.2,44.0,121.0,37.0,0.7017014138509465,0.35041322314049594,0.2199315112651575,26.026787681147624,6.285714285714286,True,248.95999999999998,exhaustive_ede,0.01325675900011447,2541,,0.4197080291970803,0.0,78,choice
4.5600000000000005,12.8,15.0,64.0,6.0,0.9729216152019002,0.08750000000000013,0.014746379687590554,12.884632826184053,1.6666666666666667,True,4.5600000000000005,ours,0.009576517000141394,889,137.0,0.0,0.08535326149326625,79,choice
25.839999999999996,11.4,19.0,57.0,15.0,0.8341463414634146,0.2456140350877194,0.10697846347815673,11.871372467667285,4.75,True,25.839999999999996,ours_ede,0.010306165999963923,994,152.0,4.666666666666665,0.0,79,choice
354.16,15.8,53.0,79.0,50.0,0.41344816164292814,0.5417721518987342,0.5599757063337512,18.38226821781521,17.666666666666668,True,354.16,centroid,5.029000021750107e-06,7,,76.66666666666666,0.5484534975110009,79,choice
108.56000000000002,13.8,34.0,69.0,29.0,0.6369230769230769,0.36521739130434794,0.24142628089112012,15.178190730776693,6.8,True,108.56000000000002,weighted_centroid,1.19430001177534e-05,7,,22.80701754385965,0.2785539980415756,79,choice
240.0,14.0,44.0,70.0,44.0,0.44954128440366975,0.5371428571428571,0.5567899966514058,16.124356767684436,inf,True,240.0,geometric_median,0.00025270399987675773,7,,51.63157894736842,0.3582554849155414,79,choice
25.839999999999996,11.4,19.0,57.0,15.0,0.8341463414634146,0.2456140350877194,0.10697846347815673,11.871372467667285,4.75,True,25.839999999999996,min_sum,0.011816728999974657,2394,,4.666666666666665,0.0,79,choice
4.5600000000000005,12.8,15.0,64.0,6.0,0.9729216152019002,0.08750000000000013,0.014746379687590554,12.884632826184053,1.6666666666666667,True,4.5600000000000005,min_max,0.011567180999918492,2394,,0.0,0.08535326149326625,79,choice
4.5600000000000005,12.8,15.0,64.0,6.0,0.9729216152019002,0.08750000000000013,0.014746379687590554,12.884632826184053,1.6666666666666667,True,4.5600000000000005,min_range,0.011649054000145043,2394,,0.0,0.08535326149326625,79,choice
6.159999999999999,14.8,18.0,74.0,7.0,0.9726465364120781,0.09189189189189184,0.014436608440552398,14.9002575187182,1.6363636363636365,True,6.159999999999999,random,0.0045068709998759005,700,,0.35087719298245584,0.25514194414338753,79,choice
4.5600000000000005,12.8,15.0,64.0,6.0,0.9729216152019002,0.08750000000000013,0.014746379687590554,12.884632826184053,1.6666666666666667,True,4.5600000000000005,exhaustive,0.01191193799991197,2394,,0.0,0.08535326149326625,79,choice
25.839999999999996,11.4,19.0,57.0,15.0,0.8341463414634146,0.2456140350877194,0.10697846347815673,11.871372467667285,4.75,True,25.839999999999996,exhaustive_ede,0.012332617000083701,2394,,4.666666666666665,0.0,79,choice
440.24000000000007,43.4,63.0,217.0,57.0,0.8105516825888631,0.2525345622119817,0.15633432170305367,45.33355467412979,10.5,True,440.24000000000007,ours,0.012284030000046187,1316,198.0,0.0,0.11171530230361053,80,choice
456.64,38.6,63.0,193.0,59.0,0.7654166238569814,0.3067357512953368,0.1975104891731346,40.778025255380676,15.75,True,456.64,ours_ede,0.012117398000100366,1365,205.0,0.03725240777757568,0.0,80,choice
930.5599999999998,41.8,99.0,209.0,84.0,0.6524908506983345,0.3712918660287081,0.23777845547295398,45.7298202850363,6.6,True,930.5599999999998,centroid,5.129000101078418e-06,7,,1.113756133018353,0.12143292860907308,80,choice
539.44,39.4,73.0,197.0,66.0,0.742116837173726,0.3309644670050762,0.19795448165575324,41.92686284994431,10.428571428571429,True,539.44,weighted_centroid,1.2634000086109154e-05,7,,0.22533163728875152,0.028172958042200463,80,choice
1040.6399999999999,41.4,100.0,207.0,88.0,0.6222173818340231,0.4057971014492754,0.285783105642431,45.577645634855486,8.333333333333334,True,1040.6399999999999,geometric_median,3.420400003051327e-05,7,,1.3638015627839355,0.11770114784657204,80,choice
568.24,38.4,68.0,192.0,66.0,0.7218327785392599,0.3416666666666668,0.2458553111712467,41.02188843840321,34.0,True,568.24,min_sum,0.0229112439999426,4592,,0.29075049972742123,0.005980259747628546,80,choice
449.03999999999996,39.4,58.0,197.0,55.0,0.7756370540621564,0.2822335025380711,0.1997381801332303,41.486356457939316,19.333333333333332,True,449.03999999999996,min_max,0.021844774999863148,4592,,0.019989096856259988,0.0173704145338714,80,choice
477.43999999999994,42.6,64.0,213.0,53.0,0.7917110199808045,0.27417840375586855,0.15347799882303442,44.74428708100358,5.818181818181818,True,477.43999999999994,min_range,0.02177145699988614,4592,,0.08449936398328155,0.0972646860848062,80,choice
448.24000000000007,39.4,59.0,197.0,57.0,0.7759472158352494,0.2781725888324873,0.20871067018315212,41.470818860776774,29.5,True,448.24000000000007,random,0.0053251340000315395,700,,0.018171906232963834,0.016989385853222093,80,choice
440.24000000000007,43.4,63.0,217.0,57.0,0.8105516825888631,0.2525345622119817,0.15633432170305367,45.33355467412979,10.5,True,440.24000000000007,exhaustive,0.022106103999931292,4592,,0.0,0.11171530230361053,80,choice
456.64,38.6,63.0,193.0,59.0,0.7654166238569814,0.3067357512953368,0.1975104891731346,40.778025255380676,15.75,True,456.64,exhaustive_ede,0.022360260999903403,4592,,0.03725240777757568,0.0,80,choice
9.84,19.6,23.0,98.0,9.0,0.9750253807106599,0.08571428571428585,0.013501960601377372,19.719812240129414,1.6428571428571428,True,9.84,ours,0.012320747999865489,1330,200.0,0.0,0.14814308682143323,81,choice
28.160000000000004,16.8,23.0,84.0,13.0,0.9092783505154639,0.17142857142857149,0.05241132422706327,17.17539605165638,2.3,True,28.160000000000004,ours_ede,0.01191591899987543,1288,194.0,1.8617886178861793,0.0,81,choice
60.4,22.0,36.0,110.0,21.0,0.8890521675238795,0.18545454545454554,0.05837686679547303,22.637221424958373,2.4,True,60.4,centroid,4.9899999794433825e-06,7,,5.138211382113822,0.31800287788852805,81,choice
35.760000000000005,18.2,28.0,91.0,17.0,0.9025613079019074,0.18021978021978025,0.05332458182856855,18.651351470337897,2.5454545454545454,True,35.760000000000005,weighted_centroid,1.1712000059560523e-05,7,,2.634146341463415,0.08593428729343189,81,choice
29.839999999999996,19.6,29.0,98.0,15.0,0.9279227053140097,0.15102040816326534,0.03721288597545118,19.96327110363013,2.0714285714285716,True,29.839999999999996,geometric_median,5.926099993303069e-05,7,,2.0325203252032518,0.16231794851128856,81,choice
28.160000000000004,16.8,23.0,84.0,13.0,0.9092783505154639,0.17142857142857149,0.05241132422706327,17.17539605165638,2.3,True,28.160000000000004,min_sum,0.01955174799991255,3899,,1.8617886178861793,0.0,81,choice
9.84,19.6,23.0,98.0,9.0,0.9750253807106599,0.08571428571428585,0.013501960601377372,19.719812240129414,1.6428571428571428,True,9.84,min_max,0.019162287999961336,3899,,0.0,0.14814308682143323,81,choice
9.84,19.6,23.0,98.0,9.0,0.9750253807106599,0.08571428571428585,0.013501960601377372,19.719812240129414,1.6428571428571428,True,9.84,min_range,0.018986498999993273,3899,,0.0,0.14814308682143323,81,choice
17.6,20.0,24.0,100.0,10.0,0.9578544061302682,0.1120000000000001,0.022845126456353594,20.207692636317628,1.7142857142857142,True,17.6,random,0.005160590999821579,700,,0.788617886178862,0.17654885951633204,81,choice
9.84,19.6,23.0,98.0,9.0,0.9750253807106599,0.08571428571428585,0.013501960601377372,19.719812240129414,1.6428571428571428,True,9.84,exhaustive,0.019397848999915368,3899,,0.0,0.14814308682143323,81,choice
28.160000000000004,16.8,23.0,84.0,13.0,0.9092783505154639,0.17142857142857149,0.05241132422706327,17.17539605165638,2.3,True,28.160000000000004,exhaustive_ede,0.020130693000055544,3899,,1.8617886178861793,0.0,81,choice
8.16,17.2,21.0,86.0,8.0,0.9731578947368421,0.09302325581395343,0.014056873180805951,17.314711277805333,1.6153846153846154,True,8.16,ours,0.011753208000072846,1232,186.0,0.0,0.6946374623307282,82,choice
30.240000000000002,9.6,19.0,48.0,16.0,0.7529411764705882,0.30833333333333335,0.16119105474281545,10.217354249912225,6.333333333333333,True,30.240000000000002,ours_ede,0.012900961000013922,1414,212.0,2.7058823529411766,0.0,82,choice
38.56,9.8,20.0,49.0,18.0,0.7135215453194651,0.3510204081632653,0.2080537495889167,10.523182767658847,10.0,True,38.56,centroid,5.1389999953244114e-06,7,,3.7254901960784315,0.029932261353202056,82,choice
38.56,9.8,20.0,49.0,18.0,0.7135215453194651,0.3510204081632653,0.2080537495889167,10.523182767658847,10.0,True,38.56,weighted_centroid,1.163200022347155e-05,7,,3.7254901960784315,0.029932261353202056,82,choice
48.4,10.0,20.0,50.0,20.0,0.6738544474393531,0.3920000000000001,0.3186344369860998,10.81307948607891,inf,True,48.4,geometric_median,3.196000011485012e-05,7,,4.931372549019607,0.058305234564202744,82,choice
30.240000000000002,9.6,19.0,48.0,16.0,0.7529411764705882,0.30833333333333335,0.16119105474281545,10.217354249912225,6.333333333333333,True,30.240000000000002,min_sum,0.021369739999954618,4305,,2.7058823529411766,0.0,82,choice
12.16,12.2,16.0,61.0,9.0,0.924472049689441,0.1573770491803279,0.042645046333849135,12.42791042640502,2.2857142857142856,True,12.16,min_max,0.02098558000011508,4305,,0.49019607843137253,0.2163530912625239,82,choice
11.36,13.8,18.0,69.0,8.0,0.9437066402378592,0.1333333333333333,0.030256378352510105,13.993734570632048,1.8,True,11.36,min_range,0.02093858199987153,4305,,0.3921568627450979,0.3696045207351273,82,choice
10.16,13.8,19.0,69.0,10.0,0.9493519441674975,0.12173913043478257,0.02688660604576206,13.975798894959741,2.111111111111111,True,10.16,random,0.005258279999907245,700,,0.24509803921568626,0.3678491078137772,82,choice
8.16,15.2,19.0,76.0,8.0,0.9658862876254181,0.10526315789473695,0.018067422894303447,15.328724296716057,1.7272727272727273,True,8.16,exhaustive,0.021193048999975872,4305,,0.0,0.5002635635196601,82,choice
30.240000000000002,9.6,19.0,48.0,16.0,0.7529411764705882,0.30833333333333335,0.16119105474281545,10.217354249912225,6.333333333333333,True,30.240000000000002,exhaustive_ede,0.022105880999788496,4305,,2.7058823529411766,0.0,82,choice
50.239999999999995,29.4,39.0,147.0,20.0,0.945068882571616,0.13605442176870763,0.02978016678911124,29.80189554209152,2.0526315789473686,True,50.239999999999995,ours,0.014386714000011125,1554,232.0,0.0,0.06943717125392762,83,choice
80.56,27.2,40.0,136.0,23.0,0.9018039980497319,0.17941176470588238,0.05578230759455364,27.866897040008855,2.3529411764705883,True,80.56,ours_ede,0.012898073000087606,1456,218.0,0.603503184713376,0.0,83,choice
202.8,29.0,53.0,145.0,41.0,0.805709906112282,0.26758620689655177,0.11754810903904842,30.458460443990013,4.416666666666667,True,202.8,centroid,4.809000074601499e-06,7,,3.036624203821656,0.09299791793325315,83,choice
201.2,29.0,51.0,145.0,40.0,0.8069468432162733,0.26758620689655177,0.12087470392073145,30.42665803958694,4.636363636363637,True,201.2,weighted_centroid,1.1791999895649496e-05,7,,3.004777070063694,0.09185669275997985,83,choice
260.23999999999995,31.6,53.0,158.0,42.0,0.7932634254845885,0.278481012658228,0.13479347336192427,33.24577813181494,4.818181818181818,True,260.23999999999995,geometric_median,7.827699982954073e-05,7,,4.179936305732483,0.19302045305164603,83,choice
185.2,27.0,47.0,135.0,37.0,0.7974185079851236,0.28148148148148144,0.1300302161826486,28.384913081174453,4.7,True,185.2,min_sum,0.02597825699990608,5236,,2.6863057324840764,0.018588938711829886,83,choice
73.76000000000002,27.8,36.0,139.0,21.0,0.9128750295298842,0.1611510791366908,0.051471863806515805,28.390144765756276,2.4,True,73.76000000000002,min_max,0.025066898999966725,5236,,0.4681528662420387,0.018776677037137916,83,choice
62.64,30.4,41.0,152.0,19.0,0.936522091609242,0.14210526315789473,0.03386117988948801,30.884908167785582,1.8636363636363635,True,62.64,min_range,0.025357293000070058,5236,,0.24681528662420396,0.108300939406484,83,choice
54.0,30.0,39.0,150.0,21.0,0.9433962264150944,0.13600000000000012,0.03184819748095423,30.41639347775814,2.1666666666666665,True,54.0,random,0.005755882000130441,700,,0.0748407643312103,0.09148835028488973,83,choice
50.239999999999995,29.4,39.0,147.0,20.0,0.945068882571616,0.13605442176870763,0.02978016678911124,29.80189554209152,2.0526315789473686,True,50.239999999999995,exhaustive,0.025906843000029767,5236,,0.0,0.06943717125392762,83,choice
80.56,27.2,40.0,136.0,23.0,0.9018039980497319,0.17941176470588238,0.05578230759455364,27.866897040008855,2.3529411764705883,True,80.56,exhaustive_ede,0.026917097000023205,5236,,0.603503184713376,0.0,83,choice
100.64000000000001,18.4,35.0,92.0,28.0,0.770856102003643,0.30000000000000004,0.14557809778921876,19.490600392942664,5.0,True,100.64000000000001,ours,0.009664160000056654,959,147.0,0.0,0.05519258001129566,84,choice
121.35999999999999,17.2,34.0,86.0,31.0,0.7091083413231064,0.3581395348837211,0.22063298675283596,18.47113101641979,11.333333333333334,True,121.35999999999999,ours_ede,0.00975838800013662,980,150.0,0.20588235294117616,0.0,84,choice
171.6,23.0,49.0,115.0,35.0,0.7550670853554097,0.2539130434782608,0.13508303825336226,24.55288060703308,3.5,True,171.6,centroid,4.6889999794075266e-06,7,,0.7050874403815577,0.32925702195533996,84,choice
116.0,18.0,35.0,90.0,30.0,0.7363636363636363,0.3333333333333335,0.18299347857581977,19.215076553520074,7.0,True,116.0,weighted_centroid,1.1541000048964634e-05,7,,0.15262321144674068,0.040276122584965636,84,choice
127.44000000000001,18.6,36.0,93.0,30.0,0.7307984790874524,0.3354838709677419,0.18587721707078306,19.88177249902074,6.0,True,127.44000000000001,geometric_median,5.9081000017613405e-05,7,,0.266295707472178,0.07637006533855295,84,choice
121.35999999999999,17.2,34.0,86.0,31.0,0.7091083413231064,0.3581395348837211,0.22063298675283596,18.47113101641979,11.333333333333334,True,121.35999999999999,min_sum,0.010136095000007117,2114,,0.20588235294117616,0.0,84,choice
114.24000000000001,18.4,31.0,92.0,26.0,0.7477031802120141,0.31304347826086953,0.17762810555511743,19.567871519282946,6.2,True,114.24000000000001,min_max,0.010141686999986632,2114,,0.13513513513513506,0.059375925702016615,84,choice
122.96,23.2,37.0,116.0,26.0,0.8140350877192982,0.2551724137931035,0.11413209037758851,24.292750740531663,3.3636363636363638,True,122.96,min_range,0.01016241499996795,2114,,0.22178060413354506,0.31517397169327543,84,choice
114.24000000000001,18.4,31.0,92.0,26.0,0.7477031802120141,0.31304347826086953,0.17762810555511743,19.567871519282946,6.2,True,114.24000000000001,random,0.0044475790000433335,700,,0.13513513513513506,0.059375925702016615,84,choice
100.64000000000001,18.4,35.0,92.0,28.0,0.770856102003643,0.30000000000000004,0.14557809778921876,19.490600392942664,5.0,True,100.64000000000001,exhaustive,0.010247514999946361,2114,,0.0,0.05519258001129566,84,choice
121.35999999999999,17.2,34.0,86.0,31.0,0.7091083413231064,0.3581395348837211,0.22063298675283596,18.47113101641979,11.333333333333334,True,121.35999999999999,exhaustive_ede,0.010754865999842877,2114,,0.20588235294117616,0.0,84,choice
122.55999999999999,17.8,35.0,89.0,29.0,0.7210741920801093,0.3415730337078653,0.19361709218632733,19.074407024629384,5.833333333333333,True,122.55999999999999,ours,0.012095969999791123,1309,197.0,0.0,0.03191615740751994,85,choice
122.96,17.2,32.0,86.0,26.0,0.7063992359121299,0.344186046511628,0.21027591403420343,18.484454272476906,5.333333333333333,True,122.96,ours_ede,0.012695533999931286,1372,206.0,0.0032637075718016132,0.0,85,choice
170.8,19.0,38.0,95.0,32.0,0.6788266265513351,0.3705263157894738,0.23869940940616682,20.560867922101547,6.333333333333333,True,170.8,centroid,5.931000032433076e-06,7,,0.39360313315926915,0.11233297012811418,85,choice
168.56,20.8,37.0,104.0,29.0,0.7196274118429807,0.32692307692307687,0.19550855844979056,22.283314176796623,4.625,True,168.56,weighted_centroid,1.2534000006780843e-05,7,,0.3753263707571803,0.20551647607882942,85,choice
147.44,18.6,35.0,93.0,29.0,0.701175516822051,0.35268817204301084,0.2188762253511471,20.01013349535568,5.833333333333333,True,147.44,geometric_median,6.96009999501257e-05,7,,0.20300261096605754,0.08253850508048216,85,choice
122.96,17.2,32.0,86.0,26.0,0.7063992359121299,0.344186046511628,0.21027591403420343,18.484454272476906,5.333333333333333,True,122.96,min_sum,0.023089402999858066,4389,,0.0032637075718016132,0.0,85,choice
122.96,17.2,32.0,86.0,26.0,0.7063992359121299,0.344186046511628,0.21027591403420343,18.484454272476906,5.333333333333333,True,122.96,min_max,0.021788223000157814,4389,,0.0032637075718016132,0.0,85,choice
130.95999999999998,18.8,33.0,94.0,26.0,0.729644921552436,0.32340425531914896,0.1883984962218049,20.087947458710325,4.714285714285714,True,130.95999999999998,min_range,0.021761022000191588,4389,,0.06853785900783284,0.08674820271112885,85,choice
144.24,18.4,38.0,92.0,33.0,0.7012427506213753,0.36086956521739144,0.21530489128455327,19.818369694968002,7.6,True,144.24,random,0.005287224000085189,700,,0.1768929503916451,0.0721641766009439,85,choice
122.55999999999999,17.8,35.0,89.0,29.0,0.7210741920801093,0.3415730337078653,0.19361709218632733,19.074407024629384,5.833333333333333,True,122.55999999999999,exhaustive,0.021832697000036205,4389,,0.0,0.03191615740751994,85,choice
122.96,17.2,32.0,86.0,26.0,0.7063992359121299,0.344186046511628,0.21027591403420343,18.484454272476906,5.333333333333333,True,122.96,exhaustive_ede,0.0226328870000998,4389,,0.0032637075718016132,0.0,85,choice
65.84,21.6,32.0,108.0,23.0,0.8763335837716003,0.20740740740740748,0.07751404875170728,22.253358867444703,3.5555555555555554,True,65.84,ours,0.01002869500007364,987,151.0,0.0,0.08768399462786222,86,choice
75.84,19.6,36.0,98.0,26.0,0.8351304347826087,0.2204081632653061,0.09025957207433288,20.459397193813096,3.6,True,75.84,ours_ede,0.010155151000162732,1008,154.0,0.15188335358444713,0.0,86,choice
273.2,26.0,52.0,130.0,46.0,0.7121786767804467,0.3538461538461539,0.20883397548808996,27.91660695701648,8.666666666666666,True,273.2,centroid,5.370000053517288e-06,7,,3.1494532199270955,0.3644882443290381,86,choice
136.56,25.8,39.0,129.0,30.0,0.8297681376215408,0.25116279069767455,0.11335445383723983,26.876262873494042,4.333333333333333,True,136.56,weighted_centroid,1.1991999826932442e-05,7,,1.0741190765492101,0.31363903925876174,86,choice
201.2,26.0,44.0,130.0,37.0,0.7706338349293206,0.30461538461538473,0.1617106777110717,27.485008830757135,6.285714285714286,True,201.2,geometric_median,4.057600017404184e-05,7,,2.0558930741190764,0.34339289522511335,86,choice
313.84,19.4,53.0,97.0,52.0,0.5452912199362504,0.45773195876288675,0.39324047698009,21.803217606322676,53.0,True,313.84,min_sum,0.012526147000016863,2415,,3.7667071688942886,0.06568230724392747,86,choice
65.84,21.6,32.0,108.0,23.0,0.8763335837716003,0.20740740740740748,0.07751404875170728,22.253358867444703,3.5555555555555554,True,65.84,min_max,0.01190279799993732,2415,,0.0,0.08768399462786222,86,choice
65.84,21.6,32.0,108.0,23.0,0.8763335837716003,0.20740740740740748,0.07751404875170728,22.253358867444703,3.5555555555555554,True,65.84,min_range,0.011879684999939855,2415,,0.0,0.08768399462786222,86,choice
79.84,23.4,34.0,117.0,24.0,0.872744660503666,0.2085470085470087,0.08005742786916395,24.12648720311852,3.4,True,79.84,random,0.004504576000044835,700,,0.212636695018226,0.17923744158084712,86,choice
65.84,21.6,32.0,108.0,23.0,0.8763335837716003,0.20740740740740748,0.07751404875170728,22.253358867444703,3.5555555555555554,True,65.84,exhaustive,0.011984291000089797,2415,,0.0,0.08768399462786222,86,choice
75.84,19.6,36.0,98.0,26.0,0.8351304347826087,0.2204081632653061,0.09025957207433288,20.459397193813096,3.6,True,75.84,exhaustive_ede,0.012458729999934803,2415,,0.15188335358444713,0.0,86,choice
7.359999999999999,17.8,22.0,89.0,8.0,0.9772979642196176,0.08539325842696632,0.011612648214616694,17.90135502052189,1.5714285714285714,True,7.359999999999999,ours,0.011479635000114286,1197,181.0,0.0,0.16993539542239197,87,choice
34.160000000000004,14.8,24.0,74.0,18.0,0.865086887835703,0.21621621621621623,0.08212443888247514,15.301148328843242,4.0,True,34.160000000000004,ours_ede,0.011392963000162126,1225,185.0,3.641304347826088,0.0,87,choice
73.35999999999999,18.2,35.0,91.0,24.0,0.8186851211072664,0.2197802197802199,0.0957542887732375,19.096020733394788,3.1818181818181817,True,73.35999999999999,centroid,4.5080000745656434e-06,7,,8.967391304347824,0.24801226175933921,87,choice
23.76,17.2,25.0,86.0,14.0,0.925657071339174,0.1581395348837209,0.039644235529628,17.524538547032062,2.272727272727273,True,23.76,weighted_centroid,1.2803999879906769e-05,7,,2.2282608695652177,0.14530871607836424,87,choice
33.44,18.4,29.0,92.0,17.0,0.9101075268817205,0.16521739130434776,0.046346936871092134,18.831183535712324,2.4166666666666665,True,33.44,geometric_median,4.065699999955541e-05,7,,3.5434782608695654,0.23070394005754666,87,choice
34.160000000000004,14.8,24.0,74.0,18.0,0.865086887835703,0.21621621621621623,0.08212443888247514,15.301148328843242,4.0,True,34.160000000000004,min_sum,0.016099477999887313,3206,,3.641304347826088,0.0,87,choice
7.359999999999999,17.8,22.0,89.0,8.0,0.9772979642196176,0.08539325842696632,0.011612648214616694,17.90135502052189,1.5714285714285714,True,7.359999999999999,min_max,0.015586686000006011,3206,,0.0,0.16993539542239197,87,choice
7.359999999999999,17.8,22.0,89.0,8.0,0.9772979642196176,0.08539325842696632,0.011612648214616694,17.90135502052189,1.5714285714285714,True,7.359999999999999,min_range,0.01570902600019508,3206,,0.0,0.16993539542239197,87,choice
11.44,27.6,34.0,138.0,9.0,0.9852043455768236,0.0608695652173914,0.007200787811850441,27.70444598954666,1.36,True,11.44,random,0.0048381520000475575,700,,0.5543478260869565,0.8106122098903344,87,choice
7.359999999999999,17.8,22.0,89.0,8.0,0.9772979642196176,0.08539325842696632,0.011612648214616694,17.90135502052189,1.5714285714285714,True,7.359999999999999,exhaustive,0.0161131340000793,3206,,0.0,0.16993539542239197,87,choice
34.160000000000004,14.8,24.0,74.0,18.0,0.865086887835703,0.21621621621621623,0.08212443888247514,15.301148328843242,4.0,True,34.160000000000004,exhaustive_ede,0.017064557999901808,3206,,3.641304347826088,0.0,87,choice
67.2,35.0,46.0,175.0,18.0,0.9479956663055255,0.118857142857143,0.026805537198135065,35.46124924381797,1.6428571428571428,True,67.2,ours,0.013846515999830444,1568,234.0,0.0,0.2675011961840698,88,choice
138.96,26.8,50.0,134.0,33.0,0.8378908072795147,0.19999999999999996,0.08389670975557192,27.97729055449995,2.9411764705882355,True,138.96,ours_ede,0.012694886000190309,1470,220.0,1.0678571428571428,0.0,88,choice
1732.2400000000002,34.6,116.0,173.0,109.0,0.40867071755308254,0.5549132947976878,0.5850035935243645,40.27022698641929,16.571428571428573,True,1732.2400000000002,centroid,4.708999995273189e-06,7,,24.777380952380955,0.43938981181800335,88,choice
271.44,31.4,61.0,157.0,42.0,0.7841259742325434,0.26242038216560504,0.1251341864716471,33.197514697259926,3.210526315789474,True,271.44,weighted_centroid,1.2584000160131836e-05,7,,3.039285714285714,0.18658790895390467,88,choice
109.6875,10.25,28.0,41.0,27.0,0.4892316647264261,0.5060975609756098,0.4768756332073733,11.660947457957864,28.0,False,inf,geometric_median,8.188400011022168e-05,7,,0.6322544642857142,-0.5831995441001602,88,choice
138.96,26.8,50.0,134.0,33.0,0.8378908072795147,0.19999999999999996,0.08389670975557192,27.97729055449995,2.9411764705882355,True,138.96,min_sum,0.0264510419999624,5320,,1.0678571428571428,0.0,88,choice
100.24000000000001,28.4,43.0,142.0,23.0,0.8894574327304808,0.18028169014084505,0.060118891303102794,29.20167504738664,2.15,True,100.24000000000001,min_max,0.025465574999998353,5320,,0.49166666666666675,0.043763512070676726,88,choice
67.2,35.0,46.0,175.0,18.0,0.9479956663055255,0.118857142857143,0.026805537198135065,35.46124924381797,1.6428571428571428,True,67.2,min_range,0.02560510500006785,5320,,0.0,0.2675011961840698,88,choice
101.76,30.8,50.0,154.0,26.0,0.9031226199543031,0.1558441558441559,0.048618913566254564,31.58928239509002,2.0833333333333335,True,101.76,random,0.005737800000133575,700,,0.5142857142857143,0.12910441894127966,88,choice
67.2,35.0,46.0,175.0,18.0,0.9479956663055255,0.118857142857143,0.026805537198135065,35.46124924381797,1.6428571428571428,True,67.2,exhaustive,0.02574343499986753,5320,,0.0,0.2675011961840698,88,choice
138.96,26.8,50.0,134.0,33.0,0.8378908072795147,0.19999999999999996,0.08389670975557192,27.97729055449995,2.9411764705882355,True,138.96,exhaustive_ede,0.026627472999962265,5320,,1.0678571428571428,0.0,88,choice
52.239999999999995,24.4,34.0,122.0,22.0,0.9193329215565164,0.16065573770491803,0.04808183907286573,24.880083324024607,2.8333333333333335,True,52.239999999999995,ours,0.01267313300013484,1288,194.0,0.0,0.0,89,choice
52.239999999999995,24.4,34.0,122.0,22.0,0.9193329215565164,0.16065573770491803,0.04808183907286573,24.880083324024607,2.8333333333333335,True,52.239999999999995,ours_ede,0.013413170000148966,1407,211.0,0.0,0.0,89,choice
133.04000000000002,28.4,45.0,142.0,35.0,0.8584078331204767,0.22535211267605648,0.09126431824490147,29.39138875109909,4.5,True,133.04000000000002,centroid,4.648999947676202e-06,7,,1.5467075038284845,0.18132195814305388,89,choice
99.76,28.8,42.0,144.0,30.0,0.8926388291003013,0.18888888888888888,0.06689897108386042,29.55426144202586,3.5,True,99.76,weighted_centroid,1.2152999943282339e-05,7,,0.9096477794793265,0.18786826624040254,89,choice
165.36,26.8,40.0,134.0,34.0,0.812856496152105,0.26268656716417915,0.1382018530280324,28.00870410775193,6.666666666666667,True,165.36,geometric_median,8.944799992605112e-05,7,,2.165390505359878,0.12574800264861968,89,choice
215.84,23.6,39.0,118.0,34.0,0.720703933747412,0.33220338983050857,0.2301715000219514,25.200003302466246,7.8,True,215.84,min_sum,0.019413710999970135,3878,,3.131699846860644,0.012858476970321055,89,choice
56.0,25.0,33.0,125.0,22.0,0.9177679882525698,0.15359999999999996,0.052105515952643865,25.489599233660417,3.0,True,56.0,min_max,0.018787137000117582,3878,,0.07197549770290976,0.024498145834071703,89,choice
58.96,25.8,33.0,129.0,20.0,0.9186309688103781,0.1581395348837209,0.04887769959988271,26.30789356362328,2.5384615384615383,True,58.96,min_range,0.018672381999977006,3878,,0.12863705972434927,0.0573876791730821,89,choice
52.239999999999995,24.4,34.0,122.0,22.0,0.9193329215565164,0.16065573770491803,0.04808183907286573,24.880083324024607,2.8333333333333335,True,52.239999999999995,random,0.005045801000051142,700,,0.0,0.0,89,choice
52.239999999999995,24.4,34.0,122.0,22.0,0.9193329215565164,0.16065573770491803,0.04808183907286573,24.880083324024607,2.8333333333333335,True,52.239999999999995,exhaustive,0.019322561000080896,3878,,0.0,0.0,89,choice
52.239999999999995,24.4,34.0,122.0,22.0,0.9193329215565164,0.16065573770491803,0.04808183907286573,24.880083324024607,2.8333333333333335,True,52.239999999999995,exhaustive_ede,0.020473207999884835,3878,,0.0,0.0,89,choice
118.16000000000001,25.2,44.0,126.0,31.0,0.8431226765799257,0.2317460317460318,0.08988783457718898,26.223650437402185,3.3846153846153846,True,118.16000000000001,ours,0.01107882399992377,1127,171.0,0.0,0.08711682814099717,90,choice
119.6,23.0,43.0,115.0,31.0,0.8156028368794326,0.25043478260869567,0.10413864391082576,24.122200814649723,3.5833333333333335,True,119.6,ours_ede,0.011947523999879195,1267,191.0,0.012186865267433847,0.0,90,choice
2.6666666666666665,14.0,16.0,42.0,4.0,0.9865771812080537,0.06349206349206349,0.006826050572982402,14.046960437900749,1.3333333333333333,False,inf,centroid,4.619000037564547e-06,7,,-0.9774317309862334,-0.41767500628011317,90,choice
166.24,23.6,39.0,118.0,30.0,0.7701327433628319,0.2915254237288136,0.15149788867410782,24.972148997282577,4.333333333333333,True,166.24,weighted_centroid,1.1610999990807613e-05,7,,0.40690589031821256,0.035235101024309094,90,choice
930.1600000000002,28.8,84.0,144.0,84.0,0.471379859058877,0.5472222222222223,0.5595566561401629,32.88472210060243,inf,True,930.1600000000002,geometric_median,9.31649999529327e-05,7,,6.872037914691944,0.36325546550591337,90,choice
119.6,23.0,43.0,115.0,31.0,0.8156028368794326,0.25043478260869567,0.10413864391082576,24.122200814649723,3.5833333333333335,True,119.6,min_sum,0.015857594999943103,3185,,0.012186865267433847,0.0,90,choice
121.35999999999999,23.2,40.0,116.0,30.0,0.8160097028502122,0.2655172413793103,0.11513788648060641,24.280017348856596,4.0,True,121.35999999999999,min_max,0.015351145999829896,3185,,0.027081922816519752,0.0065423770998137495,90,choice
134.95999999999998,28.8,42.0,144.0,29.0,0.8600580671920365,0.21944444444444455,0.0883442265414974,29.78596095817947,3.230769230769231,True,134.95999999999998,min_range,0.01574545600010424,3185,,0.14218009478672958,0.23479450266785243,90,choice
127.03999999999999,26.6,46.0,133.0,31.0,0.8477833692786964,0.22857142857142865,0.0850393989539758,27.652974835426864,3.066666666666667,True,127.03999999999999,random,0.0048007319999214815,700,,0.07515233581584276,0.14637031040023746,90,choice
118.16000000000001,25.2,44.0,126.0,31.0,0.8431226765799257,0.2317460317460318,0.08988783457718898,26.223650437402185,3.3846153846153846,True,118.16000000000001,exhaustive,0.01581260100010695,3185,,0.0,0.08711682814099717,90,choice
119.6,23.0,43.0,115.0,31.0,0.8156028368794326,0.25043478260869567,0.10413864391082576,24.122200814649723,3.5833333333333335,True,119.6,exhaustive_ede,0.016471026000090205,3185,,0.012186865267433847,0.0,90,choice
97.03999999999999,22.6,39.0,113.0,28.0,0.8403422178348141,0.23716814159292032,0.09221643864061488,23.530648824498837,3.5454545454545454,True,97.03999999999999,ours,0.012827312000126767,1400,210.0,0.0,0.10191195236168767,91,choice
194.24,19.6,45.0,98.0,41.0,0.66417704011065,0.3755102040816327,0.24203610239693232,21.35438205753777,11.25,True,194.24,ours_ede,0.012903573999892615,1428,214.0,1.0016488046166532,0.0,91,choice
210.63999999999996,23.4,42.0,117.0,33.0,0.7221841202848852,0.32478632478632474,0.19179324554916594,25.056165178433595,4.666666666666667,True,210.63999999999996,centroid,4.62899993181054e-06,7,,1.1706512778235776,0.17335004641771654,91,choice
172.24,23.6,40.0,118.0,30.0,0.763795940756994,0.2915254237288136,0.15371680064971177,25.01789756222283,4.0,True,172.24,weighted_centroid,1.1601999858612544e-05,7,,0.7749381698268758,0.17155802002670908,91,choice
266.15999999999997,18.8,50.0,94.0,47.0,0.5704325371207231,0.42978723404255326,0.3333708597149547,21.010477311764497,16.666666666666668,True,266.15999999999997,geometric_median,5.062499985797331e-05,7,,1.7427864798021433,-0.016104645165879644,91,choice
332.15999999999997,19.2,53.0,96.0,51.0,0.5260273972602739,0.4916666666666667,0.4244092996149923,21.65798600488684,26.5,True,332.15999999999997,min_sum,0.020020859999931417,4060,,2.4229183841714756,0.014217407299870964,91,choice
113.35999999999999,22.2,35.0,111.0,27.0,0.8129990102276476,0.26306306306306304,0.1209353322317949,23.237787399913945,4.375,True,113.35999999999999,min_max,0.019450530999847615,4060,,0.16817807089859846,0.08819760446832325,91,choice
113.35999999999999,22.2,35.0,111.0,27.0,0.8129990102276476,0.26306306306306304,0.1209353322317949,23.237787399913945,4.375,True,113.35999999999999,min_range,0.01952560099994116,4060,,0.16817807089859846,0.08819760446832325,91,choice
102.63999999999999,23.6,38.0,118.0,28.0,0.844390539721043,0.2406779661016949,0.09517084669963831,24.522581619262557,3.8,True,102.63999999999999,random,0.005140127999993638,700,,0.05770816158285238,0.14836297080329053,91,choice
97.03999999999999,22.6,39.0,113.0,28.0,0.8403422178348141,0.23716814159292032,0.09221643864061488,23.530648824498837,3.5454545454545454,True,97.03999999999999,exhaustive,0.02001914700008456,4060,,0.0,0.10191195236168767,91,choice
194.24,19.6,45.0,98.0,41.0,0.66417704011065,0.3755102040816327,0.24203610239693232,21.35438205753777,11.25,True,194.24,exhaustive_ede,0.02113527000005888,4060,,1.0016488046166532,0.0,91,choice
56.24000000000001,19.4,28.0,97.0,20.0,0.8699953767914933,0.21443298969072178,0.08101505373645787,20.020348676169608,3.5,True,56.24000000000001,ours,0.011304705999918951,1197,181.0,0.0,0.0331903373248956,92,choice
115.76000000000002,18.2,31.0,91.0,25.0,0.7410290827740492,0.32087912087912085,0.18677708170423274,19.377212458263667,5.166666666666667,True,115.76000000000002,ours_ede,0.011272877999999764,1197,181.0,1.058321479374111,0.0,92,choice
267.6,23.0,54.0,115.0,45.0,0.6640723073060507,0.3582608695652174,0.22098340571072192,25.100655864420908,6.0,True,267.6,centroid,4.779000164489844e-06,7,,3.758179231863442,0.2953698019508685,92,choice
79.44000000000001,20.6,33.0,103.0,24.0,0.8423183803096467,0.24077669902912624,0.09903443368800628,21.407149104884372,3.6666666666666665,True,79.44000000000001,weighted_centroid,1.1351000011927681e-05,7,,0.41251778093883357,0.10475896112472109,92,choice
285.36,23.2,55.0,116.0,45.0,0.6535211267605634,0.3620689655172413,0.2305316585836028,25.38353062904229,5.5,True,285.36,geometric_median,7.077299983393459e-05,7,,4.073968705547652,0.3099681227996832,92,choice
115.76000000000002,18.2,31.0,91.0,25.0,0.7410290827740492,0.32087912087912085,0.18677708170423274,19.377212458263667,5.166666666666667,True,115.76000000000002,min_sum,0.019188699999858727,3822,,1.058321479374111,0.0,92,choice
56.24000000000001,19.4,28.0,97.0,20.0,0.8699953767914933,0.21443298969072178,0.08101505373645787,20.020348676169608,3.5,True,56.24000000000001,min_max,0.018213511999874754,3822,,0.0,0.0331903373248956,92,choice
57.04,20.4,28.0,102.0,19.0,0.8794590025359256,0.19999999999999996,0.07548899528721056,20.99780342671746,3.111111111111111,True,57.04,min_range,0.018387157000006482,3822,,0.014224751066856152,0.08363385455696293,92,choice
57.04,20.4,28.0,102.0,19.0,0.8794590025359256,0.19999999999999996,0.07548899528721056,20.99780342671746,3.111111111111111,True,57.04,random,0.005011717000115823,700,,0.014224751066856152,0.08363385455696293,92,choice
56.24000000000001,19.4,28.0,97.0,20.0,0.8699953767914933,0.21443298969072178,0.08101505373645787,20.020348676169608,3.5,True,56.24000000000001,exhaustive,0.018737012999963554,3822,,0.0,0.0331903373248956,92,choice
115.76000000000002,18.2,31.0,91.0,25.0,0.7410290827740492,0.32087912087912085,0.18677708170423274,19.377212458263667,5.166666666666667,True,115.76000000000002,exhaustive_ede,0.019426114999987476,3822,,1.058321479374111,0.0,92,choice
37.44,23.6,31.0,118.0,15.0,0.9370121130551817,0.14237288135593218,0.03454247809677848,23.968749943596126,1.9375,True,37.44,ours,0.010849022000002151,1127,171.0,0.0,0.09164263745133693,93,choice
54.64,21.4,29.0,107.0,18.0,0.8934061646507998,0.18317757009345792,0.06439725606265093,21.95659011593398,2.6363636363636362,True,54.64,ours_ede,0.012632537000172306,1358,204.0,0.4594017094017095,0.0,93,choice
267.04,26.4,51.0,132.0,39.0,0.72298755186722,0.3212121212121213,0.18545066003565655,28.284594755586706,4.25,True,267.04,centroid,4.718999889519182e-06,7,,6.132478632478634,0.2882052543787511,93,choice
227.2,27.0,50.0,135.0,36.0,0.7623928048525414,0.2903703703703704,0.15019691558194997,28.653231134124077,3.5714285714285716,True,227.2,weighted_centroid,1.1941999900955125e-05,7,,5.068376068376068,0.30499458171013166,93,choice
441.0400000000001,23.6,54.0,118.0,49.0,0.5580761523046092,0.4576271186440679,0.3998852824249668,26.284325630152857,10.8,True,441.0400000000001,geometric_median,6.527300001835101e-05,7,,10.779914529914533,0.19710417197605842,93,choice
238.0,21.0,41.0,105.0,36.0,0.6494845360824743,0.3923809523809525,0.28024034346372556,22.86968697598383,8.2,True,238.0,min_sum,0.015122215000019423,3094,,5.356837606837607,0.04158646015745449,93,choice
54.64,21.4,29.0,107.0,18.0,0.8934061646507998,0.18317757009345792,0.06439725606265093,21.95659011593398,2.6363636363636362,True,54.64,min_max,0.015020735000007335,3094,,0.4594017094017095,0.0,93,choice
37.44,23.6,31.0,118.0,15.0,0.9370121130551817,0.14237288135593218,0.03454247809677848,23.968749943596126,1.9375,True,37.44,min_range,0.015158894000023793,3094,,0.0,0.09164263745133693,93,choice
40.559999999999995,23.8,32.0,119.0,16.0,0.933179571663921,0.1478991596638657,0.03664273853010193,24.19551997829061,2.0,True,40.559999999999995,random,0.004740568999977768,700,,0.08333333333333327,0.10197074548164142,93,choice
37.44,23.6,31.0,118.0,15.0,0.9370121130551817,0.14237288135593218,0.03454247809677848,23.968749943596126,1.9375,True,37.44,exhaustive,0.01579032799986635,3094,,0.0,0.09164263745133693,93,choice
54.64,21.4,29.0,107.0,18.0,0.8934061646507998,0.18317757009345792,0.06439725606265093,21.95659011593398,2.6363636363636362,True,54.64,exhaustive_ede,0.016008617000125014,3094,,0.4594017094017095,0.0,93,choice
5.039999999999999,39.4,43.0,197.0,7.0,0.9967638371645049,0.030456852791878264,0.001621357919020633,39.43191453884404,1.1944444444444444,True,5.039999999999999,ours,0.010680956999976843,994,152.0,0.0,0.9146268943574503,94,choice
54.0,20.0,29.0,100.0,19.0,0.8810572687224669,0.19999999999999996,0.06931975333846983,20.595090696288068,2.9,True,54.0,ours_ede,0.010285504999956174,1036,158.0,9.714285714285715,0.0,94,choice
137.84,22.4,38.0,112.0,35.0,0.784490306441526,0.28928571428571437,0.17225428188469313,23.57189864822618,12.666666666666666,True,137.84,centroid,4.397999873617664e-06,7,,26.349206349206355,0.14453968646395107,94,choice
82.64,24.4,35.0,122.0,25.0,0.8781120943952803,0.20655737704918042,0.07620145794587915,25.128209178875032,3.5,True,82.64,weighted_centroid,1.1582000070120557e-05,7,,15.396825396825399,0.22010675016857223,94,choice
262.15999999999997,22.2,49.0,111.0,49.0,0.6527682119205298,0.40000000000000013,0.33117269498978125,24.17389856617266,inf,True,262.15999999999997,geometric_median,2.9215000040494488e-05,7,,51.01587301587301,0.17376994948265095,94,choice
54.0,20.0,29.0,100.0,19.0,0.8810572687224669,0.19999999999999996,0.06931975333846983,20.595090696288068,2.9,True,54.0,min_sum,0.011603084999933344,2331,,9.714285714285715,0.0,94,choice
47.44,21.4,29.0,107.0,19.0,0.9061337554412346,0.17570093457943936,0.05678167685825192,21.889849764124687,2.9,True,47.44,min_max,0.011097557999846686,2331,,8.412698412698413,0.06286736421461733,94,choice
5.039999999999999,39.4,43.0,197.0,7.0,0.9967638371645049,0.030456852791878264,0.001621357919020633,39.43191453884404,1.1944444444444444,True,5.039999999999999,min_range,0.011158611999917412,2331,,0.0,0.9146268943574503,94,choice
41.2,31.0,38.0,155.0,19.0,0.9588904410297345,0.10580645161290336,0.023478765696453064,31.307796380367453,2.0,True,41.2,random,0.004545012000107818,700,,7.174603174603177,0.5201582183860048,94,choice
5.039999999999999,39.4,43.0,197.0,7.0,0.9967638371645049,0.030456852791878264,0.001621357919020633,39.43191453884404,1.1944444444444444,True,5.039999999999999,exhaustive,0.011395495999977356,2331,,0.0,0.9146268943574503,94,choice
54.0,20.0,29.0,100.0,19.0,0.8810572687224669,0.19999999999999996,0.06931975333846983,20.595090696288068,2.9,True,54.0,exhaustive_ede,0.011902227000064158,2331,,9.714285714285715,0.0,94,choice
140.24,22.4,42.0,112.0,31.0,0.7815576323987539,0.28214285714285725,0.1329091716870835,23.672061417224505,3.8181818181818183,True,140.24,ours,0.013241246999996292,1400,210.0,0.0,0.09478681286673579,95,choice
153.35999999999999,20.2,39.0,101.0,30.0,0.7268257926612042,0.32079207920792085,0.1819635288751992,21.62253065072863,4.333333333333333,True,153.35999999999999,ours_ede,0.010918632000084472,1162,176.0,0.09355390758699354,0.0,95,choice
217.35999999999999,21.8,45.0,109.0,39.0,0.6861680623736645,0.3633027522935781,0.22633168000204423,23.567385634292712,7.5,True,217.35999999999999,centroid,4.7789999371161684e-06,7,,0.5499144324015971,0.08994576143651085,95,choice
211.84,22.4,45.0,112.0,38.0,0.7031390134529149,0.34642857142857153,0.20795800733544362,24.114963246909014,6.428571428571429,True,211.84,weighted_centroid,1.2814000001526438e-05,7,,0.5105533371363377,0.11527016131649664,95,choice
170.56,22.2,41.0,111.0,30.0,0.7429002110340669,0.3027027027027027,0.16830117540618278,23.664649328483303,3.727272727272727,True,170.56,geometric_median,5.5172999964270275e-05,7,,0.21620079863091837,0.09444401817443406,95,choice
201.36,20.2,44.0,101.0,43.0,0.6695766327535281,0.3841584158415843,0.28231411814410634,21.919195331206204,44.0,True,201.36,min_sum,0.015547351000122944,3129,,0.4358243011979464,0.013720164640745963,95,choice
178.95999999999998,21.2,38.0,106.0,33.0,0.7152132399745386,0.3433962264150945,0.2103423369334644,22.722110506358163,7.6,True,178.95999999999998,min_max,0.015360160000000178,3129,,0.2760981175128349,0.05085343031262988,95,choice
153.35999999999999,20.2,39.0,101.0,30.0,0.7268257926612042,0.32079207920792085,0.1819635288751992,21.62253065072863,4.333333333333333,True,153.35999999999999,min_range,0.015251447000082408,3129,,0.09355390758699354,0.0,95,choice
153.35999999999999,20.2,39.0,101.0,30.0,0.7268257926612042,0.32079207920792085,0.1819635288751992,21.62253065072863,4.333333333333333,True,153.35999999999999,random,0.0048225420000562735,700,,0.09355390758699354,0.0,95,choice
140.24,22.4,42.0,112.0,31.0,0.7815576323987539,0.28214285714285725,0.1329091716870835,23.672061417224505,3.8181818181818183,True,140.24,exhaustive,0.015548153000054299,3129,,0.0,0.09478681286673579,95,choice
153.35999999999999,20.2,39.0,101.0,30.0,0.7268257926612042,0.32079207920792085,0.1819635288751992,21.62253065072863,4.333333333333333,True,153.35999999999999,exhaustive_ede,0.016327392999983203,3129,,0.09355390758699354,0.0,95,choice
396.64,33.6,71.0,168.0,54.0,0.7400104876769795,0.29761904761904767,0.15481841710331543,35.956244799162306,4.176470588235294,True,396.64,ours,0.013165364999849771,1365,205.0,0.0,0.10937148664537819,96,choice
632.4,29.0,77.0,145.0,67.0,0.5707886520971902,0.42482758620689665,0.3202265100709896,32.41136556329763,7.7,True,632.4,ours_ede,0.011400164999940898,1204,182.0,0.5943929003630496,0.0,96,choice
725.4399999999999,33.4,77.0,167.0,66.0,0.6059532862574688,0.4167664670658684,0.31343774025143767,36.83450257715935,7.0,True,725.4399999999999,centroid,5.399999963628943e-06,7,,0.8289632916498587,0.13646870278339782,96,choice
698.24,30.4,74.0,152.0,68.0,0.5696252465483235,0.45789473684210535,0.36872631119709853,33.82506318417468,12.333333333333334,True,698.24,weighted_centroid,1.1941999900955125e-05,7,,0.7603872529245664,0.043617342136238524,96,choice
1116.16,39.2,91.0,196.0,81.0,0.5792521109770808,0.4408163265306122,0.35782103986532626,43.476488732855664,9.1,True,1116.16,geometric_median,4.856200007452571e-05,7,,1.8140379185155309,0.3413963891138265,96,choice
632.4,29.0,77.0,145.0,67.0,0.5707886520971902,0.42482758620689665,0.3202265100709896,32.41136556329763,7.7,True,632.4,min_sum,0.016201528000010512,3248,,0.5943929003630496,0.0,96,choice
742.1599999999999,31.2,65.0,156.0,58.0,0.5674049895080439,0.441025641025641,0.39021955295711025,34.65124852436162,9.285714285714286,True,742.1599999999999,min_max,0.01573571499989157,3248,,0.8711173860427589,0.06910794784902295,96,choice
396.64,33.6,71.0,168.0,54.0,0.7400104876769795,0.29761904761904767,0.15481841710331543,35.956244799162306,4.176470588235294,True,396.64,min_range,0.016043150999848876,3248,,0.0,0.10937148664537819,96,choice
464.23999999999995,36.6,78.0,183.0,59.0,0.7426322208670584,0.2885245901639344,0.1496701683834761,39.16241794279003,4.105263157894737,True,464.23999999999995,random,0.004914385000120092,700,,0.17043162565550618,0.20829274737924766,96,choice
396.64,33.6,71.0,168.0,54.0,0.7400104876769795,0.29761904761904767,0.15481841710331543,35.956244799162306,4.176470588235294,True,396.64,exhaustive,0.016041376999964996,3248,,0.0,0.10937148664537819,96,choice
632.4,29.0,77.0,145.0,67.0,0.5707886520971902,0.42482758620689665,0.3202265100709896,32.41136556329763,7.7,True,632.4,exhaustive_ede,0.016527838999991218,3248,,0.5943929003630496,0.0,96,choice
197.35999999999999,39.2,53.0,196.0,37.0,0.8861822376009227,0.189795918367347,0.07285210807584372,40.274501743962276,3.3125,True,197.35999999999999,ours,0.011232822000010856,1211,183.0,0.0,0.020124849166967627,97,choice
346.64,37.6,62.0,188.0,45.0,0.8030902067711884,0.2638297872340425,0.12200414451857262,39.47997323744282,3.6470588235294117,True,346.64,ours_ede,0.011420392999980322,1260,190.0,0.7563842723956222,0.0,97,choice
740.4,45.0,94.0,225.0,84.0,0.7322629637665438,0.3057777777777779,0.18260406061304227,48.169316690058956,9.4,True,740.4,centroid,4.86899989482481e-06,7,,2.7515200648561007,0.22009496815907564,97,choice
299.76,43.2,62.0,216.0,47.0,0.861606648199446,0.21851851851851856,0.09225874423618095,44.64218659783107,4.133333333333334,True,299.76,weighted_centroid,1.1802000017269165e-05,7,,0.5188488042156466,0.13075523960822763,97,choice
417.5,26.0,58.0,104.0,53.0,0.6181984453589392,0.42307692307692313,0.30943560660281194,28.58766319834327,11.6,False,inf,geometric_median,3.779099984058121e-05,7,,1.1154235914065669,-0.27589456491245234,97,choice
346.64,37.6,62.0,188.0,45.0,0.8030902067711884,0.2638297872340425,0.12200414451857262,39.47997323744282,3.6470588235294117,True,346.64,min_sum,0.019438847000174064,3955,,0.7563842723956222,0.0,97,choice
197.35999999999999,39.2,53.0,196.0,37.0,0.8861822376009227,0.189795918367347,0.07285210807584372,40.274501743962276,3.3125,True,197.35999999999999,min_max,0.01939462499990441,3955,,0.0,0.020124849166967627,97,choice
230.95999999999998,40.2,53.0,201.0,36.0,0.8749539794260963,0.1930348258706469,0.079799871946186,41.415515855178334,3.1176470588235294,True,230.95999999999998,min_range,0.018957614999862926,3955,,0.170247263883259,0.04902593540513966,97,choice
197.35999999999999,39.2,53.0,196.0,37.0,0.8861822376009227,0.189795918367347,0.07285210807584372,40.274501743962276,3.3125,True,197.35999999999999,random,0.005012629000020752,700,,0.0,0.020124849166967627,97,choice
197.35999999999999,39.2,53.0,196.0,37.0,0.8861822376009227,0.189795918367347,0.07285210807584372,40.274501743962276,3.3125,True,197.35999999999999,exhaustive,0.01937148199999683,3955,,0.0,0.020124849166967627,97,choice
346.64,37.6,62.0,188.0,45.0,0.8030902067711884,0.2638297872340425,0.12200414451857262,39.47997323744282,3.6470588235294117,True,346.64,exhaustive_ede,0.019910122000055708,3955,,0.7563842723956222,0.0,97,choice
294.64,50.4,72.0,252.0,43.0,0.8960632143361084,0.18888888888888888,0.05992221979226394,51.70228553695016,2.4827586206896552,True,294.64,ours,0.019444238000005498,2450,360.0,0.0,0.06698915882915736,98,choice
742.64,45.4,87.0,227.0,77.0,0.7351308937870034,0.3330396475770925,0.19051491432758666,48.456242604830955,8.7,True,742.64,ours_ede,0.019922333000067738,2569,377.0,1.5204995927233234,0.0,98,choice
129.6875,36.25,49.0,145.0,26.0,0.9101731601731602,0.16724137931034488,0.050392764867636275,37.0606565645489,2.130434782608696,False,inf,centroid,4.9989998842647765e-06,7,,-0.559844216671192,-0.23517271310561635,98,choice
1114.96,53.2,114.0,266.0,92.0,0.717388218594748,0.3293233082706768,0.1805843772193529,57.20891708853741,5.181818181818182,True,1114.96,weighted_centroid,1.207299987981969e-05,7,,2.7841433613901714,0.18063048253836006,98,choice
57.5,30.0,38.0,120.0,17.0,0.9399477806788512,0.1333333333333333,0.032473451321024124,30.448465277548237,1.8095238095238095,False,inf,geometric_median,7.90480000887328e-05,7,,-0.8048465924518056,-0.37162966749484183,98,choice
742.64,45.4,87.0,227.0,77.0,0.7351308937870034,0.3330396475770925,0.19051491432758666,48.456242604830955,8.7,True,742.64,min_sum,0.057629835000170715,11557,,1.5204995927233234,0.0,98,choice
321.6,52.0,72.0,260.0,42.0,0.893707033315706,0.18769230769230782,0.061205411385343154,53.375944189018846,2.4,True,321.6,min_max,0.05598973899986959,11557,,0.0915014933478144,0.10152874675630359,98,choice
321.6,52.0,72.0,260.0,42.0,0.893707033315706,0.18769230769230782,0.061205411385343154,53.375944189018846,2.4,True,321.6,min_range,0.05495076099987273,11557,,0.0915014933478144,0.10152874675630359,98,choice
378.8,51.0,77.0,255.0,49.0,0.8728773743204242,0.21176470588235308,0.07417764602807511,52.625263157495255,2.75,True,378.8,random,0.007950938000021779,700,,0.285636709204453,0.08603681029632,98,choice
294.64,50.4,72.0,252.0,43.0,0.8960632143361084,0.18888888888888888,0.05992221979226394,51.70228553695016,2.4827586206896552,True,294.64,exhaustive,0.055441913000095155,11557,,0.0,0.06698915882915736,98,choice
742.64,45.4,87.0,227.0,77.0,0.7351308937870034,0.3330396475770925,0.19051491432758666,48.456242604830955,8.7,True,742.64,exhaustive_ede,0.05653669599996647,11557,,1.5204995927233234,0.0,98,choice
63.839999999999996,23.4,34.0,117.0,21.0,0.8955839057899901,0.19145299145299144,0.06018049402951804,24.008361230973982,2.6153846153846154,True,63.839999999999996,ours,0.011344872000108808,1169,177.0,0.0,0.1509003699321034,99,choice
124.24000000000001,19.6,39.0,98.0,29.0,0.7556254917387883,0.2979591836734694,0.1504837428987913,20.86050353115304,3.9,True,124.24000000000001,ours_ede,0.011180071999888241,1190,180.0,0.9461152882205517,0.0,99,choice
238.23999999999995,25.4,52.0,127.0,42.0,0.7303146932306995,0.3212598425196851,0.18104371489785345,27.18496777890416,5.2,True,238.23999999999995,centroid,4.689000206781202e-06,7,,2.7318295739348364,0.3031788872356881,99,choice
238.23999999999995,25.4,52.0,127.0,42.0,0.7303146932306995,0.3212598425196851,0.18104371489785345,27.18496777890416,5.2,True,238.23999999999995,weighted_centroid,1.1782000001403503e-05,7,,2.7318295739348364,0.3031788872356881,99,choice
174.96,25.2,46.0,126.0,36.0,0.784,0.288888888888889,0.14143722522112437,26.58198779968594,4.6,True,174.96,geometric_median,4.3752000010499614e-05,7,,1.7406015037593987,0.2742735456978997,99,choice
124.24000000000001,19.6,39.0,98.0,29.0,0.7556254917387883,0.2979591836734694,0.1504837428987913,20.86050353115304,3.9,True,124.24000000000001,min_sum,0.016239287999951557,3234,,0.9461152882205517,0.0,99,choice
80.56,23.8,32.0,119.0,21.0,0.8754868624420402,0.1983193277310924,0.07784616609656644,24.520892540415087,2.909090909090909,True,80.56,min_max,0.015745962999972107,3234,,0.26190476190476203,0.17546983004488023,99,choice
63.839999999999996,23.4,34.0,117.0,21.0,0.8955839057899901,0.19145299145299144,0.06018049402951804,24.008361230973982,2.6153846153846154,True,63.839999999999996,min_range,0.016165970999963974,3234,,0.0,0.1509003699321034,99,choice
81.03999999999999,23.6,35.0,118.0,23.0,0.8729780564263323,0.20677966101694922,0.07736489744905042,24.33847962210859,2.9166666666666665,True,81.03999999999999,random,0.004829915000073015,700,,0.26942355889724307,0.16672541416661144,99,choice
63.839999999999996,23.4,34.0,117.0,21.0,0.8955839057899901,0.19145299145299144,0.06018049402951804,24.008361230973982,2.6153846153846154,True,63.839999999999996,exhaustive,0.016107060999956957,3234,,0.0,0.1509003699321034,99,choice
124.24000000000001,19.6,39.0,98.0,29.0,0.7556254917387883,0.2979591836734694,0.1504837428987913,20.86050353115304,3.9,True,124.24000000000001,exhaustive_ede,0.016710611999997127,3234,,0.9461152882205517,0.0,99,choice
